<?xml version="1.0" encoding="UTF-8"?>
 <beans xmlns="http://www.springframework.org/schema/beans"
        xmlns:xsi="http://www.w3.org/2001/XMLSchema-instance"
        xmlns:context="http://www.springframework.org/schema/context"
        xmlns:aop="http://www.springframework.org/schema/aop"
        xmlns:mvc="http://www.springframework.org/schema/mvc"
        xmlns:tx="http://www.springframework.org/schema/tx"
        xsi:schemaLocation="http://www.springframework.org/schema/beans http://www.springframework.org/schema/beans/spring-beans-3.1.xsd
             http://www.springframework.org/schema/context http://www.springframework.org/schema/context/spring-context-3.1.xsd
             http://www.springframework.org/schema/aop http://www.springframework.org/schema/aop/spring-aop-3.0.xsd
             http://www.springframework.org/schema/mvc http://www.springframework.org/schema/mvc/spring-mvc-3.1.xsd
             http://www.springframework.org/schema/tx http://www.springframework.org/schema/tx/spring-tx-3.1.xsd"> 
	
	<context:annotation-config />
	<aop:aspectj-autoproxy proxy-target-class="true"/>
	<context:component-scan base-package="controller"/>   
		<context:component-scan base-package="com.espresso.test"/>
	<context:component-scan base-package="com.espresso.commons"/>
	<context:component-scan base-package="com.espresso.remoting"/>  
	<context:component-scan base-package="com.espresso.dao"/>  
	<context:component-scan base-package="com.espresso.session"/>  
	<context:component-scan base-package="com.espresso.service"/>  
	<context:component-scan base-package="com.espresso.tools"/>   
	<context:component-scan base-package="com.espresso.test"/>   
	<context:component-scan base-package="com.icbc.beans"/>  
	<context:component-scan base-package="com.icbc.service"/>  
	<context:component-scan base-package="com.icbc.impl"/>
	<context:component-scan base-package="com.ultimate.service">
		<context:include-filter type="annotation" expression="org.springframework.stereotype.Service" />
	</context:component-scan>  
	<context:component-scan base-package="com.ultimate.impl">
		<context:include-filter type="annotation" expression="org.springframework.stereotype.Service" />
	</context:component-scan> 
	<context:component-scan base-package="com.ultimate.beans">
		<context:include-filter type="annotation" expression="org.springframework.stereotype.Controller" />
	</context:component-scan>  
	
	<context:component-scan base-package="com.ultimate.*.service">
		<context:include-filter type="annotation" expression="org.springframework.stereotype.Service" />
	</context:component-scan>  
	<context:component-scan base-package="com.ultimate.*.impl">
		<context:include-filter type="annotation" expression="org.springframework.stereotype.Service" />
	</context:component-scan> 
	<context:component-scan base-package="com.ultimate.*.beans">
		<context:include-filter type="annotation" expression="org.springframework.stereotype.Controller" />
	</context:component-scan> 
	<context:component-scan base-package="com.ultimate.threads"/>  
<!-- 	<context:component-scan base-package="com.espresso.rmi.test"/>    -->
	<bean class="org.springframework.beans.factory.annotation.AutowiredAnnotationBeanPostProcessor" />
	
	<aop:config proxy-target-class="true">
		<aop:aspect ref="dataSourceAOP">
			<aop:around method="serviceOnRound" pointcut="execution(* com.ultimate.service.*Service.*(..))" />
		</aop:aspect>
	</aop:config>
	
	<aop:config proxy-target-class="true">
		<aop:aspect ref="dataSourceAOP">
			<aop:around method="serviceOnRound" pointcut="execution(* com.ultimate.impl.*Service.*(..))" />
		</aop:aspect>
	</aop:config>
	
	<aop:config proxy-target-class="true">
		<aop:aspect ref="dataSourceAOP">
			<aop:around method="serviceOnRound" pointcut="execution(* com.ultimate.*.service.*Service.*(..))" />
		</aop:aspect>
	</aop:config>
	
	<aop:config proxy-target-class="true">
		<aop:aspect ref="dataSourceAOP">
			<aop:around method="serviceOnRound" pointcut="execution(* com.ultimate.*.impl.*Service.*(..))" />
		</aop:aspect>
	</aop:config>
	
	<aop:config proxy-target-class="true">
		<aop:aspect ref="dataSourceAOP">
			<aop:around method="serviceOnRound" pointcut="execution(* com.ultimate.*.impl.*ServiceImpl.*(..))" />
		</aop:aspect>
	</aop:config>

	<aop:config proxy-target-class="true">
		<aop:aspect ref="dataSourceAOP">
			<aop:around method="serviceOnRound" pointcut="execution(* com.ultimate.threads.*Service.*(..))" />
		</aop:aspect>
	</aop:config>
	
	<aop:config proxy-target-class="true">
		<aop:aspect ref="dataSourceAOP">
			<aop:around method="serviceOnRound" pointcut="execution(* com.ultimate.service.*.impl.*ServiceImpl.*(..))" />
		</aop:aspect>
	</aop:config>
	
	<aop:config proxy-target-class="true">
		<aop:aspect ref="beanTransactionAOP">
			<aop:around method="serviceOnRound" pointcut="execution(* com.ultimate.*.beans.*Bean.*(..))" />
		</aop:aspect>
	</aop:config>
	
 </beans>