<?xml version="1.0" encoding="UTF-8" ?>
<configuration>
<property name="USER_HOME" value="D:/logs" />

 <appender name="FILE" class="ch.qos.logback.core.rolling.RollingFileAppender">
   <file>${USER_HOME}/logFile.log</file>
   <rollingPolicy class="ch.qos.logback.core.rolling.TimeBasedRollingPolicy">
     <!-- daily rollover -->
     <fileNamePattern>${USER_HOME}/logFile.%d{yyyy-MM-dd}.log</fileNamePattern>

     <!-- keep 30 days worth of history -->
     <maxHistory>7</maxHistory> 
   </rollingPolicy>

   <encoder charset="UTF-8">
     <pattern>%d{HH:mm:ss.SSS} [%thread] %-5level %logger{36} - %msg%n</pattern>
   </encoder>
 </appender> 
 
   <appender name="SIFT" class="ch.qos.logback.classic.sift.SiftingAppender">
   <discriminator>
      <Key>custID</Key>
      <DefaultValue>default</DefaultValue>
   </discriminator>
   <sift>
     <appender name="FILE-${custID}" class="ch.qos.logback.core.rolling.RollingFileAppender">
       <file>${USER_HOME}/${custID}/logFile.log</file>
       <Append>false</Append>
       <layout class="ch.qos.logback.classic.PatternLayout">
         <Pattern>%d{HH:mm:ss.SSS} [%thread] %-5level %logger{36} - %msg%n</Pattern>
       </layout>
       <rollingPolicy class="ch.qos.logback.core.rolling.TimeBasedRollingPolicy">
         <!-- daily rollover -->
         <FileNamePattern>${USER_HOME}/${custID}/logFile.%d{yyyy-MM-dd}-%i.log</FileNamePattern>
         <!-- keep 7 days worth of history -->
      	 <maxHistory>7</maxHistory> 
      	 <timeBasedFileNamingAndTriggeringPolicy class="ch.qos.logback.core.rolling.SizeAndTimeBasedFNATP">
			<maxFileSize>500MB</maxFileSize>
		 </timeBasedFileNamingAndTriggeringPolicy>
       </rollingPolicy> ݃
       <encoder charset="UTF-8">
         <pattern>%d{HH:mm:ss.SSS} [%thread] %-5level %logger{36} - %msg%n</pattern>
       </encoder>
     </appender>
   </sift>
 </appender>
 
  <appender name="STDOUT"
    class="ch.qos.logback.core.ConsoleAppender">
    <!-- encoders are assigned by default the type
         ch.qos.logback.classic.encoder.PatternLayoutEncoder -->
    <encoder charset="UTF-8">
      <pattern>%d{HH:mm:ss.SSS} [%thread] %-5level %logger{36}:%line - %msg%n</pattern>
    </encoder>
  </appender> 
  
  <appender name="STASH"
    class="net.logstash.logback.appender.LogstashTcpSocketAppender">
    <!-- encoders are assigned by default the type
         ch.qos.logback.classic.encoder.PatternLayoutEncoder -->
    <remoteHost>109.6.13.153</remoteHost>
    <port>4561</port>
    <encoder class="net.logstash.logback.encoder.LogstashEncoder">
    </encoder>
  </appender> 
  
  <appender name="UDP"
    class="net.logstash.logback.appender.LogstashSocketAppender">
    <!-- encoders are assigned by default the type
         ch.qos.logback.classic.encoder.PatternLayoutEncoder -->
    <syslogHost>109.6.13.153</syslogHost>
    <port>4560</port>
    <encoder class="net.logstash.logback.encoder.LogstashEncoder">
    </encoder>
  </appender> 
  
<logger name="org.springframework" level="INFO" />
<logger name="com.espresso.remoting.ZooKeeperHelper" level="INFO" />
<logger name="com.espresso" level="DEBUG" />
<logger name="org.apache.zookeeper" level="INFO" />
  <root level="DEBUG">
    <appender-ref ref="STDOUT" />
    <appender-ref ref="SIFT" />
  </root>
</configuration>

