<?xml version="1.0" encoding="UTF-8"?>
<beans xmlns="http://www.springframework.org/schema/beans"
	xmlns:xsi="http://www.w3.org/2001/XMLSchema-instance"
	 xmlns:aop="http://www.springframework.org/schema/aop" 
	xmlns:context="http://www.springframework.org/schema/context"   
		 xsi:schemaLocation="http://www.springframework.org/schema/beans
		 		http://www.springframework.org/schema/beans/spring-beans-2.0.xsd
				http://www.springframework.org/schema/context    
				http://www.springframework.org/schema/context/spring-context-2.5.xsd		
				http://www.springframework.org/schema/aop 
				http://www.springframework.org/schema/aop/spring-aop-2.0.xsd">

	<description>Spring公共配置文件</description>
  	<!--  <bean id="daoThread" class="com.longkey.commons.util.DaoThread" lazy-init="false">
		<property name="runFlag" value="true"></property>
	</bean>
 	<bean   class="com.longkey.commons.util.SpringContextHolder" lazy-init="false"></bean>
 	<bean id="ehcacheManager" class="org.springframework.cache.ehcache.EhCacheManagerFactoryBean">
		<property name="configLocation" value="classpath:/ehcache.xml" />
	</bean>
	<bean id="lecCacheManager" class="com.longkey.commons.util.LECCacheManager">
	 
	</bean>   
	 -->
	 
	<bean id='localCacheHolder' class="com.longkey.commons.util.LocalCacheHolder" init-method="init"></bean>
	<bean id="sqlString" class="com.icbc.tool.Sqls">
	<!-- 	<property name="productListSqltest"  >
			<value>
				<![CDATA[ 
				        SELECT * 
				        FROM scm_product_tbl ##产品表（注释）
				        WHERE 1=1 
				        #if ($vendorPartNo) 
				        AND vendorPartNo=? 
				        #end 
				        #if ($category_id) 
				        AND category_id=? 
				        #end 
				         
				        ORDER BY id 
				        ]]>			
		   </value>
		</property> -->
				    <property name="searchProducSql"  >
			<value>
				<![CDATA[ 
		      select t.* from ( select
							p.fileType,
							p.id as pId, 
							p.lastupdatetime, 
							pp.defaultPrice as defaultPriceIII,
							p.category_id, ##分类ID
							p.vendorPartNo, ##制造商编号 
							pp.supplierId,##供应商ID
							pp.partNo ##批发商编号
							, round( pp.cost*1.0+(0.0),2) as defaultPrice , 
							pp.sellPrice, 
							pp.refurbishedPrice,##翻新价格
							pp.priceSelect,##使用价格，0：使用当前价格，1：使用厂家建议零售价，2：供应商建议零售价
							pp.stockLevel,##库存量 
							pp.status, ##状态 0：启用，1：停用
							pp.onPromotion, 
							p.productSize,##产品尺寸(L*W*H) 
							p.productWeight,##产品重量
							p.createTime, 
							pp.soldQuantity, ##累计销售数量
						    pp.demoPrice, ##样品价格
							pp.usedPrice,##二手价格
						    p.lockContent, ##是否锁定产品（锁定：该产品信息将不能被修改 )）
							pp.hidePrice, ##是否影藏价格0：否
							##pp.onRebate,##是否有折扣0：否，1：有折扣 
							pp.rebatePrice,##折扣价
							##pp.rebateExpireDate,##折扣截止日期
							##数据有错，暂时注释pp.rebateExpireDate, 
							pp.supplierName,##供应商名称
							p.preferential, 
							0 as pointValue, ##积分换购
							0 as pointPrice, ##积分换购价格 
							p.picFileName,
							v.vendorname,
							##pp.status,
							v.logoFilePath,
							p.vendor_id,
							#ap.selSpec,
							 p.id as formerProductId,
							pp.cost
							,pp.price1  ##当做用户浏览的价格
							,pp.price1 as defaultPriceII  ,##默认用户类型价格
							$DMONE_ADDRESS as donameAddress,
							p.autoStock,
							p.msrp,
							pp.supplierMSRP,
							p.unitName,
							p.unitNameII,
							p.conversionRate,
							p.decimalDigits,
							vist.vistors,
							 p.shipFee as  shipFee,
							 p.productName,
							 p.json_feature						
							from  $PPNAME.scm_product_tbl p                          
							left join $PPNAME.scm_product_personal_jhyhfz_tbl pp on  pp.id =p.id
							left join $PPNAME.scm_vendor_tbl v on p.vendor_id = v.id
							left join $PPNAME.stat_product_browse_history_sum_tbl vist on p.id = vist.productId
							where 1=1   and (p.client='share' or (p.client <> 'share' and pp.id is not null) )
						    AND p.id  in (?)  AND pp.delFlag<>'1' 
						     and pp.catalogId like '%A1B%' 					       
					        )t 
				        ]]>			
		   </value>
		</property> 
		    <property name="productListSqlII"  >
			<value>
				<![CDATA[ 
                  select							
						p.id, 
						#p.category_id as categoryId,
						c.categoryName,
						#ifnull(pat.bargin_count,0) as bargin_count,
						#ifnull(pat.fav_count,0) as collect_count,
						p.lastupdatetime, 				
						p.category_id, ##分类ID
						p.picFileName,
						p.picFilePath,
						p.productName,
						p.json_feature,
						p.fileType,##捻向
						p.model,##纱种
						p.unitName,
						p.productSize,##规格
						p.type_id,
						c.categoryAliasName				
					from scm_product_tbl p 
					left join scm_categorydesc_tbl c on p.category_id=c.category_id 
					#left join scm_product_analysis_tbl pat on pat.product_id = p.id 	
					where 1=1   
					    AND p.id = '$productId'		
					    AND p.productName = '$productName'	    
				]]>			
		   </value>
		</property> 
		
	    <property name="productListSql"  >
			<value>
				<![CDATA[ 
				      select t.* from ( select
							ps.product_id, 
							##p.productWeight,
							p.id as pId, 
							ps.productName,##产品名称
							p.category_id, ##分类ID
							p.vendorPartNo, ##制造商编号 
							case when pp.supplierId=0 then  pparent.supplierId else pp.supplierId end as supplierId,##供应商ID
							#pp.supplierId,##供应商ID
							pp.partNo, ##批发商编号
							pp.defaultPrice, 
							pp.sellPrice, 
							pp.refurbishedPrice,##翻新价格
							pp.priceSelect,##使用价格，0：使用当前价格，1：使用厂家建议零售价，2：供应商建议零售价
							pp.stockLevel,##库存量 
							pp.status, ##状态 0：启用，1：停用
							pp.onPromotion, 
							ps.promotionName,##别名promotionName
							p.productSize,##产品尺寸(L*W*H) 
							p.productWeight,##产品重量
							p.createTime, 
							pp.soldQuantity, ##累计销售数量
						    pp.demoPrice, ##样品价格
							pp.usedPrice,##二手价格
						    p.lockContent, ##是否锁定产品（锁定：该产品信息将不能被修改 )）
							pp.hidePrice, ##是否影藏价格0：否
							##pp.onRebate,##是否有折扣0：否，1：有折扣 
							pp.rebatePrice,##折扣价
							##pp.rebateExpireDate,##折扣截止日期
							##数据有错，暂时注释pp.rebateExpireDate, 
							ps.shortDesc, ##简述
							ps.promotionDesc, ##促销描述
							ps.detailDesc, ##详细描述
							ps.compatibility, ##兼容信息
							ps.requirement,##前提要求
							ps.specifications,##参数
							ps.keyfeatures, ##特征
							ps.includes,## 物品清单
							pp.supplierName,##供应商名称
							p.preferential, 
							case when p.picFileName is  null or p.picFileName='' then  parent.picFileName else p.picFileName end as picFileName,
							v.vendorname,
							##pp.status,
							v.logoFilePath,
							p.vendor_id,
							ap.selSpec,
							case when p.formerProductId>0 then p.formerProductId else p.id end as formerProductId,
							pp.cost
							CUUR_PRICE,
							p.autoStock
							from scm_product_search_tbl ps 
							left join scm_product_tbl p on case when p.formerProductId>0 then  
							                                    ps.product_id =p.formerProductId 
							                                    else  ps.product_id=p.id end ##ps.product_id=p.id 
							left join scm_product_tbl parent on parent.id=  p.formerProductId ##父产品                                
							left join scm_product_personal_$virtualHost_tbl pp on  pp.id =p.id ##ps.product_id=pp.id 
							left join scm_product_personal_$virtualHost_tbl pparent on  pparent.id =parent.id ##ps.product_id=pp.id 
							left join scm_vendor_tbl v on p.vendor_id = v.id
							left join  (###规格产品时查出它的规格如：颜色分类: 大红 尺码: XL
					            select  
										 t.id,group_concat( concat(t.fvalue,':',t.pfvalue)) as selSpec 
										 from (
										 select p.id,cf.feature_id,v.value as fvalue,
										  case when f.colour='1' then substring(pf.value,INSTR(pf.value,':')+1)  else   pf.value end as pfValue,
										  pp.cost as ggPrice
										 
										 from  scm_product_tbl p, product_feature pf, 
										 category_feature cf, feature f, vocabulary v, 
										 scm_product_personal_$virtualHost_tbl pp 
										 where  pf.product_id=p.id  
										 and cf.category_feature_id=pf.category_feature_id
										 and v.sid=f.sid and f.feature_id=cf.feature_id  
										 and pp.id=p.id and    p.formerProductId >0
										 and p.id in ?)t group by t.id
					        ) ap on ap.id=p.id
							where 1=1   and (p.client='share' or (p.client <> 'share' and pp.id is not null) )
						    AND p.id  in ?  ##and (p.formerProductId is null or p.formerProductId =0)   ##p.formerProductId is null主产品
					        and ps.languageName='zh-cn'
					        )t 
					        
				        ]]>			
		   </value>
		</property> 
		
			    <property name="productFeatureSql"  >
			<value>
				<![CDATA[ 
				        select t.* from (select  pf.product_id as product_id,
                                fvoc.value as featurename,  
								pf.value as pfvalue,
								mvoc.value as measureName, 
								fgvoc.value as featureGroupName 
				         from product_feature pf 
                         left join category_feature cf  on pf.category_feature_id=cf.category_feature_id    
					     ##left join category c on c.catid=cf.catid
					     left join feature f on f.feature_id= cf.feature_id 
                         left join vocabulary cvoc on cvoc.sid=f.sid 
					     left join vocabulary fvoc on fvoc.sid=f.sid  
					     left join measure m on m.measure_id=f.measure_id 
                         left join vocabulary  mvoc on mvoc.sid=m.sid  
						 left join category_feature_group cfg on cfg.category_feature_group_id=cf.category_feature_group_id 
						 left join feature_group fg on fg.feature_group_id=cfg.feature_group_id 
						 left join vocabulary  fgvoc on fgvoc.sid=fg.sid  
						 left join scm_product_tbl p  on p.id=pf.product_id  
			     		 left join scm_product_search_tbl ps  on p.id=ps.product_id   
				 	     where p.id in (?)
                         ##and f.type=0  
                         and cf.isSaleProp='0'
                         and cf.parent_feature_restricted_id is null 
                         and cf.parent_category_feature_id is null  
                         order by fg.feature_group_id ,f.feature_id
					      )t  
				        ]]>			
		   </value>
		</property> 
		   <property name="productFeatureSqlII"  >
			<value>
				<![CDATA[ 
				         select t.*
				          from (select  pf.product_id as product_id,
				        	 
                                fvoc.value as featurename,  
								pf.value as pfvalue,
								mvoc.value as measureName, 
								fgvoc.value as featureGroupName 
				         from $PPNAME.product_feature pf 
                         left join $PPNAME.category_feature cf  on pf.category_feature_id=cf.category_feature_id 
					     ##left join category c on c.catid=cf.catid
					     left join $PPNAME.feature f on f.feature_id= cf.feature_id 
                         left join $PPNAME.vocabulary cvoc on cvoc.sid=f.sid 
					     left join $PPNAME.vocabulary fvoc on fvoc.sid=f.sid  
					     left join $PPNAME.measure m on m.measure_id=f.measure_id 
                         left join $PPNAME.vocabulary  mvoc on mvoc.sid=m.sid  
						 left join $PPNAME.category_feature_group cfg on cfg.category_feature_group_id=cf.category_feature_group_id 
						 left join $PPNAME.feature_group fg on fg.feature_group_id=cfg.feature_group_id 
						 left join $PPNAME.vocabulary  fgvoc on fgvoc.sid=fg.sid  
						 left join $PPNAME.scm_product_tbl p  on p.id=pf.product_id  
			     		 left join $PPNAME.scm_product_search_tbl ps  on p.id=ps.product_id   
				 	     where p.id in (?)
                         ##and f.type=0  
                         and cf.isSaleProp='0'
                         #and cf.parent_feature_restricted_id is null 
                         #and cf.parent_category_feature_id is null  
                        ## order by fg.feature_group_id ,f.feature_id
                            order by   cf.no,  fvoc.value
					      )t   ##group by t.record_id
				        ]]>			
		   </value>
		</property> 
			    <property name="findFeaturesByCategoryIdSql"  >
			<value>
				<![CDATA[ 
				         select t.* from (select
              				f.feature_id,
              				fr.feature_restricted_id,
							cf.category_feature_id,
							fr.restrictedvalue,
							ms.value,
							fg_v.value as fgvalue,
							f_v.value  as fvvalue,
							f.colour
							from feature_restricted fr
							left join feature f on fr.feature_id=f.feature_id
							left join vocabulary f_v on f_v.sid=f.sid   
							left join category_feature cf on fr.feature_id=cf.feature_id
							left join category_feature_group cfg on cf.category_feature_group_id=cfg.category_feature_group_id
							left join feature_group fg on fg.feature_group_id=cfg.feature_group_id  
							left join vocabulary fg_v on fg.sid=fg_v.sid
							left join measure m on m.measure_id=f.measure_id
							left join measure_sign ms on ms.measure_id=m.measure_id   
							left join scm_category_tbl sct on sct.icecatCatId=cf.catid
							where sct.id=? and fr.cid=sct.icecatCatId and cf.isEnumProp='1' and f.pid <> 20000)t order by t.feature_id, t.restrictedvalue;
				        ]]>			
		   </value>
		</property>  
		
		
		<property name="orderProductListSql"  >
			<value>
				<![CDATA[ 
				      select t.* from ( select
							ps.product_id, 
							ps.productName, 
							p.category_id, 
							p.vendorPartNo,  
							pp.supplierId, 
							pp.partNo, 
							pp.defaultPrice, 
							pp.sellPrice, 
							pp.refurbishedPrice, 
							pp.priceSelect, 
							pp.stockLevel, 
							pp.status, 
							pp.onPromotion, 
							ps.promotionName, 
							p.productSize, 
							p.productWeight, 
							p.createTime, 
							pp.soldQuantity ,
						    pp.demoPrice, 
							pp.usedPrice, 
						    p.lockContent,  
							pp.hidePrice,  
						 
							pp.rebatePrice, 
						 
							ps.shortDesc,  
							ps.promotionDesc, 
							ps.detailDesc,  
							ps.compatibility, 
							ps.requirement, 
							ps.specifications, 
							ps.keyfeatures,  
							ps.includes, 
							pp.supplierName, 
							p.preferential, 
							p.picFileName ,
							v.vendorname,
							p.vendor_id,
							'  ' as selSpec,
							ordertbl.id as orderId,
							ordertbl.shippingprice,
							ordertbl.subtotal,
							ordertbl.total,
							orderproducttbl.price as orderProductPrice,
							orderproducttbl.quantity,
							ordertbl.orderStatus,
				            DATE_FORMAT(ordertbl.createTime,'%Y-%m-%d %T') as orderCreateTime,
				            p.id,
							pp.cost
						 
							from  scm_order_tbl ordertbl  
				             inner JOIN scm_order_product_tbl orderproducttbl ON  orderproducttbl.order_id = ordertbl.id 
				             INNER JOIN lec_member_tbl AS membertbl ON ordertbl.member_id = membertbl.id 
				             inner join $PPHost.scm_product_tbl p on  orderproducttbl.productid=p.id 
							 inner join $PPHost.scm_product_search_tbl ps  on case when p.formerProductId>0 then  
							                                                          ps.product_id =p.formerProductId 
							                                                           else  ps.product_id=p.id end
							 inner join $PPHost.scm_product_personal_$virtualHost_tbl pp on  pp.id =p.id ##ps.product_id=pp.id 
							 left join  $PPHost.scm_vendor_tbl v on p.vendor_id = v.id
							
							where 1=1 and (p.client='share' or (p.client <> 'share' and pp.id is not null) )
						    AND   membertbl.account_id = :account_id  AND ordertbl.orderStatus IN (:orderStatus)
					        
					        )t
					        
				        ]]>			
		   </value>
		</property> 
		
		<property name="productSpecSql"  >
			<value>
				<![CDATA[ 
				          select  
										 t.id,group_concat( concat(t.fvalue,':',t.pfvalue)) as selSpec from (
										 select p.id,cf.feature_id,v.value as fvalue,
										 pf.value as pfValue,pp.cost as ggPrice
										 from  $PPHost.scm_product_tbl p, $PPHost.product_feature pf, 
										 $PPHost.category_feature cf, $PPHost.feature f, $PPHost.vocabulary v, 
										 $PPHost.scm_product_personal_$virtualHost_tbl pp 
										 where  pf.product_id=p.id  
										 and cf.category_feature_id=pf.category_feature_id
										 and v.sid=f.sid and f.feature_id=cf.feature_id  
										 and pp.id=p.id and    p.formerProductId >0
										 and  p.id in (?)
										 )t group by t.id
					        
				        ]]>			
		   </value>
		</property> 
		
		
		<!-- 仅获取产品的基本信息（主产品），不包括feature billy增加 -->
		  <property name="onlyProductListSql"  >
			<value>
				<![CDATA[ 
				      select t.* from ( select
							ps.product_id, 
							p.id as pId, 
							ps.productName,##产品名称
							p.category_id, ##分类ID
							p.vendorPartNo, ##制造商编号 
							pp.supplierId,##供应商ID
							pp.partNo, ##批发商编号
							pp.defaultPrice, 
							pp.sellPrice, 
							pp.refurbishedPrice,##翻新价格
							pp.priceSelect,##使用价格，0：使用当前价格，1：使用厂家建议零售价，2：供应商建议零售价
							pp.stockLevel,##库存量 
							pp.status, ##状态 0：启用，1：停用
							pp.onPromotion, 
							ps.promotionName,##别名promotionName
							p.productSize,##产品尺寸(L*W*H) 
							p.productWeight,##产品重量
							p.createTime, 
							pp.soldQuantity, ##累计销售数量
						    pp.demoPrice, ##样品价格
							pp.usedPrice,##二手价格
						    p.lockContent, ##是否锁定产品（锁定：该产品信息将不能被修改 )）
							pp.hidePrice, ##是否影藏价格0：否
							##pp.onRebate,##是否有折扣0：否，1：有折扣 
							pp.rebatePrice,##折扣价
							##pp.rebateExpireDate,##折扣截止日期
							##数据有错，暂时注释pp.rebateExpireDate, 
							ps.shortDesc, ##简述
							ps.promotionDesc, ##促销描述
							ps.detailDesc, ##详细描述
							ps.compatibility, ##兼容信息
							ps.requirement,##前提要求
							ps.specifications,##参数
							ps.keyfeatures, ##特征
							ps.includes,## 物品清单
							pp.supplierName,##供应商名称
							p.preferential, 
							case when p.picFileName is  null or p.picFileName='' then  parent.picFileName else p.picFileName end as picFileName,
							v.vendorname,
							p.vendor_id,
							case when p.formerProductId>0 then p.formerProductId else p.id end as formerProductId,
							pp.cost
							CUUR_PRICE
							from scm_product_search_tbl ps 
							left join scm_product_tbl p on case when p.formerProductId>0 then  
							                                    ps.product_id =p.formerProductId 
							                                    else  ps.product_id=p.id end ##ps.product_id=p.id 
							left join    scm_product_tbl parent on parent.id=  p.formerProductId ##父产品                                
							left join scm_product_personal_$virtualHost_tbl pp on  pp.id =p.id ##ps.product_id=pp.id 
							left join  scm_vendor_tbl v on p.vendor_id = v.id
							where 1=1 and (p.client='share' or (p.client <> 'share' and pp.id is not null) )
						    AND p.id  in ?  ##and (p.formerProductId is null or p.formerProductId =0)   ##p.formerProductId is null主产品
					        
					        )t 
					        
				        ]]>			
		   </value>
		</property> 
		<!-- 尚未使用 -->
			<property name="specSql"  >
			<value>
				<![CDATA[ 
				     select t.* from (
							select  t.id as pId,t.formerProductId ,  
							group_concat(t.fvalue order by t.feature_id SEPARATOR '_$_') as fvalue,  
							group_concat(t.pfvalue order by t.feature_id SEPARATOR '_$_') as pfvalue  ,
							t.cost,t.usedPrice,t.colour,t.stockLevel, t.type_id
							from (
							select p.id,p.formerProductId,cf.feature_id,
							v.value as fvalue,
							case when pf.aliasName is null then  pf.value else pf.aliasName end  as pfValue, 
							##pf.value as pfValue, 
							pp.cost,f.colour,
							TACTICS_PRICE ,
							  pp.stockLevel,
							  p.type_id
							from  scm_product_tbl p,  product_feature pf,  category_feature cf,  feature f,  vocabulary v,  scm_product_personal_$virtualHost_tbl pp  
							where p.formerProductId >0# in(19,8,21,14,7,22,13,16,1,2,12,15,23,11)  
							and  pf.product_id=p.id  
							and cf.category_feature_id=pf.category_feature_id  
							and v.sid=f.sid 
							and f.feature_id=cf.feature_id   
							and pp.id=p.id 
							# and pp.stockLevel > 0
						 #if ($pId) 
				            and p.id in (?) 
				         #end 
				         #if ($formerProductId) 
				             and p.formerProductId in (?) 
				         #end 
							order by p.id,v.record_id)t
							group by t.id order by pfvalue)t
				        ]]>			
		   </value>
		</property> 	
				<property name="specSqlII"  >
			<value>
				<![CDATA[ 
				     select t.* from (
							select  t.id as pId,t.formerProductId , t.unitName, t.unitNameII, t.conversionRate,	t.decimalDigits, 
							group_concat(t.fvalue order by t.feature_id SEPARATOR '_$_') as fvalue,  
							group_concat(t.pfvalue order by t.feature_id SEPARATOR '_$_') as pfvalue  ,
							##group_concat(case when t.aliasName is null then '  ' else t.aliasName end  order by t.feature_id SEPARATOR '_$_') as aliasName  ,
							t.cost,t.usedPrice,t.colour,t.stockLevel,t.type_id
							from (
							select p.id,p.formerProductId,cf.feature_id,
							v.value as fvalue,
							case when pf.aliasName is null then  pf.value else pf.aliasName end  as pfValue, 
							##pf.aliasName,规格加上别名，客户要求显示产品自有的颜色名称
							pp.cost,f.colour,
							p.unitName,
							p.unitNameII,
							p.conversionRate,
							p.decimalDigits,
							TACTICS_PRICE ,
							  pp.stockLevel,
							  p.type_id
							from  $PPNAME.scm_product_tbl p,  $PPNAME.product_feature pf,  $PPNAME.category_feature cf,  
									$PPNAME.feature f,  $PPNAME.vocabulary v,  $PPNAME.scm_product_personal_$virtualHost_tbl pp  
							where #p.formerProductId >0 and 
							 pf.product_id=p.id  
							and cf.category_feature_id=pf.category_feature_id  
							and v.sid=f.sid 
							and f.feature_id=cf.feature_id   
							and pp.id=p.id 
							# and pp.stockLevel > 0
						 #if ($pId) #被选中的
				            and p.id in (?) 
				         #end 
				         #if ($formerProductId) 
				             and p.formerProductId in (?) 
				         #end 
							order by p.id,v.record_id)t
							group by t.id order by pfvalue)t
				        ]]>			
		   </value>
		</property> 
		
		
	</bean>
<!-- 定期执行的业务类 
	<bean id="jdkExecutorJob" class="com.longkey.commons.util.JdkExecutorJob" lazy-init="false">
		<property name="period" value="86400" />
		<property name="initialDelay" value="5" />
		<property name="shutdownTimeout" value="20" />
	</bean>
	-->
	<!-- 定期执行的礼品券业务类 
	<bean id="JdkExecutorCashJob" class="com.longkey.commons.util.JdkExecutorCashJob" lazy-init="false">
		
		<property name="period" value="300" />
		
		<property name="initialDelay" value="20" />
		
		<property name="shutdownTimeout" value="20" />
	</bean>
-->
 <!-- 每次执行间隔5分钟，由于系统没有quize包，用jdk执行，不能指定开始执行时间，项目启动开始 -->
 <!-- 首次执行延期2秒 -->
 <!-- shutdown时等待任务完成, 最多等待20秒 -->
 
</beans>