<?xml version="1.0" encoding="UTF-8" ?>
<!DOCTYPE configuration PUBLIC "-//mybatis.org//DTD Config 3.0//EN" "http://mybatis.org/dtd/mybatis-3-config.dtd">
<configuration>
<!-- 
	Now that the behavior of MyBatis is configured with the above configuration elements, we’re ready to define our mapped SQL statements. But first, we need to tell MyBatis where to find them. 
	Java doesn’t really provide any good means of auto-discovery in this regard, so the best way to do it is to simply tell MyBatis where to find the mapping files.
	You can use class path relative resource references, or literal, fully qualified url references (including file:/// URLs).
 -->
 <typeAliases>
			<typeAlias alias="Customer" type="com.icbc.client.Customer"/>
  </typeAliases>
	<mappers>
		<mapper resource="sqlmap/core.xml"  />
		<mapper resource="sqlmap/standardCommon.xml"  />
		<mapper resource="sqlmap/test.xml"  />
		<mapper resource="sqlmap/standardOrder.xml"  />
		<mapper resource="sqlmap/standardCart.xml"  />
		<mapper resource="sqlmap/standardFav.xml"  />
		<mapper resource="sqlmap/standardProduct.xml"  />
		<mapper resource="sqlmap/standardUser.xml"  />
		<mapper resource="sqlmap/standardBasic.xml"  />
		<mapper resource="sqlmap/standardDealer.xml"  /><!-- 经销商sql配置 -->
		<mapper resource="sqlmap/standardPayment.xml"  /><!-- 经销商sql配置 -->
		<mapper resource="sqlmap/standardMessage.xml"></mapper><!-- 短信部分 -->
		<mapper resource="sqlmap/standardMsgInfo.xml"></mapper><!-- 短信发送信息比对表 -->
		<mapper resource="sqlmap/standardMsgSend.xml"></mapper><!-- 短信发送表 -->
		<mapper resource="sqlmap/standardMsgHistory.xml"></mapper><!-- 短信发送成功历史表 -->
		<mapper resource="sqlmap/standardDelivery.xml"></mapper><!-- 发货单部分 -->
		<mapper resource="sqlmap/standardCompany.xml"></mapper><!-- 分公司部分 -->
		<mapper resource="sqlmap/standardUserRelate.xml"></mapper><!-- 用户关系表 -->
		<mapper resource="sqlmap/remoteCallLock.xml"></mapper><!--审核服务-->
		<!--我的备货计划-->
		<mapper resource="sqlmap/standardPorequestOrder.xml"></mapper>
		<!-- 我的对账单 -->
		<mapper resource="sqlmap/standardStatement.xml"></mapper>
		<!-- 我的发票 -->
		<mapper resource="sqlmap/standardInvoice.xml"></mapper>
		<!-- 发票产品关联 -->
		<mapper resource="sqlmap/standardInvoice_product.xml"></mapper>
		<!-- 接口日志 -->
		<mapper resource="sqlmap/standardInterface.xml"></mapper>
		<!-- 对账单发票关联 -->
		<mapper resource="sqlmap/standardStatement_invoice.xml"></mapper>
		<mapper resource="sqlmap/standardSearch.xml"></mapper>
		<!-- 采购订单模块 -->
		<mapper resource="sqlmap/standardPurchaseOrder.xml"></mapper>
		<!-- 上游发货单 -->
		<mapper resource="sqlmap/standardInstock.xml"></mapper>
		<!-- 上游发票 -->
		<mapper resource="sqlmap/standardPurinvoice.xml"></mapper>
		<!-- 上游退货单 -->
		<mapper resource="sqlmap/standardReturnbill.xml"></mapper>
	    <!-- 上游入库单 -->
		<mapper resource="sqlmap/standardStock.xml"></mapper>
	    <!-- 上游付款单 -->
		<mapper resource="sqlmap/standardFactoringPayment.xml"></mapper>
		<!-- 上游我的贷款 -->
		<mapper resource="sqlmap/standardLoan.xml"></mapper>
		<!-- 上游产品信息日终同步 -->
		<mapper resource="sqlmap/standardMaterials.xml"></mapper>
		
		
		<!-- 统计 -->
		<mapper resource="sqlmap/standardReport.xml"></mapper>
	    <!-- 上游发料车 -->
		<mapper resource="sqlmap/standardDeliveryCart.xml"></mapper>
	    <!-- 订单明细发料车 -->
		<mapper resource="sqlmap/standardDetailBasedDeliveryCart.xml"></mapper>
		<!-- 上游结账清单 -->
		<mapper resource="sqlmap/standardSettleOrder.xml"></mapper>
		<!-- 上游录入发票 -->
		<mapper resource="sqlmap/standardEntryPurchase.xml"></mapper>
		
		<!-- 补填手机号 -->
		<mapper resource="sqlmap/union.xml"></mapper>
		<!-- 电子回单 -->
		<mapper resource="sqlmap/standardReceipt.xml"></mapper>
		<!-- 操作记录 -->
		<mapper resource="sqlmap/standardOperation.xml"></mapper>
		<!-- 地址操作 -->
		<mapper resource="sqlmap/standardAddress.xml"></mapper>
		<!-- 公告栏操作-->
		<mapper resource="sqlmap/standardBoard.xml"></mapper>
		<mapper resource="sqlmap/standardConfig.xml"></mapper>
		<!-- 新建发票模块-->
		<mapper resource="sqlmap/standardInvoiceCart.xml"></mapper>
		
		<!-- dayuannew特性化接口 -->
		<!-- 仓库信息同步 -->
		<mapper resource="sqlmap/standardStorehouse.xml"></mapper>
		<!-- 计量单位信息同步 -->
		<mapper resource="sqlmap/standardMeasurement.xml"></mapper>
		<!-- 主页温馨提醒数据获取 -->
		<mapper resource="sqlmap/standardWarm.xml"></mapper>
		
		
		<!-- 审批模块 -->
		<mapper resource="sqlmap/standardApprove.xml"></mapper>
		<mapper resource="sqlmap/standardWorkflow.xml"></mapper>
		<!-- 金额字段类型 -->
		<mapper resource="sqlmap/standardMoneyType.xml"></mapper>
	</mappers>
	
</configuration>