<?xml version="1.0" encoding="UTF-8" ?>
<!DOCTYPE mapper PUBLIC "-//mybatis.org//DTD Mapper 3.0//EN" "http://mybatis.org/dtd/mybatis-3-mapper.dtd">

<!-- 基本信息sql配置，如省市 -->
<mapper namespace="remoteCallLock">
	  <select id="getRemoteCallData"
          resultType="hashmap">
	select * 
	<if test="entityStatus != null and entityStatus != '' and joinTableName != null and joinTableName != '' and joinTableName==''">
	     ,joinTableName.${entityStatus} as entityStatus
	</if>
	  from remotecall_lock_tbl 
	
	<if test="joinId != null and joinId != '' and joinTableName != null and joinTableName != '' ">
		left join ${joinTableName} joinTableName on joinTableName.${joinFiledName}=joinId
    </if>
	
	where 1=1 
		<if test="backIdIsNotNull != null">
        and backId is not null
    </if>
    <if test="backIdIsNull != null">
        and backId is  null and createTime <![CDATA[<=]]> ADDDATE(SYSDATE(),INTERVAL -2 MINUTE)
    </if>
     <if test="callFail != null">
        and  createTime <![CDATA[<=]]> ADDDATE(SYSDATE(),INTERVAL -2 MINUTE)
    </if>
	<if test="joinId != null and joinId != ''">
		and joinId=#{joinId}
    </if>
	<if test="backId != null and backId != ''">
         and backId=#{backId}
    </if>
    
    <if test="joinKey != null and joinKey != ''">
         and joinKey=#{joinKey}
    </if>
     <if test="taskKey != null and taskKey != ''">
         and taskKey=#{taskKey}
    </if>
    <if test="hasFinished != null and hasFinished=='true'">
         and hasFinished =true
    </if>
     <if test="hasFinished != null and hasFinished=='false'">
         and hasFinished =false
    </if>
    <if test="isLock != null and isLock=='true'">
         and isLock =true
    </if>
     <if test="isLock != null and isLock=='false'">
         and isLock =false
    </if>
    
  </select>

  
  <insert id="insertRemoteCallLock" useGeneratedKeys="true" keyProperty="id" parameterType="hashmap" >
	insert into remotecall_lock_tbl( createTime,
	 <foreach collection="insertMap" index="key" item="item" separator=",">
	 <if test="null !=insertMap[key]">${key} </if>
	 </foreach>
	 )  values( SYSDATE(), 
	 
	 <foreach collection="insertMap" index="key" item="item" separator=",">
	  <choose>
	   <when test="null !=insertMap[key] and key =='userParam' and null !=insertMap['joinId'] and null !=joint">
	   	(
	   	SELECT  
  		CASE    when t.dataCount>0 then t. userParam else #{item} end  FROM(
		SELECT COUNT(*)   dataCount,o. userParam  FROM  (SELECT   
		(CASE   WHEN LOCATE(#{item},userParam)!=0 THEN userParam else CONCAT(userParam,#{item}) end ) 
		userParam from remotecall_lock_tbl 
 		where joinId =#{insertMap.joinId}   GROUP BY joinId
  		) as  o ) t
         )
	   </when>
	   <when test="null !=insertMap[key] and key !='userParam'">#{item}</when>
	   <when test="null !=item">#{item}</when>
	    <otherwise></otherwise>
	 </choose>
	 </foreach>
	 )
  </insert>
  
    <update id="updateRemoteCallLock">
		update remotecall_lock_tbl set id=id
	 <if test="updateMap!=null and updateMap!=''">	
		,
     <foreach collection="updateMap" index="key" item="item" separator=",">
	 <if test="null !=updateMap[key]">${key}=#{item}</if>
	 </foreach>
	 </if>
		where 1=1
      <if test="whereMap!=null and whereMap!=''">
		<foreach collection="whereMap" index="key" item="item"  >
	 <if test="null !=whereMap[key]"> and ${key}=#{item}</if>
	 </foreach>
	 </if>
	</update>
	
	
	 <insert id="insertError_log"   >
	insert into error_log( createTime,
	 <foreach collection="insertMap" index="key" item="item" separator=",">
	 <if test="null !=insertMap[key]">${key} </if>
	 </foreach>
	 )  values( SYSDATE(), 
	 <foreach collection="insertMap" index="key" item="item" separator=",">
	 <if test="null !=item">#{item}</if>
	 </foreach>
	 )
  </insert>
  
  
  
   <select id="getUnionId"
          resultType="hashmap">
	select   unionId from   scm_account_tbl  where id=#{userId}
    
  </select>
</mapper>