<?xml version="1.0" encoding="UTF-8" ?>
<!DOCTYPE mapper PUBLIC "-//mybatis.org//DTD Mapper 3.0//EN" "http://mybatis.org/dtd/mybatis-3-mapper.dtd">

<!-- 基本信息sql配置，如省市 -->
<mapper namespace="standardBasic">

  <select id="getAreaList"
          resultType="hashmap">
	select * from sys_area_tbl where 1=1 
	<if test="parentId.equals('')">
         and length(areaId) = 12
    </if>
    <if test="!parentId.equals('')">
         and  parentId=#{parentId}
    </if>
  </select>
  
  <!-- 数据字典查询 -->
  <select id="getDictBytypeCode" resultType="hashmap">
      select d.dictId,
      		 d.extField as fieldValue,
      		 d.dictName 
      	 from sys_dictionary_tbl d 
      where d.delTag = '0' and d.state='1'
       <if test="typeCode!=''">
       		and d.typeCode=#{typeCode}
       </if>
  </select>
  
  <!-- 通过传入的用户ID或编号获得分管客户列表 -->
	<select id="getCustomerList" resultType="hashMap">
		select  acc.id,acc.customerId,acc.userName,acc.mobile,acc.email,
		acc.roleId 
		from scm_account_tbl as acc 
		where  1=1
		<if test="id!=''">
			and acc.id <![CDATA[<>]]> #{id}
		</if>
		<if test="keyword != null">
		 	and (acc.customerId like concat('%',#{keyword},'%')  
		 		or acc.userName like concat('%',#{keyword},'%')
		 		or acc.loginName like concat('%',#{keyword},'%')
		 	)
		 </if>
	</select>
	
	<select id="getSecCustomerList" resultType="hashMap">
		select acc1.id as userId,acc1.customerId,acc1.userName,acc1.roleId from scm_user_relate_tbl as rel
		left join
			scm_account_tbl as acc 
			on rel.belongTo = acc.id
		left join
			scm_account_tbl as acc1 
			on rel.userId = acc1.id
		where   rel.belongTo = #{id}
		
	</select>
	
	<select id="getSelfCustomerList" resultType="hashMap">
		select rel.userId,rel.customerId,rel.userName from scm_user_relate_tbl as rel
		where  rel.belongTo = #{id}
	</select>
	
	<select id="getUnRelateCustomerList" resultType="hashMap">
		select  aa.id,aa.customerId,aa.userName,aa.mobile,aa.email,aa.roleId from scm_account_tbl aa
		where 
		FIND_IN_SET(1,aa.roleId) and
		id not in(select cc.userId from scm_user_relate_tbl cc LEFT JOIN scm_account_tbl b 
		on cc.belongTo = b.id where b.roleId !=1 and b.id <![CDATA[<>]]> #{id})
		and id not in(select cc.belongTo from scm_user_relate_tbl cc LEFT JOIN scm_account_tbl b 
		on cc.belongTo = b.id where b.roleId =1)
		
	</select>
	
	  <select id="getUnRelateCustomerCount" resultType="int">
			select  count(1) from scm_account_tbl aa
			where 
			FIND_IN_SET(1,aa.roleId) and
			id not in(select cc.userId from scm_user_relate_tbl cc LEFT JOIN scm_account_tbl b 
			on cc.belongTo = b.id where b.roleId !=1 and b.id <![CDATA[<>]]> #{id})
			and id not in(select cc.belongTo from scm_user_relate_tbl cc LEFT JOIN scm_account_tbl b 
			on cc.belongTo = b.id where b.roleId =1)
		</select>
	
	<!-- 查询所有的经销商信息  add by yfen 2015-04-15 
		改为从	relate表中取所有经销商信息  modified by licj 2015-05-22 
		改为查询account获取所有客户信息，暂不处理区分角色   modified by tanx 2017-08-03
	-->
	<select id="getAllCustomerList" resultType="hashMap">
		select distinct(a.id) as userId,a.customerId,a.userName,a.mobile,a.email from scm_account_tbl a
		  where 1=1
		   <if test="searchKey != null and searchKey !=''">and CONCAT(a.customerId,a.userName) like concat('%',#{searchKey},'%')</if>
	</select>
	
	<select id="getAllCustomerCount" resultType="long">
		select COUNT(DISTINCT(a.id)) from scm_account_tbl a, scm_user_relate_tbl b
		  where a.id = b.userId
		   <if test="searchKey != null and searchKey !=''">and CONCAT(a.customerId,a.userName) like concat('%',#{searchKey},'%')</if>
	</select>
	
	<!-- 根据id查询用户信息  add by yfen 20150623-->
	<select id="getAccountById" resultType="hashmap">
		select a.id as userId,a.customerId,a.userName from scm_account_tbl a where a.id=#{id}
	</select>
	
	<insert id="insertCustomerAccess">
		INSERT INTO scm_user_access_tbl (
			unionId,
			customerId,
			userName,
		  	lastLoginTime,
  			lastLoginIp
  			)	
  		values(
  		    #{unionId},
			#{customerId},
			#{userName},
		  	#{lastLoginTime},
  			#{lastLoginIp})
  	</insert>
	
	<select id="generateSeqNo"  resultType="hashmap">
		 select seq(#{name},#{subName},#{createDate}) as val
	</select>
	
	<select id="getRowsPerPage"  resultType="hashmap">
		 select configValue from scm_conf_tbl where configKey=#{configKey}
	</select>
	<select id="selectUserRelation" resultType="hashmap">
		SELECT
			userId,
			userName,
			customerId,
			belongTo,
			belongCustomerId,
			type
		FROM
			scm_user_relate_tbl
		WHERE
			userId = #{userId}
		AND belongTo = #{belongTo}
		AND type = #{type}		
	</select>	
	<!-- 根据表名查询列信息 -->
	<select id="getTableInfo" resultType="hashmap">
		desc ${tableName} 
	</select>
    <!-- 查询所有的经销商和供应商信息  add by guwx 2017-10-19 -->
	<select id="getAllDerAndSerList" resultType="hashMap">
		select distinct(a.id) as userId,a.customerId,a.userName,a.mobile,a.email from scm_account_tbl a, scm_userrole_tbl b
          where a.unionId = b.unionId and roleId in ('1','11')
		   <if test="searchKey != null and searchKey !=''">and CONCAT(a.customerId,a.userName) like concat('%',#{searchKey},'%')</if>
	</select>
	<select id="getAllDerAndSerCount" resultType="long">
		select COUNT(DISTINCT(a.id)) from scm_account_tbl a, scm_userrole_tbl b
		  where a.unionId = b.unionId and roleId in ('1','11')
		   <if test="searchKey != null and searchKey !=''">and CONCAT(a.customerId,a.userName) like concat('%',#{searchKey},'%')</if>
	</select>
</mapper>