<?xml version="1.0" encoding="UTF-8"?>
<!DOCTYPE mapper
  PUBLIC "-//mybatis.org//DTD Mapper 3.0//EN"
    "http://mybatis.org/dtd/mybatis-3-mapper.dtd">
 
<mapper namespace="standardCart">
	<resultMap type="com.ultimate.common.CartEntity" id="cartEntity">
		<result column="cartId" property="cartId"/>
		<result column="userId" property="userId"/>
		<result column="handlerId" property="handlerId"/>
		<result column="productId" property="productId"/>
		<result column="entryId" property="entryId"/>
		<result column="companyId" property="companyId"/>
		<result column="count" property="count"/>
	</resultMap>
 <!-- 获取购物车信息 -->
 <select id="searchCartProduct" resultMap="cartEntity">
 	SELECT 	c.id cartId,
			c.userId,
			c.handlerId,
			c.productId,
			c.entryId,
			c.companyId,
			c.count,
			c.weight,
			c.countUnit,
			c.weightUnit,
			c.note,
			DATE_FORMAT(c.toDate,'%Y/%m/%d') toDate,
			c.productName,
			c.productType,
			c.productSize,
			c.productAddress,
			c.batch,
			c.standardLen,
			c.cost,
			c.price,
			c.price defaultPrice,
			c.realPrice,
			c.categoryId,
			DATE_FORMAT(c.createTime,'%Y-%m-%d %T') createTime,
			c.picFilePath,
			c.picFileName,
			c.shipFee,
			c.salesmanId,
			c.parentId,
			DATE_FORMAT(c.lastUpdateTime,'%Y-%m-%d %T') lastUpdateTime,
			c.rd1,
			c.rd2,
			c.rd3,
			c.rd4,
			c.rd5,
			c.rd6,
			c.rd7,
			c.rd8,
			c.rd9,
			c.rd10,
			c.rd11,
			c.rd12,
			c.rd13,
			c.rd14,
			c.rd15,
			c.rd16,
			c.rd17,
			c.rd18,
			c.rd19,
			c.rd20,
			c.rd21,
			c.rd22,
			c.rd23,
			c.rd24,
			c.rd25,
			c.rd26,
			c.rd27,
			c.rd28,
			c.rd29,
			c.rd30,
			p.stock,
			p.onSale
	  FROM scm_cart_tbl c, scm_product_tbl p
	 WHERE c.productId = p.productId
	     <if test="userId !=null and userId !=''">
	     	and c.userId =#{userId}
	     </if>
	     <if test="handlerId !=null and handlerId !=''">
	     	and c.handlerId = #{handlerId}
	     </if>
	     <if test="companyId !=null and companyId !=''">
	     	and c.companyId = #{companyId}
	     </if>
	     <if test="entryId !=null and entryId !=''">
	     	and c.entryId = #{entryId}
	     </if>
	     <choose>
				<when test="isReturn != null and isReturn != '' ">
	               and c.isReturn = #{isReturn}
				</when>
				<otherwise>
					and c.isReturn = '0'
				</otherwise>
		 </choose>
		 order by p.onSale DESC
 </select>
 
 
 
 <!-- 确认购物车信息 -->
 <select id="confirmCartProduct" resultMap="cartEntity">
	 SELECT c.id cartId,
			c.productId,
			c.userId,
			c.handlerId,
			c.entryId,
			c.companyId,
			c.categoryId,
			c.count,
			DATE_FORMAT(c.toDate,'%Y-%m-%d') toDate,
			c.note,
			c.productName,
			c.productType,
			c.productSize,
			c.productAddress,
			c.standardLen,
			c.cost,
			c.batch,
			c.countUnit,
			c.weight,
			c.weightUnit,
			c.price as defaultPrice,
			c.price as price,
			c.realPrice,
			DATE_FORMAT(c.createTime,'%Y-%m-%d %T') createTime,
			c.picFilePath,
			c.picFileName,
			c.shipFee,
			c.salesmanId,
			c.parentId,
			DATE_FORMAT(c.lastUpdateTime,'%Y-%m-%d %T') lastUpdateTime,
	        c.rd1,
	        c.rd2,
	        c.rd3,
	        c.rd4,
	        c.rd5,
	        c.rd6,
	        c.rd7,
	        c.rd8,
	        c.rd9,
	        c.rd10,
	        c.rd11,
	        c.rd12,
	        c.rd13,
	        c.rd14,
	        c.rd15,
	        c.rd16,
	        c.rd17,
	        c.rd18,
	        c.rd19,
	        c.rd20,
	        c.rd21,
	        c.rd22,
	        c.rd23,
	        c.rd24,
	        c.rd25,
	        c.rd26,
	        c.rd27,
	        c.rd28,
	        c.rd29,
	        c.rd30
		FROM scm_cart_tbl c
	   WHERE 1 = 1
	   	<if test="cartId != null">
	   		and c.id in 
	   			<foreach item="item" index="index" collection="cartId" open="(" separator="," close=")">
        			#{item}
  				</foreach>
  		</if>
	    order by toDate desc
 </select>
 
  <!--确认购物信息中购物车产品数量与金额统计
  	totalAmount ： 标准价的总金额，
  	totalRealAmount ：实际价格总金额
  	modify by zjfh-chenlq at 2015-03-24
   -->
<!--   <select id="totalCart" resultType="hashmap"> -->
<!--   	 SELECT SUM(t.count) as totalNum, -->
<!--   	 		CONCAT('￥',FORMAT(SUM(t.proSum),2)) as totalAmount, -->
<!--   	 		SUM(t.proSum) as totalAmount1, -->
<!--   	 		CONCAT('￥',FORMAT(SUM(t.proRealSum),2)) as totalRealAmount, -->
<!--   	 		FORMAT(SUM(t.proRealSum),2) as totalRealAmount1 -->
<!--   	 	FROM (SELECT c.id, -->
<!-- 					 c.productId, -->
<!-- 				     c.userId, -->
<!-- 				     c.companyId, -->
<!-- 				     c.count, -->
<!-- 				     c.price, -->
<!-- 				     c.count*c.price as proSum, -->
<!-- 				     c.count*c.realPrice as proRealSum -->
<!-- 			    FROM scm_cart_tbl c  -->
<!-- 		      WHERE c.id in  -->
<!-- 		   			<foreach item="item" index="index" collection="cartId" open="(" separator="," close=")"> -->
<!-- 	        			#{item} -->
<!-- 	  				</foreach> -->
<!-- 	 			and c.userId = #{userId} -->
<!-- 		     <if test="companyId!=null and companyId !=''"> -->
<!-- 		     	and c.companyId = #{companyId} -->
<!-- 		     </if>) t -->
<!--  </select> -->
 
  <!-- 添加信息到购物车表  产品所有的属性都复制到购物车中  modify by yangf 2015-02-04 -->
  <insert id="addUserCart" > 
	insert into scm_cart_tbl (
							<if test="userId != null and userId != '' ">
	                          userId,
							</if>
							<if test="handlerId != null and handlerId != '' ">
	                          handlerId,
							</if>
							  entryId,
							  productId,
							  companyId,
							  count,
							  weight,
							  countUnit,
							  weightUnit,
							  productName,
							  productType,
							  productSize,
							  productAddress,
							  batch,
							  standardLen,
							  cost,
							  price,
							  realPrice,
							  categoryId,
							  createTime,
							  picFilePath,
							  picFileName,
							  shipFee,
							  salesmanId,
							  parentId,
							  lastUpdateTime,
							  toDate,
							  note,
							  isReturn,
							  rd1,
							  rd2,
							  rd3,
							  rd4,
							  rd5,
							  rd6,
							  rd7,
							  rd8,
							  rd9,
							  rd10,
							  rd11,
							  rd12,
							  rd13,
							  rd14,
							  rd15,
							  rd16,
							  rd17,
							  rd18,
							  rd19,
							  rd20,
							  rd21,
							  rd22,
							  rd23,
							  rd24,
							  rd25,
							  rd26,
							  rd27,
							  rd28,
							  rd29,
							  rd30)
					   values(
					   		<if test="userId != null and userId != '' ">
	                          #{userId},
							</if>
							<if test="handlerId != null and handlerId != '' ">
	                          #{handlerId},
							</if>
							  #{entryId},
							  #{productId},
							  #{companyId},
							  #{count},
							  #{weight},
							  #{countUnit},
							  #{weightUnit},
							  #{productName},
							  #{productType},
							  #{productSize},
							  #{productAddress},
							  #{batch},
							  #{standardLen},
							  #{cost},
							  #{price},
							  #{price},
							  #{categoryId},
							  #{createTime},
							  #{picFilePath},
							  #{picFileName},
							  #{shipFee},
							  #{salesmanId},
							  #{parentId},
							  #{lastUpdateTime},
							  #{toDate},
							  #{note},
							  <choose>
							  	<when test="isReturn != null and isReturn != '' ">
	                          		#{isReturn},
							  	</when>
							  	<otherwise>
							  		'0',
							  	</otherwise>
							  </choose>
							  #{rd1},
							  #{rd2},
							  #{rd3},
							  #{rd4},
							  #{rd5},
							  #{rd6},
							  #{rd7},
							  #{rd8},
							  #{rd9},
							  #{rd10},
							  #{rd11},
							  #{rd12},
							  #{rd13},
							  #{rd14},
							  #{rd15},
							  #{rd16},
							  #{rd17},
							  #{rd18},
							  #{rd19},
							  #{rd20},
							  #{rd21},
							  #{rd22},
							  #{rd23},
							  #{rd24},
							  #{rd25},
							  #{rd26},
							  #{rd27},
							  #{rd28},
							  #{rd29},
							  #{rd30})
   </insert>

   <!-- 加入购物车时更新数量 -->
   <update id="updateUserCart" >
   	 update scm_cart_tbl set count =#{count} 
    	where userId=#{userId} and productId=#{productId}    	
	       <if test="companyId!=null and companyId !=''">
	     	  and companyId = #{companyId}
	       </if>
	       <if test="rd2!=null and rd2 != ''">
	       	  and rd2 = #{rd2}
	       </if>
	     <choose>
				<when test="isReturn != null and isReturn != '' ">
	               and isReturn = #{isReturn}
				</when>
				<otherwise>
					and isReturn = '0'
				</otherwise>
		 </choose>
	       
	</update>
	
	<!-- 更新购物车中的数量  modify by yangfen-->
   <update id="updateUserCartCount" >
   	 update scm_cart_tbl set count =#{count} 
    	where id=#{cartId}       
	</update>
	
	<!-- 清空购物车中的信息 -->
	<delete id="deleteAllUserCart">
		delete from scm_cart_tbl where 1=1
	     <if test="userId !=null and userId !=''">
	     	and userId=#{userId}
	     </if>
	     <if test="handlerId !=null and handlerId !=''">
	     	and handlerId = #{handlerId}
	     </if>
	     <if test="companyId!=null and companyId !=''">
	     	and companyId = #{companyId}
	     </if>
	     <choose>
				<when test="isReturn != null and isReturn != '' ">
	               and isReturn = #{isReturn}
				</when>
				<otherwise>
					and isReturn = '0'
				</otherwise>
		 </choose>
   </delete>
      
   <!-- 删除购物车中的产品信息 -->
   <delete id="deleteCartPro">
		delete from scm_cart_tbl where id in  
  			<foreach item="item" index="index" collection="cartId" open="(" separator="," close=")">
	        	#{item}
			</foreach>
		 <choose>
				<when test="isReturn != null and isReturn != '' ">
	               and isReturn = #{isReturn}
				</when>
				<otherwise>
					and isReturn = '0'
				</otherwise>
		 </choose> 
   </delete>
   
   <!-- 查询account表的ID -->
   <select id="getAccountId"  resultType="hashmap">
   		select id from scm_account_tbl where customerId=#{customerid}
   </select>
   
   <!-- 更新购物车中产品属性,问题：非预编译SQL引起SQL注入 -->
   <!-- 
   <update id="doChangeFeature" statementType="STATEMENT">
   		UPDATE scm_cart_tbl SET
			${colum}=${value}
		WHERE id=${cartId}
   </update>
   -->
   
   <!-- 更新购物车中产品的实时价格 added by zjfh-chenlq at 2015-03-24 -->
   <update id="doUpdateRealPrice">
   		UPDATE scm_cart_tbl SET
			realPrice = IFNULL(#{realPrice},0)
		WHERE id = #{cartId}
   </update>
   
   <!-- 根据购物车编号查询购物车的信息 -->
   <select id="findOneCart" resultType="hashmap">
   		select 
   			ct.*
   		from 
   			scm_cart_tbl ct
   		where 
   			ct.id = #{cartId}
   </select>
   
   <!-- 更新购物车中产品相关属性字段 -->
   <update id="updateCart">
   		update scm_cart_tbl set
   			<if test="col == 'productId'">
			  productId=#{value},
			</if>
			<if test="col == 'count'">
			  count=#{value},
			</if>
			<if test="col == 'weight'">
			  weight=#{value},
			</if>
			<if test="col == 'countUnit'">
			  countUnit=#{value},
			</if>
			<if test="col == 'weightUnit'">
			  weightUnit=#{value},
			</if>
			<if test="col == 'productName'">
			  productName=#{value},
			</if>
			<if test="col == 'productType'">
			  productType=#{value},
			</if>
			<if test="col == 'productSize'">
			  productSize=#{value},
			</if>
			<if test="col == 'productAddress'">
			  productAddress=#{value},
			</if>
			<if test="col == 'batch'">
			  batch=#{value},
			</if>
			<if test="col == 'standardLen'">
			  standardLen=#{value},
			</if>
			<if test="col == 'cost'">
			  cost=#{value},
			</if>
			<if test="col == 'price'">
			  price=#{value},
			</if>
			<if test="col == 'realPrice'">
			  realPrice=#{value},
			</if>
			<if test="col == 'categoryId'">
			  categoryId=#{value},
			</if>
			<if test="col == 'picFilePath'">
			  picFilePath=#{value},
			</if>
			<if test="col == 'picFileName'">
			  picFileName=#{value},
			</if>
			<if test="col == 'shipFee'">
			  shipFee=#{value},
			</if>
			<if test="col == 'salesmanId'">
			  salesmanId=#{value},
			</if>
			<if test="col == 'parentId'">
			  parentId=#{value},
			</if>
			<if test="col == 'lastUpdateTime'">
			  lastUpdateTime=#{value},
			</if>
			<if test="col == 'toDate'">
			  toDate=#{value},
			</if>
			<if test="col == 'note'">
			  note=#{value},
			</if>
			<if test="col == 'rd1'">
			  rd1=#{value},
			</if>
			<if test="col == 'rd2'">
			  rd2=#{value},
			</if>
			<if test="col == 'rd3'">
			  rd3=#{value},
			</if>
			<if test="col == 'rd4'">
			  rd4=#{value},
			</if>
			<if test="col == 'rd5'">
			  rd5=#{value},
			</if>
			<if test="col == 'rd6'">
			  rd6=#{value},
			</if>
			<if test="col == 'rd7'">
			  rd7=#{value},
			</if>
			<if test="col == 'rd8'">
			  rd8=#{value},
			</if>
			<if test="col == 'rd9'">
			  rd9=#{value},
			</if>
			<if test="col == 'rd10'">
			  rd10=#{value},
			</if>
			<if test="col == 'rd11'">
			  rd11=#{value},
			</if>
			<if test="col == 'rd12'">
			  rd12=#{value},
			</if>
			<if test="col == 'rd13'">
			  rd13=#{value},
			</if>
			<if test="col == 'rd14'">
			  rd14=#{value},
			</if>
			<if test="col == 'rd15'">
			  rd15=#{value},
			</if>
			<if test="col == 'rd16'">
			  rd16=#{value},
			</if>
			<if test="col == 'rd17'">
			  rd17=#{value},
			</if>
			<if test="col == 'rd18'">
			  rd18=#{value},
			</if>
			<if test="col == 'rd19'">
			  rd19=#{value},
			</if>
			<if test="col == 'rd20'">
			  rd20=#{value},
			</if>
			<if test="col == 'rd21'">
			  rd21=#{value},
			</if>
			<if test="col == 'rd22'">
			  rd22=#{value},
			</if>
			<if test="col == 'rd23'">
			  rd23=#{value},
			</if>
			<if test="col == 'rd23'">
			  rd23=#{value},
			</if>
			<if test="col == 'rd24'">
			  rd24=#{value},
			</if>
			<if test="col == 'rd25'">
			  rd25=#{value},
			</if>
			<if test="col == 'rd26'">
			  rd26=#{value},
			</if>
			<if test="col == 'rd27'">
			  rd27=#{value},
			</if>
			<if test="col == 'rd28'">
			  rd28=#{value},
			</if>
			<if test="col == 'rd29'">
			  rd29=#{value},
			</if>
			<if test="col == 'rd30'">
			  rd30=#{value},
			</if>
			<if test="entryId != null and entryId != '' ">
			  entryId=#{entryId},
			</if>
			id=#{cartId}
		where
			id=#{cartId}
   </update>
</mapper>
