<?xml version="1.0" encoding="UTF-8"?>
<!DOCTYPE mapper
  PUBLIC "-//mybatis.org//DTD Mapper 3.0//EN"
    "http://mybatis.org/dtd/mybatis-3-mapper.dtd">
<mapper namespace="standardOperation">
	<resultMap type="com.ultimate.common.OperationEntity" id="OperationEntity"></resultMap>
	<!-- 获取所有操作记录信息 -->
	<select id="getOperationRecord" resultMap="OperationEntity">
		SELECT
		sort.id,
		sort.userId,
		sort.customerId,
		sort.operatorId,
		DATE_FORMAT(
				sort.createTime,
				'%Y-%m-%d %T'
			) createTime,
		sort.billNo,
		sort.operateType,
		sort.moduleName,
		sort.operateInfo,
		sort.modifierId,
		sort.lastUpdateTime,
		sort.rd1,
		sort.rd2,
		sort.rd3,
		sort.rd4,
		sort.rd5,
		sort.rd6,
		sort.rd7,
		sort.rd8,
		sort.rd9,
		sort.rd10
		FROM
		scm_operate_record_tbl sort
		WHERE
		1=1
		<!--<if test="userId != null and userId != ''">
			AND sort.userId = #{userId}
		</if>-->
		<if test="CONDITION != null">
			AND ${CONDITION}
		</if>
		ORDER BY sort.createTime desc
	</select>


	<!-- 添加操作记录信息 -->
	<insert id="addOperationRecord">
		insert into scm_operate_record_tbl
		(
			id,
			userId,
			customerId,
			operatorId,
			createTime,
			billNo,
			operateType,
			moduleName,
			operateInfo,
			modifierId,
			lastUpdateTime,
			rd1,
			rd2,
			rd3,
			rd4,
			rd5,
			rd6,
			rd7,
			rd8,
			rd9,
			rd10
		)
		values
		(
			#{id},
			#{userId},
			#{customerId},
			#{operatorId},
			#{createTime},
			#{billNo},
			#{operateType},
			#{moduleName},
			#{operateInfo},
			#{modifierId},
			#{lastUpdateTime},
			#{rd1},
			#{rd2},
			#{rd3},
			#{rd4},
			#{rd5},
			#{rd6},
			#{rd7},
			#{rd8},
			#{rd9},
			#{rd10}
		)
	</insert>

	<delete id="deleteOperationRecord">
		delete from scm_operate_record_tbl where id in
				<foreach item="item" index="index" collection="operationIdList" open="(" separator="," close=")">
				 	 #{item}
				</foreach>
	</delete>

	<!-- 修改操作记录信息 -->
	<update id="updateOperationRecord">
		update scm_operate_record_tbl  
		<set>
		    billNo=#{billNo}
		 	operateType = #{operateType},
		 	moduleName = #{moduleName},
		 	operateInfo = #{operateInfo},
		 	lastUpdateTime=sysdate() 
		</set>
		where id=#{id}
	</update>
</mapper>