<?xml version="1.0" encoding="UTF-8"?>
<!DOCTYPE mapper
  PUBLIC "-//mybatis.org//DTD Mapper 3.0//EN"
    "http://mybatis.org/dtd/mybatis-3-mapper.dtd">
    
<mapper namespace="standardReport">
	<!-- 统计订单金额，数量信息 -->
	<select id="selectOrderAmount" resultType="hashmap">
		SELECT count(ot.id) count,
		       sum(ot.orderAmount) totalAmount,
		     	<if test="cycle==0">
				 DATE_FORMAT(ot.createTime ,'%Y-%m-%d') reportDate
				</if>
				<if test="cycle==1">
				 DATE_FORMAT(ot.createTime ,'%Y-%m') reportDate
				</if>
				<if test="cycle==2">
				 DATE_FORMAT(ot.createTime ,'%Y') reportDate
				</if>	          
	      FROM scm_order_tbl ot
	     WHERE ot.orderAmount >= 0 
	     	and ot.ordertype ='00' 
	     	and ot.orderStatus is not null 
	     	and ot.orderStatus != '3'
	     	and DATE_FORMAT(ot.createTime ,'%Y-%m-%d') BETWEEN #{startDate} AND #{endDate} 
	     	<if test="cycle==0">
			GROUP BY DATE_FORMAT(ot.createTime,'%Y-%m-%d')
			</if>
			<if test="cycle==1">
			GROUP BY DATE_FORMAT(ot.createTime,'%Y-%m')
			</if>
			<if test="cycle==2">
			GROUP BY DATE_FORMAT(ot.createTime,'%Y')
			</if>
	</select>
	<!-- 统计付款单金额 -->
	<select id="selectPayAmount" resultType="hashmap">
		SELECT  count(spo.id) count,
				sum(spo.amount) totalAmount,
		     	<if test="cycle==0">
				 DATE_FORMAT(spo.payTime,'%Y-%m-%d') reportDate
				</if>
				<if test="cycle==1">
				 DATE_FORMAT(spo.payTime,'%Y-%m') reportDate
				</if>
				<if test="cycle==2">
				DATE_FORMAT(spo.payTime,'%Y') reportDate
				</if>	          
		  	   
		  FROM scm_payment_order_tbl spo
		 WHERE spo.`status` = 2
		   AND DATE_FORMAT(spo.payTime,'%Y-%m-%d') BETWEEN #{startDate} AND #{endDate}
	     <if test="cycle==0">
		   GROUP BY DATE_FORMAT(spo.payTime,'%Y-%m-%d')
		</if>
		<if test="cycle==1">
			GROUP BY DATE_FORMAT(spo.payTime,'%Y-%m')
		</if>
		<if test="cycle==2">
			GROUP BY DATE_FORMAT(spo.payTime,'%Y')
		</if>
	</select>
	
	<!-- 销售排行 -->
	<select id="selectSalesRank" resultType="hashmap">
	    SELECT count,orderAmount,reportDate,salesmanId,userName from (
			SELECT count(ot.id) count,
			       sum(ot.orderAmount) orderAmount,
				   DATE_FORMAT(ot.createTime ,'%Y-%m-%d') reportDate,
				   ot.salesmanId,
				   a.userName
		      FROM scm_order_tbl ot,scm_account_tbl a
		     WHERE ot.salesmanId=a.id
		        and ot.orderAmount>0 
		     	and ot.ordertype='00' 
		     	and ot.orderStatus !='0' 
		     	and ot.orderStatus!='3'
				<if test="start_date != null and start_date!=''">
				 and DATE_FORMAT(ot.createTime,'%Y-%m-%d') <![CDATA[>=]]> #{start_date}
				</if>
				<if test="end_date != null and end_date!=''">
				 and DATE_FORMAT(ot.createTime,'%Y-%m-%d') <![CDATA[<=]]> #{end_date}
				</if>
			    and ot.salesmanId >0
		   GROUP BY ot.salesmanId ORDER BY orderAmount desc
		  ) os 
	     	
	</select>
	
	
	<!-- 产品销售排行 -->
	<select id="selectProductSalesRank" resultType="hashmap">
	    SELECT
			SUM(count) count,
			productName,
			productId
		FROM
			scm_order_product_tbl
		WHERE	1=1
		<if test="start_date != null and start_date!=''">
			AND DATE_FORMAT(createTime,'%Y-%m-%d') <![CDATA[>=]]> #{start_date}
		</if>
		<if test="end_date != null and end_date!=''">
			AND DATE_FORMAT(createTime,'%Y-%m-%d') <![CDATA[<=]]> #{end_date}
		</if>
		GROUP BY
			productId
		ORDER BY
			count DESC
	</select>
	
	<select id="selectOrderStatusInfo" resultType="hashmap">
		SELECT CASE
				WHEN ot.orderStatus	= '0' THEN '待审核'
				WHEN ot.orderStatus	= '1' THEN '已审核'
				WHEN ot.orderStatus	= '2' THEN '已核销'
				ELSE '已废弃'
				END AS name,
				count(ot.orderStatus) value	
			from scm_order_tbl ot
		WHERE 
			ot.orderType = '00'
		AND
			ot.orderStatus is not null
		<if test="cycle==0">
		AND DATE_FORMAT(ot.createTime,'%Y-%m-%d') = #{endDate}
		</if>
		<if test="cycle==1">
		AND DATE_FORMAT(ot.createTime,'%Y-%m') = DATE_FORMAT(#{endDate},'%Y-%m')
		</if>
		<if test="cycle==2">
		AND DATE_FORMAT(ot.createTime,'%Y') = DATE_FORMAT(#{endDate},'%Y')
		</if>
		GROUP BY orderStatus ASC
	</select>
	
	
	<!-- 统计订单金额，数量信息(移动端) -->
	<select id="selectMobileOrderAmount" resultType="hashmap">
		SELECT COUNT(ot.id) count,
		       SUM(ot.orderAmount) totalAmount       
	      FROM scm_order_tbl ot
	     WHERE 
	     	ot.orderAmount <![CDATA[>=]]> 0 
	     	AND ot.ordertype ='00' 
	     	<choose>
				<when test="type == '1'.toString()">
	               AND ot.orderStatus = '1'
				</when>
				<otherwise>
				   AND ot.orderStatus != '3'
				</otherwise>
			 </choose>
	    <if test="start_date != null and start_date!=''">
			AND DATE_FORMAT(ot.createTime,'%Y-%m-%d') <![CDATA[>=]]> #{start_date}
		</if>
		<if test="end_date != null and end_date!=''">
			AND DATE_FORMAT(ot.createTime,'%Y-%m-%d') <![CDATA[<=]]> #{end_date}
		</if>
		<if test="userIds != null">
				and ot.userId in
				<foreach item="item" index="index" collection="userIds" open="(" separator="," close=")">
				 	#{item}
				</foreach>
		</if>
	</select>
	
	
	<!-- 统计付款单金额 （移动端）-->
	<select id="selectMobilePayAmount" resultType="hashmap">
		SELECT  count(spo.id) count,
				sum(spo.amount) totalAmount
		FROM scm_payment_order_tbl spo
		WHERE spo.`status` = 2
		<if test="start_date != null and start_date!=''">
			AND DATE_FORMAT(spo.payTime,'%Y-%m-%d') <![CDATA[>=]]> #{start_date}
		</if>
		<if test="end_date != null and end_date!=''">
			AND DATE_FORMAT(spo.payTime,'%Y-%m-%d') <![CDATA[<=]]> #{end_date}
		</if>
		<if test="userIds != null">
			AND spo.userId IN
			<foreach item="item" index="index" collection="userIds" open="(" separator="," close=")">
				 #{item}
			</foreach>
		</if>
	</select>
</mapper>    