<!DOCTYPE mapper PUBLIC "-//mybatis.org//DTD Mapper 3.0//EN" "http://mybatis.org/dtd/mybatis-3-mapper.dtd">

<!-- 基本信息sql配置，如省市 -->
<mapper namespace="standardConfig">

  <select id="getConfigValue" resultType="hashmap">
      select configKey,
      		 configValue,
      		 configDesc	 
      	 from scm_conf_tbl
      where configKey=#{configKey}
  </select>
  
    <select id="getAllConfig" resultType="hashmap">
      select configKey,
      		 configValue,
      		 configDesc	 
      	 from scm_conf_tbl
  </select>
  
   <select id="getfileUrl" resultType="hashmap">
      select fileName,
      		 url	 
      	 from scm_config_url_tbl
      where fileName=#{fileName}
  </select>
  
    <select id="getAllfileUrl" resultType="hashmap">
      select configKey,
      		 fileName,
      		 url	 
      	 from scm_config_url_tbl
  </select>
  
  <select id="getResourceUrl" resultType="hashmap">
      SELECT
			resource,
			url,
			type
		FROM
			scm_resource_url_tbl
		WHERE
			module = #{module}
		AND subModule = #{subModule}
  </select>
  
</mapper>