<?xml version="1.0" encoding="UTF-8"?>
<!DOCTYPE mapper
  PUBLIC "-//mybatis.org//DTD Mapper 3.0//EN"
    "http://mybatis.org/dtd/mybatis-3-mapper.dtd">
    
    <mapper namespace="standardStorehouse">
    <!-- 仓库信息表 -->
    <select id="selectStorehouseId" resultType="String">
       SELECT
	   sto.FItemID,
	   sto.FName,
	   sto.FNumber
       FROM
	   scm_storehouse_tbl sto
       WHERE
	   sto.FItemID = #{FItemID}
    
    </select>
    
    <!-- 修改仓库信息 -->
    <update id="doUpdate">
         UPDATE scm_storehouse_tbl
                   
			<set>
			     FItemID = #{FItemID}
    			<if test="FName != null and FName != ''">
    				,FName = #{FName}
    			</if>
    			<if test="FNumber != null and FNumber != ''">
    				,FNumber = #{FNumber}
    			</if>    			
    		</set>
    	where  FItemID = #{FItemID}
    </update>
    
	
	<!-- 插入仓库信息 -->
	
	<insert id="doInsert">
	
	insert into scm_storehouse_tbl(FItemID
		<if test="FNumber!=null and FNumber!=''">,FNumber</if>
		<if test="FName!=null and FName!=''">,FName</if>)
		values (#{FItemID}
		<if test="FNumber!=null and FNumber!=''">,#{FNumber}</if>
		<if test="FName!=null and FName!=''">,#{FName}</if>)
	
	</insert>
	</mapper>
	
	