<?xml version="1.0" encoding="UTF-8"?>
<!DOCTYPE mapper
  PUBLIC "-//mybatis.org//DTD Mapper 3.0//EN"
    "http://mybatis.org/dtd/mybatis-3-mapper.dtd">
<mapper namespace="standardFactoringPayment">
	<select id="getSupervisionAccount" resultType="map">
		SELECT superviseNo,
		       superviseName 
		FROM `scm_factoring_supervise_acc_tbl`
		<where>
		 1=1
		 <if test="companyId != null and companyId != ''">
            and companyId = #{companyId}
          </if>
		 <if test="customerId != null and customerId != ''">
            and customerId = #{customerId}
          </if>
		</where>
	</select>
	<select id="getPurchaseByPayment" resultType="map">
		SELECT
			c.*,a.paymentNo as a_paymentNo
		FROM
			scm_factoring_payment_detail_tbl a
		JOIN scm_factoring_payment_purchase_tbl b ON b.paymentId = a.id
		JOIN scm_purchase_tbl c ON c.id = b.purchaseId
		<where>
		    1=1
		    <if test="paymentNos != null">
				and a.paymentNo in 
				<foreach item="item" index="index" collection="paymentNos" open="(" separator="," close=")">
				 	#{item}
				</foreach>
			</if>
		</where>
	</select>
	
	<select id="getCompanyNameByCompanyId" resultType="map">
	select companyName from scm_company_tbl where companyId=#{companyId}
	</select>
	<select id="getCustomerNameByCustomerId" resultType="map">
	select userName from scm_account_tbl where customerId=#{customerId}
	</select>
	
	<update id="updateRecAccNoInfo1">		
		    update scm_factoring_payment_tbl  
	        <set>
	        	recAccNo=#{recAccNo},
     	       <if test="sysIOFlag  != null">
     	       sysIOFlg=#{sysIOFlag},
     	       </if>
     	       <if test="isPub  != null">
     	       isPub=#{isPub},
     	       </if>
     	       <if test="recCityName  != null">
     	       recCityName=#{recCityName},
     	       </if>
     	       <if test="recBankNo  != null">
     	       recBankNo=#{recBankNo},
     	       </if>
     	       <if test="recBankName  != null">
     	       recBankName=#{recBankName},
     	       </if>
		   </set> 			 
		   where paymentNo = #{paymentNo}			   		
	</update>
	
	
	<update id="updateRecAccNoInfo2">		
		    update scm_factoring_payaccinfo_tbl  
	        <set>
     	       <if test="recCityName  != null">
     	       recCityName=#{recCityName},
     	       </if>
     	       <if test="recBankNo  != null">
     	       recBankNo=#{recBankNo},
     	       </if>
     	       <if test="recBankName  != null">
     	       recBankName=#{recBankName},
     	       </if>
		   </set> 			 
		   where companyId = #{companyId} and accNo=#{recAccNo}	and customerId=#{reciverId}   		
	</update>
	
	
	<update id="updatePaymentStatus">
			update scm_factoring_payment_tbl
			<set>
			   <if test="status  != null and status != ''">
     	       status=#{status},
     	       </if>
     	       <if test="transferStatus  != null and transferStatus != ''">
     	       transferStatus=#{transferStatus},
     	       </if>
     	       <if test="transNo  != null and transNo != ''">
     	       transNo=#{transNo},
     	       </if>
     	       <if test="payTime  != null and payTime != ''">
     	       payTime=#{payTime},
     	       </if>
     	       <if test="postScript  != null and postScript != ''">
     	       postScript=#{postScript},
     	       </if>
     	       <if test="reciverName  != null and reciverName != ''">
     	       reciverName=#{reciverName},
     	       </if>
     	       <if test="companyName  != null and companyName != ''">
     	       companyName=#{companyName},
     	       </if>
     	       lastUpdateTime=sysdate()  
			</set>
			where
			paymentNo = #{paymentNo}
	</update>
	
	
	<insert  id="insertRecAccNoInfo1">
	insert  into scm_factoring_payaccinfo_tbl
	(
	companyId,
	companyName,
	type,
	customerId,
	customerName,
	accNo,
	accName,
	createTime,
	recCityName,
	recBankName,
	recBankNo,
	lastUpdateTime
	)
	values
	(
	#{companyId},
	#{companyName},
	'1',
	#{reciverId},
	#{reciverName},
	#{recAccNo},
	#{recAccName},
	sysdate(),
	#{recCityName},
	#{recBankName},
	#{recBankNo},
	sysdate()
	)
	
	</insert>
	<select id="getAccNoInfo" resultType="hashmap">
		SELECT
			*
		FROM
			`scm_factoring_payaccinfo_tbl`
		WHERE
			accNo = #{accNo}
		AND type = '1'
	</select>
	
	<select id="selectPaymentByNo" resultType="hashmap">
		SELECT
			authorId,
			salesmanId,
			currType,
			useCode,
			useDes,
			postScript,
			summary,
			payerId,
			transNo,
			payTime,
			payAmt,
			`status`,
			rd1,
			rd2,
			rd3,
			rd4,
			rd5,
			rd6,
			rd7,
			rd8,
			rd9,
			rd10,
			rd11,
			rd12,
			rd13,
			rd14,
			rd15,
			rd16
		
		FROM
			scm_factoring_payment_tbl
		WHERE
			paymentNo = #{paymentNo}
	</select>
	
	
	<select id="selectPaymentList" resultType="hashmap">
		SELECT
			payerId,
			paymentNo,
			payerName,
			payAccName,
			payAccNo,
			payType,
			reciverId,
			reciverName,
			recAccName,
			recAccNo,
			sysIOFlg,
			isPub,
			recCityName,
			recBankName,
			recBankNo,
			currType,
			payAmt,
			postScript,
			companyName,
			companyId,
			payTime
		FROM
			scm_factoring_payment_tbl
		WHERE
			paymentNo = #{paymentNo}
	</select>
	
</mapper>