<?xml version="1.0" encoding="UTF-8"?>
<!DOCTYPE mapper
  PUBLIC "-//mybatis.org//DTD Mapper 3.0//EN"
    "http://mybatis.org/dtd/mybatis-3-mapper.dtd">

<mapper namespace="standardOrder">
	
	<!-- 订单主表映射关系 -->
	<resultMap id="orderEntityInfo" type="com.ultimate.common.OrderEntity">
		<!-- 数据库字段 -->
		<id property="id" column="id" />
		<result property="orderNo" column="orderNo" />
		<result property="createTime" column="createTime" />
		<result property="orderTime" column="orderTime" />
		<result property="deliveryTime" column="deliveryTime" />
		<result property="orderStatus" column="orderStatus" />
		<result property="erp_orderStatus" column="erp_orderStatus" />
		<result property="orderType" column="orderType" />
		<result property="orderSource" column="orderSource" />
		<result property="deliveryId" column="deliveryId" />
		<result property="invoiceId" column="invoiceId" />
		<result property="logistics" column="logistics" />
		<result property="companyId" column="companyId" />
		<result property="sellerId" column="sellerId" />
		<result property="address" column="address" />
		<result property="addressId" column="addressId" />
		<result property="activeProfile" column="activeProfile" />
		<result property="shippingMethod" column="shippingMethod" />
		<result property="shippingFee" column="shippingFee" />
		<result property="handingFee" column="handingFee" />
		<result property="productSum" column="productSum" />
		<result property="orderAmount" column="orderAmount" />
		<result property="minAmount" column="minAmount" />
		<result property="payAmount" column="payAmount" />
		<result property="userId" column="userId" />
		<result property="customerId" column="customerId" />
		<result property="oldOrderId" column="oldOrderId" />
		<result property="parentId" column="parentId" />
		<result property="hasChild" column="hasChild" />
		<result property="authorId" column="authorId" />
		<result property="salesmanId" column="salesmanId" />
		<result property="modifierId" column="modifierId" />
		<result property="lastUpdateTime" column="lastUpdateTime" />
		<result property="outBound" column="outBound" />
		<result property="vehicleType" column="vehicleType" />
		<result property="paymentMethod" column="paymentMethod" />
		<result property="isContract" column="isContract" />
		<result property="deliveryStatus" column="deliveryStatus" />
		<result property="contactName" column="contactName" />
		<result property="contactMobile" column="contactMobile" />
		<result property="rd1" column="rd1" />
		<result property="rd2" column="rd2" />
		<result property="rd3" column="rd3" />
		<result property="rd4" column="rd4" />
		<result property="rd5" column="rd5" />
		<result property="rd6" column="rd6" />
		<result property="rd7" column="rd7" />
		<result property="rd8" column="rd8" />
		<result property="rd9" column="rd9" />
		<result property="rd10" column="rd10" />
		<result property="rd11" column="rd11" />
		<result property="rd12" column="rd12" />
		<result property="rd13" column="rd13" />
		<result property="rd14" column="rd14" />
		<result property="rd15" column="rd15" />
		<result property="rd16" column="rd16" />
		<result property="rsv1" column="rsv1" />
		<result property="rsv2" column="rsv2" />
		<result property="rsv3" column="rsv3" />
		<!-- 关联表字段 -->
		<result property="note" column="note" />
		<result property="companyName" column="companyName" />
		<result property="userName" column="userName" />
		<result property="name" column="name"/>
		<result property="mobile" column="mobile"/>
	</resultMap>
	
	<!-- 根据条件查询订单主表信息 -->
	<select id="findAllOrderInfo" resultMap="orderEntityInfo" >
		SELECT
			a.id,
			a.orderNo,
			DATE_FORMAT(
				a.createTime,
				'%Y-%m-%d %T'
			) createTime,
			DATE_FORMAT(a.orderTime, '%Y-%m-%d %T') orderTime,
			DATE_FORMAT(a.deliveryTime, '%Y-%m-%d') deliveryTime,
			a.orderStatus,
			a.erp_orderStatus,
			a.orderType,
			a.orderSource,
			a.deliveryId,
			a.invoiceId,
			a.logistics,
			a.companyId,
			a.sellerId,
			a.address,
			a.addressId,
			a.activeProfile,
			a.shippingMethod,
			a.shippingFee,
			a.handingFee,
			a.productSum,
			a.orderAmount,
			a.minAmount,
			a.payAmount,
			a.userId,
			a.customerId,
			a.oldOrderId,
			a.parentId,
			a.hasChild,
			a.authorId,
			a.salesmanId,
			a.modifierId,
			DATE_FORMAT(
				a.lastUpdateTime,
				'%Y-%m-%d %T'
			) lastUpdateTime,
			a.outBound,
			a.vehicleType,
			a.paymentMethod,
			a.isContract,
			a.deliveryStatus,
			a.contactName,
			a.contactMobile,
			a.rd1,
			a.rd2,
			a.rd3,
			a.rd4,
			a.rd5,
			a.rd6,
			a.rd7,
			a.rd8,
			a.rd9,
			a.rd10,
			a.rd11,
			a.rd12,
			a.rd13,
			a.rd14,
			a.rd15,
			a.rd16,
			a.rsv1,
			a.rsv2,
			a.rsv3,
			b.note,
			c.companyName,
			d.userName
		FROM
			scm_order_tbl a
		LEFT JOIN scm_order_note_tbl b ON a.id = b.orderId
		LEFT JOIN scm_company_tbl c ON a.companyId = c.companyId
		LEFT JOIN scm_account_tbl d ON a.userId=d.id
			where 1=1
			<if test="CONDITION != null">
				and ${CONDITION}
			</if>
			<if test="userIds != null">
				and a.userId in
				<foreach item="item" index="index" collection="userIds" open="(" separator="," close=")">
				 	#{item}
				</foreach>
			</if>
			<if test="orderSource != null">
				and a.orderSource = #{orderSource}
			</if>
			<if test="orderStatus != null">
				and a.orderStatus = #{orderStatus}
			</if>
			<if test="erp_orderStatus != null">
				and a.erp_orderStatus = #{erp_orderStatus}
			</if>
			<if test="orderType != null">
				and a.orderType = #{orderType}
			</if>
			<if test="id != null">
				and a.id = #{id}
			</if>
			<if test="parentId != null">
				and a.parentId = #{parentId}
			</if>
			<if test="fieldName == 'orderNo'">
				<if test="sort == 1">
				order by a.orderNo DESC
				</if>
				<if test="sort == 2">
				order by a.orderNo ASC
				</if>
			</if>
			<if test="fieldName == 'createTime'">
				<if test="sort == 1 or sort == 0">
				order by a.createTime DESC
				</if>
				<if test="sort == 2">
				order by a.createTime ASC
				</if>
			</if>
			<if test="fieldName == 'orderAmount'">
				<if test="sort == 1">
				order by a.orderAmount+0 DESC
				</if>
				<if test="sort == 2">
				order by a.orderAmount+0 ASC
				</if>
			</if>
			<if test="fieldName == null or fieldName == ''">
			order by a.createTime desc
			</if>
	</select>
	<!-- 根据条件统计订单条数和金额 -->
	<select id="findSumOrder" resultType="hashmap">
		SELECT
			count(a.id) orderCount,
			SUM(a.orderAmount) orderAmount
		FROM
			scm_order_tbl a
		LEFT JOIN scm_order_note_tbl b ON a.id = b.orderId
		LEFT JOIN scm_company_tbl c ON a.companyId = c.companyId
		LEFT JOIN scm_account_tbl d ON a.userId=d.id
		LEFT JOIN scm_address_tbl e ON a.addressId=e.id
		<where>
			<if test="CONDITION != null">
				and ${CONDITION}
			</if>
			<if test="userIds != null">
				and a.userId in
				<foreach item="item" index="index" collection="userIds" open="(" separator="," close=")">
				 	#{item}
				</foreach>
			</if>
			<if test="orderSource != null">
				and a.orderSource = #{orderSource}
			</if>
			<if test="orderStatus != null">
				and a.orderStatus = #{orderStatus}
			</if>
			<if test="orderType != null">
				and a.orderType = #{orderType}
			</if>
			<if test="id != null">
				and a.id = #{id}
			</if>
		</where>
	</select>
	<!-- 查询订单产品信息 -->
	<select id="findAllOrderProductInfo" resultType="com.ultimate.common.OrderProductEntity">
		SELECT
			a.id,
			a.productId,
			a.entryId,
			a.orderId,
			a.orderNo,
			a.orderEntry,
			a.productName,
			a.productType,
			a.productSize,
			a.productAddress,
			a.batch,
			a.standardLen,
			a.count,
			IFNULL(a.arrangedCount,0) arrangedCount,
			IFNULL((a.count-IFNULL(a.arrangedCount,0)),0) as surplusCount,
			a.weight,
			a.countUnit,
			a.weightUnit,
			a.cost,
			a.price AS price,
			(a.count*a.price) as total,	
			a.realPrice AS realPrice,	
			(a.count*a.realPrice) as realTotal,	 
			a.note,
			DATE_FORMAT(
				a.toDate,
				'%Y-%m-%d'
			) toDate,
			a.categoryId,
			DATE_FORMAT(
				a.createTime,
				'%Y-%m-%d'
			) createTime,
			a.picFilePath,
			a.picFileName,
			a.shipFee,
			a.companyId,
			a.salesmanId,
			a.parentId,
			DATE_FORMAT(
				a.lastUpdateTime,
				'%Y-%m-%d %T'
			) lastUpdateTime,
			a.rd1,
			a.rd2,
			a.rd3,
			a.rd4,
			a.rd5,
			a.rd6,
			a.rd7,
			a.rd8,
			a.rd9,
			a.rd10,
			a.rd11,
			a.rd12,
			a.rd13,
			a.rd14,
			a.rd15,
			a.rd16,
			a.rd17,
			a.rd18,
			a.rd19,
			a.rd20,
			a.rd21,
			a.rd22,
			a.rd23,
			a.rd24,
			a.rd25,
			a.rd26,
			a.rd27,
			a.rd28,
			a.rd29,
			a.rd30
		FROM
			scm_order_product_tbl a
		<where>
			<if test="orderId != null and orderId != ''">
			 	a.orderId = #{orderId}
			</if>
			<if test="orderNo != null and orderNo != ''">
			 	and a.orderNo = #{orderNo}
			</if>
			<if test="order_product_Ids!=null">
			  and a.id IN 
			 <foreach item="item" index="index" collection="order_product_Ids" open="(" separator="," close=")">
			 	#{item}
			 </foreach>
			</if>
			<if test="productIds!=null">
			  and a.productId IN 
			 <foreach item="item" index="index" collection="productIds" open="(" separator="," close=")">
			 	#{item}
			 </foreach>
			</if>
			<if test="orderIds!=null">
			  and a.orderId IN 
			 <foreach item="item" index="index" collection="orderIds" open="(" separator="," close=")">
			 	#{item}
			 </foreach>
			</if>
		</where>
	</select>
	<!-- 取消订单 -->
	<update id="doCancelOrder">
		UPDATE scm_order_tbl a
			SET a.orderStatus = '3'
		WHERE
			a.id = #{orderId} and a.orderType != '02'
	</update>
	
	<!-- 查询所有订单getOrders,返回值是OrderEntity的List -->
	<select id="getOrdersByStatus" resultType="com.ultimate.common.OrderEntity">
		select id, orderNo, orderStatus, orderSource, companyId, userId,orderType,parentId  from scm_order_tbl 
		where <!-- (orderStatus='0' or orderStatus='1')  -->
		<if test="status!=null">
			   orderStatus IN 
			 <foreach item="item" index="index" collection="status" open="(" separator="," close=")">
			 	#{item}
			 </foreach>
			</if>
		and orderType !='02'
	</select>	
	
	<!-- 同步线程 往scm_order_tbl_copy表插入数据 -->
	<insert id="insertSynOrderTmpInfo" > 
      	insert into scm_order_tbl_copy(id, orderNo, orderStatus, total, shouldPayAmount) 
      	values (#{id}, #{OrderId}, #{OrderStatus}, #{SumTotal}, #{MinPayAmount})						  
	</insert>
	
	<!-- 插入锁表更新订单状态-->
	<update id="updateOrderStatusTbl">
		update scm_order_tbl
		<set>
		 	orderStatus = #{retOrderStatus},
		 	lastUpdateTime=sysdate() 
		</set>
		where id =  #{retOrderId}
	</update>
	
	<update id="updateDeliveryStatusTbl">
		update scm_order_tbl
		<set>
		 	deliveryStatus = #{deliveryStatus},
		 	lastUpdateTime=sysdate() 
		</set>
		where id =  #{OrderId}
	</update>
	
	<!-- 更新订单状态-->
	<update id="updateOrderStatusTblByNo">
		update scm_order_tbl
		<set>
		 	orderStatus = #{orderStatus},
		 	lastUpdateTime=sysdate() 
		</set>
		where id =  #{orderId}
	</update>

	<!-- 查询订单getOrderList -->
	<select id="getOrderList" resultType="hashmap">
		select SQL_CALC_FOUND_ROWS ot.id,
			   ot.orderNo ,
			   ot.customerId,
			   ot.sellerId,
			   DATE_FORMAT(ot.createTime,'%Y-%m-%d %T') createTime,
			   ot.orderStatus,
			   ot.orderAmount,
			   ot.payAmount,
			   ot.hasChild,
			   ot.companyId
		   from scm_order_tbl ot 
		 where ot.userId = #{userId}
			 <if test="customerId != null">
			     and ot.customerId like concat('%',#{customerId},'%')
			 </if>
			 <if test="company != null">
			     and ot.company like concat('%',#{company},'%')
			 </if>
			 <if test="orderNo != null">
				 and ot.orderNo like concat('%',#{orderNo},'%')
			 </if>
			 <if test="start_date != null">
				 and DATE_FORMAT(ot.createTime,'%Y-%m-%d') <![CDATA[>=]]> #{start_date}
			 </if>
			 <if test="end_date != null">
				 and DATE_FORMAT(ot.createTime,'%Y-%m-%d') <![CDATA[<=]]> #{end_date}
			 </if>
			 <if test="orderStatus != null">
				 and ot.orderStatus = #{orderStatus}
			 </if>
		 	order by ot.createTime desc
	</select>	
	<!-- 查询订单总条数 -->
	<select id="getOrderInfoCount" resultType="int">
	   select FOUND_ROWS();
	</select>
	<!-- 根据订单id查询订单详情 -->
	<select id="getOrderDetailById"  resultType="hashmap">
		select ot.id,
	          ot.orderNo as orderNo,
	          ot.orderStatus,
	          ot.address, 
	          ad.name,
	          ad.mobile,
	          ad.telephone,
	          ad.email,
	          ot.company,
			  CONCAT(ap.areaName,ac.areaName,aa.areaName,ad.address) as shippingAddress,
			  date_format(ot.createTime,'%Y-%m-%d %T') as createTime,
			  ot.shippingMethod,
			  dt.dictName,
			  ot.orderType,
			  ot.orderAmount,
			  ot.hasChild 
		from scm_order_tbl ot 
		  left join scm_address_tbl ad on ot.addressId = ad.id 
		  left join sys_dictionary_tbl dt on ot.shippingMethod = dt.dictId
			left join sys_area_tbl ap on ad.provinceId = ap.areaId
			left join sys_area_tbl ac on ad.cityId = ac.areaId
			left join sys_area_tbl aa on ad.cityAreaId = aa.areaId
	   where ot.id = #{orderId} and ot.userId = #{userId}
	</select>	
	<!-- 根据订单id查询相应订单中的产品信息 -->
	<select id="getOrderDetailProById" resultType="hashmap">
	   select op.orderId,
       		  op.orderNo as OrderEntry,
       		  op.orderNo as orderNo,
			  op.productId as ProductId,
			  op.productId as productId,
              op.productName as ProductName,
              op.productName as productName,
              op.productSize as Specification,
              op.productSize as productSize,
			  op.productEntry,
			  op.productType,
			  op.productWeight pWeight,
			  op.price,
			  op.quantity as Count,
			  op.quantity as quantity,
			  op.receivedQuantity as receiveCount,
			  op.receivedQuantity as receivedQuantity,
			  op.shippedQuantity as shippedCount,
			  op.shippedQuantity as shippedQuantity,
       		  p.unitName as Unit,
       		  p.unitName as unitName,
              p.rsv1 
 		 from scm_order_product_tbl op 
 			LEFT JOIN scm_product_tbl p on op.productId = p.id 
 		 where op.orderId=#{orderId}
		<if test="productEntry != null">
         	and opt.productEntry=#{productEntry}
        </if>
	</select>
	<!-- 根据订单id查询相应订单的备注 -->
	<select id="getOrderDetailNote"  resultType="hashmap">
	   select DATE_FORMAT(n.createTime,'%Y-%m-%d %T' ) as createTime,
	          n.note as Memo,
	          n.note as note
		  from scm_order_note_tbl n 
		where  1=1 
		    
		<if test="orderId != null and orderId != ''">
		 and	n.orderId=#{orderId}
		</if>
		
		<if test="orderNo != null and orderNo != ''">
		 and	n.orderNo = #{orderNo}
		</if>
			
		
		
	</select>
	
	<!-- 根据订单id查询最小付款额信息   add by yangf  20140924 -->
	<select id="getMinPayAmount" resultType="hashmap">
	   select ot.id,
	   		  ot.orderNo,
	   		  ot.shouldPayAmount as minPayAmount,
	   		  ot.shouldPayAmount as shouldPayAmount
	   	  from scm_order_tbl ot
	   	where ot.id = #{orderId} and ot.userId = #{userId}	  
	</select>
	
	<!-- 根据订单id修改最小付款额信息   add by yangf  20141017 -->
	<update id="updateMinPayAmount">
	    update scm_order_tbl ot 
	       set ot.shouldPayAmount =#{minPayAmount}
	   	where ot.id = #{orderId} and ot.userId = #{userId}  
	</update>
	
	<!-- 
		最近购买的订单
		modified by zjfh-chenlq at 2015.07.09 for mobile,
		查询最近订单时联合订单表与account表查询，返回字段增加了：orderAmount,customerId,userName
	 -->
	<select id="getRecentOrderList"  resultMap="orderEntityInfo">
		SELECT
			ot.id,
			ot.orderNo,
			ot.lastUpdateTime,
			ot.createTime,
			ot.orderAmount,
			ot.customerId,
			ot.orderStatus,
			sat.userName,
			sct.companyName,
			sct.companyId	
		FROM
			scm_order_tbl ot LEFT JOIN scm_account_tbl sat ON ot.customerId=sat.customerId
			LEFT JOIN scm_company_tbl sct ON ot.companyId=sct.companyId
		WHERE
				ot.orderType = '00' 
			AND ot.userId = #{userId}
			AND ot.authorId = #{authorId}
		<if test = "queryTime != null and queryTime != ''" >
			AND DATE_FORMAT(ot.createTime,'%Y-%m-%d') <![CDATA[>=]]> #{queryTime}
		</if >
		<if test = "companyId != null and companyId != ''" >
			AND ot.companyId = #{companyId}
		</if >
		ORDER BY
			ot.lastUpdateTime DESC		
	</select>
	
	<!-- 获取订单产品列表 -->
	<select id="getOrderProductList" resultType="hashmap">
		SELECT
			opt.productId AS pId,
			opt.productId AS productId,
			round(opt.count) AS count
		FROM
			scm_order_product_tbl opt
		WHERE
			opt.orderNo = #{orderNo} 
		ORDER BY
			opt.orderEntry
  </select>
	
	<!-- 生成订单号 -->
	<select id="getseqOrderNo"  resultType="hashmap">
	 select seq(#{type},#{type},#{createDate}) as val
	</select>

	<!-- 保存订单信息  add salesmanId 字段  modify by yangfen 2015-02-04 -->
    <insert id="insertOrder" >
    	<selectKey resultType="java.lang.Integer" order="AFTER" keyProperty="generatedId" >
			select LAST_INSERT_ID() as id
		</selectKey>
		insert into scm_order_tbl(createTime,
								  orderNo,
								  deliveryTime,
								  orderStatus,
								  erp_orderStatus,
								  orderType,
								  orderSource,
								  companyId,
								  address,
								  <if test="addressId !=null and addressId !=''">addressId,</if>
								  shippingMethod,
								  orderAmount,
								  userId,
								  salesmanId,
								  customerId,
								  authorId,
								  sellerId,
								  modifierId,
								  lastUpdateTime,
								  contactName,
						  		  contactMobile,
								  <if test="storageType !=null and storageType !=''">outBound,</if>
								  <if test="carType !=null and carType !=''">vehicleType,</if>
								  <if test="paymentMethod !=null and paymentMethod !=''"> paymentMethod,</if>
								  <if test="isContract !=null and isContract !=''"> isContract,</if>
								  <if test="orderTime !=null and orderTime !=''"> orderTime,</if>
								  <if test="deliveryStatus !=null and deliveryStatus !=''"> deliveryStatus,</if>
								  <if test="shippingFee !=null and shippingFee !=''"> shippingFee,</if>
								  <if test="handingFee !=null and handingFee !=''"> handingFee,</if>
								  <if test="outBound !=null and outBound !=''"> outBound,</if>
								  rd1,
								  rd2,
								  rd3,
								  rd4,
								  rd5,
								  rd6,
								  rd7,
								  rd8,
								  rd9,
								  rd10,
								  rd11,
								  rd12,
								  rd13,
								  rd14,
								  rd15,
								  rd16,
								  rsv1,
								  rsv2,
								  rsv3) 
						  values(#{createTime},
						  		 #{orderNo},
						  		 #{ordertoDate},
						  		 #{orderStatus},
						  		 #{erp_orderStatus},
						  		 #{orderType},
						  		 #{orderSource},
						  		 #{companyId},
						  		 #{addressDetail},
						  		 <if test="addressId !=null and addressId !='' ">#{addressId},</if>
						  		 #{shippingMethod},
						  		 #{orderAmount},
						  		 #{userId},
						  		 #{salesmanId},
						  		 #{customerId},
						  		 #{authorId},				  		 
						  		 #{sellerId},
						  		 #{modifierId},
						  		 #{lastUpdateTime},
						  		 #{contactName},
						  		 #{contactMobile},
								 <if test="storageType !=null and storageType !=''"> #{storageType},</if>
								 <if test="carType !=null and carType !=''">#{carType},</if>
								 <if test="paymentMethod !=null and paymentMethod !=''">#{paymentMethod},</if>
								 <if test="isContract !=null and isContract !=''">#{isContract},</if>
								 <if test="orderTime !=null and orderTime !=''"> #{orderTime},</if>
								 <if test="deliveryStatus !=null and deliveryStatus !=''"> #{deliveryStatus},</if>
								 <if test="shippingFee !=null and shippingFee !=''">#{shippingFee},</if>
								 <if test="handingFee !=null and handingFee !=''"> #{handingFee},</if>
								 <if test="outBound !=null and outBound !=''">  #{outBound},</if>
						  		 #{rd1},
						  		 #{rd2},
						  		 #{rd3},
						  		 #{rd4},
						  		 #{rd5},
						  		 #{rd6},
						  		 #{rd7},
						  		 #{rd8},
						  		 #{rd9},
						  		 #{rd10},
						  		 #{rd11},
						  		 #{rd12},
						  		 #{rd13},
						  		 #{rd14},
						  		 #{rd15},
						  		 #{rd16},
						  		 #{rsv1},
								 #{rsv2},
								 #{rsv3})

	</insert>
	<!-- 查询订单最大的序列号 id -->
	<select id="selectNumOrderId"  resultType="hashmap">
		select LAST_INSERT_ID() as id
	</select>
	
	
	<update id="updateOrderNo" >
	update  scm_order_tbl  <set> orderNo=#{orderNo}  </set>  where id=#{id}
	</update>
	
	<!-- 插入信息到订单产品表中 -->
	<insert id="insertProductTbl" >	
	   insert into scm_order_product_tbl (productId,
										  entryId,
										  orderId,
										  orderNo,
										  orderEntry,
										  count,
										  weight,
										  countUnit,
										  weightUnit,
										  productName,
										  productType,
										  productSize,
										  productAddress,
										  batch,
										  standardLen,
										  cost,
										  price,
										  realPrice,
										  categoryId,
										  createTime,
										  picFilePath,
										  picFileName,
										  shipFee,
										  salesmanId,
										  parentId,
										  lastUpdateTime,
										  toDate,
										  note,
										  companyId,
										  rd1,
										  rd2,
										  rd3,
										  rd4,
										  rd5,
										  rd6,
										  rd7,
										  rd8,
										  rd9,
										  rd10,
										  rd11,
										  rd12,
										  rd13,
										  rd14,
										  rd15,
										  rd16,
										  rd17,
										  rd18,
										  rd19,
										  rd20,
										  rd21,
										  rd22,
										  rd23,
										  rd24,
										  rd25,
										  rd26,
										  rd27,
										  rd28,
										  rd29,
										  rd30)
								   values(#{productId},
										  #{entryId},
										  #{orderId},
										  #{orderNo},
										  #{orderEntry},
										  #{count},
										  #{weight},
										  #{countUnit},
										  #{weightUnit},
										  #{productName},
										  #{productType},
										  #{productSize},
										  #{productAddress},
										  #{batch},
										  #{standardLen},
										  #{cost},
										  #{defaultPrice},
										  #{realPrice},
										  #{categoryId},
										  #{createTime},
										  #{picFilePath},
										  #{picFileName},
										  #{shipFee},
										  #{salesmanId},
										  #{parentId},
										  #{lastUpdateTime},
										  #{toDate},
										  #{note},
										  #{companyId},
										  #{rd1},
										  #{rd2},
										  #{rd3},
										  #{rd4},
										  #{rd5},
										  #{rd6},
										  #{rd7},
										  #{rd8},
										  #{rd9},
										  #{rd10},
										  #{rd11},
										  #{rd12},
										  #{rd13},
										  #{rd14},
										  #{rd15},
										  #{rd16},
										  #{rd17},
										  #{rd18},
										  #{rd19},
										  #{rd20},
										  #{rd21},
										  #{rd22},
										  #{rd23},
										  #{rd24},
										  #{rd25},
										  #{rd26},
										  #{rd27},
										  #{rd28},
										  #{rd29},
										  #{rd30})
	   </insert>
	
	<insert id="insertOrderNote" >
	insert into scm_order_note_tbl(createTime, isPublic, userId, note, orderId,orderNo)  values(current_timestamp(), 1, #{userId}, #{note}, #{orderId},#{orderNo})
	</insert>
	
	<!-- add by yupan datetime:2015年1月26日10:36:52 -->
	<!-- 查询订单数据 -->
	<select id="getOrderInfoList" resultType="hashmap">
		SELECT
			ot.id,
			ot.orderNo,
			DATE_FORMAT(
				ot.createTime,
				'%Y-%m-%d %T'
			) createTime,
			ot.deliveryTime,
			ot.orderStatus,
			ot.erp_orderStatus,
			ot.orderType,
			ot.orderSource,
			ot.deliveryId,
			ot.invoiceId,
			ot.logistics,
			ot.companyId,
			ot.address,
			DATE_FORMAT(ot.orderTime, '%Y-%m-%d %T') orderTime,
			ot.activeProfile,
			ot.shippingMethod,
			ot.orderAmount,
			ot.minAmount,
			ot.payAmount,
			ot.userId,
			sat.userName,
			ot.customerId,
			ot.oldOrderId,
			ot.parentId,
			ot.hasChild,
			ot.sellerId,
			ot.modifierId,
			DATE_FORMAT(
				ot.lastUpdateTime,
				'%Y-%m-%d %T'
			) lastUpdateTime,
			outBound,
			vehicleType,
			paymentMethod,
			isContract,
			ot.rd1,
			ot.rd2,
			ot.rd3,
			ot.rd4,
			ot.rd5,
			ot.rd6,
			ot.rd7,
			ot.rd8,
			ot.rd9,
			ot.rd10,
			ot.rd11,
			ot.rd12,
			ot.rd13,
			ot.rd14,
			ot.rd15,
			ot.rd16,
			ct.companyName,
			SUM(spmt.amount) amount
		FROM
			scm_order_tbl ot
		LEFT JOIN scm_company_tbl ct ON ot.companyId = ct.companyId
		LEFT JOIN scm_account_tbl sat ON ot.userId=sat.id
		LEFT JOIN scm_payment_mapping_tbl spmt ON ot.id = spmt.orderId
		WHERE
			ot.orderType = '00' and 
			ot.userId IN 
			 <foreach item="item" index="index" collection="userIds" open="(" separator="," close=")">
			 	#{item}
			 </foreach>
			 <if test="orderNo != null">
				 and ot.orderNo like concat('%',#{orderNo},'%')
			 </if>
			 <if test="company !=null">
			 	and CONCAT(ot.companyId,ct.companyName) like concat('%',#{company},'%')
			 </if>
			 <if test="dealer !=null">
			 	and CONCAT(ot.customerId,sat.userName) like concat('%',#{dealer},'%')
			 </if>
			 <if test="start_date != null">
				 and DATE_FORMAT(ot.createTime,'%Y-%m-%d') <![CDATA[>=]]> #{start_date}
			 </if>
			 <if test="end_date != null">
				 and DATE_FORMAT(ot.createTime,'%Y-%m-%d') <![CDATA[<=]]> #{end_date}
			 </if>
			 <if test="orderStatus != null">
				 and ot.orderStatus = #{orderStatus}
			 </if>
			 <if test="orderSource !=null">
			 	 and ot.orderSource=#{orderSource}
			 </if>
			GROUP BY ot.id
			order by ot.createTime desc
	</select>
	<!-- add by zhengh datetime:2015-04-10 -->
	<!-- 查询订单数据 -->
	<select id="getOrderInfoListAll" resultType="hashmap">
		SELECT
			ot.id,
			ot.orderNo,
			DATE_FORMAT(
				ot.createTime,
				'%Y-%m-%d %T'
			) createTime,
			ot.deliveryTime,
			ot.orderStatus,
			ot.erp_orderStatus,
			ot.orderType,
			ot.orderSource,
			ot.deliveryId,
			ot.invoiceId,
			ot.logistics,
			ot.companyId,
			ot.address,
			DATE_FORMAT(ot.orderTime, '%Y-%m-%d %T') orderTime,
			ot.activeProfile,
			ot.shippingMethod,
			ot.orderAmount,
			ot.minAmount,
			ot.payAmount,
			ot.userId,
			sat.userName,
			ot.customerId,
			ot.oldOrderId,
			ot.parentId,
			ot.hasChild,
			ot.sellerId,
			ot.modifierId,
			DATE_FORMAT(
				ot.lastUpdateTime,
				'%Y-%m-%d %T'
			) lastUpdateTime,
			outBound,
			vehicleType,
			paymentMethod,
			isContract,
			ot.rd1,
			ot.rd2,
			ot.rd3,
			ot.rd4,
			ot.rd5,
			ot.rd6,
			ot.rd7,
			ot.rd8,
			ot.rd8,
			ot.rd10,
			ot.rd11,
			ot.rd12,
			ot.rd13,
			ot.rd14,
			ot.rd15,
			ot.rd16,
			ct.companyName
		FROM
			scm_order_tbl ot
		LEFT JOIN scm_company_tbl ct ON ot.companyId = ct.companyId
		LEFT JOIN scm_account_tbl sat ON ot.userId=sat.id
		WHERE 1=1
			 <if test="orderNo != null">
				 and ot.orderNo like concat('%',#{orderNo},'%')
			 </if>
			 <if test="company !=null">
			 	and CONCAT(ot.companyId,ct.companyName) like concat('%',#{company},'%')
			 </if>
			 <if test="dealer !=null">
			 	and CONCAT(ot.customerId,sat.userName) like concat('%',#{dealer},'%')
			 </if>
			 <if test="start_date != null">
				 and DATE_FORMAT(ot.createTime,'%Y-%m-%d') <![CDATA[>=]]> #{start_date}
			 </if>
			 <if test="end_date != null">
				 and DATE_FORMAT(ot.createTime,'%Y-%m-%d') <![CDATA[<=]]> #{end_date}
			 </if>
			 <if test="orderStatus != null">
				 and ot.orderStatus = #{orderStatus}
			 </if>
			 <if test="orderSource !=null">
			 	 and ot.orderSource=#{orderSource}
			 </if>
		 	order by ot.createTime desc
	</select>
	<!-- 查询可取消的订单 -->
	<select id = "selectOrderNoByOrderId" resultType="string">
		SELECT
			ot.orderNo
		FROM
			scm_order_tbl ot
		LEFT JOIN scm_company_tbl ct ON ot.companyId = ct.companyId
		LEFT JOIN scm_account_tbl sat ON ot.userId=sat.id
		WHERE
			ot.id = #{orderId} and ot.orderStatus = '0' and
			ot.userId IN 
			 <foreach item="item" index="index" collection="userIds" open="(" separator="," close=")">
			 	#{item}
			 </foreach>
	</select>
	<!-- 根据订单id查询相应订单中的产品信息 -->
	<select id="getOrderProductInfoById" resultType="hashmap">
		SELECT
			op.productId,
			op.orderId,
			op.orderNo,
			op.orderEntry,
			op.productName,
			op.productType,
			op.productSize,
			op.productAddress,
			op.batch,
			op.standardLen,
			op.count,
			op.weight,
			op.countUnit,
			op.weightUnit,
			op.cost,
			IFNULL(op.price,0) AS price,
			IFNULL((op.count*op.price),0) as total, 
			IFNULL(op.realPrice,0) AS realPrice,	
			IFNULL((op.count*op.realPrice),0) as realTotal, 
			op.note,
			DATE_FORMAT(
				op.toDate,
				'%Y-%m-%d'
			) toDate,
			op.categoryId,
			op.picFilePath,
			op.picFileName,
			op.shipFee,
			op.companyId,
			op.salesmanId,
			op.parentId,
			op.lastUpdateTime,
			op.rd1,
			op.rd2,
			op.rd3,
			op.rd4,
			op.rd5,
			op.rd6,
			op.rd7,
			op.rd8,
			op.rd9,
			op.rd10,
			op.rd11,
			op.rd12,
			op.rd13,
			op.rd14,
			op.rd15,
			op.rd16,
			op.rd17,
			op.rd18,
			op.rd19,
			op.rd20,
			op.rd21,
			op.rd22,
			op.rd23,
			op.rd24,
			op.rd25,
			op.rd26,
			op.rd27,
			op.rd28,
			op.rd29,
			op.rd30
		FROM
			scm_order_product_tbl op
		WHERE
			op.orderId = #{orderId}
	</select>
	<!-- 根据订单id和userId查询订单详情 -->
	<select id="getOrderDetailInfoById"  resultType="hashmap">
		SELECT
			ot.id,
			ot.orderNo,
			DATE_FORMAT(
				ot.createTime,
				'%Y-%m-%d %T'
			) createTime,
			DATE_FORMAT(
				ot.deliveryTime,
				'%Y-%m-%d'
			) deliveryTime,
			ot.orderStatus,
			ot.erp_orderStatus,
			ot.orderType,
			ot.orderSource,
			ot.deliveryId,
			ot.invoiceId,
			ot.logistics,
			ot.companyId,
			ot.address,
			DATE_FORMAT(ot.orderTime, '%Y-%m-%d %T') orderTime,
			ot.activeProfile,
			ot.shippingMethod,
			ot.orderAmount,
			ot.minAmount,
			ot.payAmount,
			at.userName,
			ot.userId,
			ot.customerId,
			ot.oldOrderId,
			ot.parentId,
			ot.hasChild,
			ot.sellerId,
			ot.modifierId,
			DATE_FORMAT(
				ot.lastUpdateTime,
				'%Y-%m-%d %T'
			) lastUpdateTime,
			outBound,
			vehicleType,
			paymentMethod,
			isContract,
			ot.rd1,
			ot.rd2,
			ot.rd3,
			ot.rd4,
			ot.rd5,
			ot.rd6,
			ot.rd7,
			ot.rd8,
			ot.rd8,
			ot.rd10,
			ot.rd11,
			ot.rd12,
			ot.rd13,
			ot.rd14,
			ot.rd15,
			ot.rd16,
			ad.name,
	        ad.mobile,
	        ad.telephone,
	        ad.email,
			CONCAT(ap.areaName,ac.areaName,aa.areaName,ad.address) as shippingAddress,
			c.companyName
		FROM
			scm_order_tbl ot
		LEFT JOIN scm_address_tbl ad on ot.addressId = ad.id
		LEFT JOIN sys_area_tbl ap on ad.provinceId = ap.areaId
		LEFT JOIN sys_area_tbl ac on ad.cityId = ac.areaId
		LEFT JOIN sys_area_tbl aa on ad.cityAreaId = aa.areaId
		LEFT JOIN scm_account_tbl at ON ot.userId=at.id
		LEFT JOIN scm_company_tbl c on ot.companyId= c.companyId
		WHERE  1=1 
		    
		<if test="orderId != null and orderId != ''">
		 and	ot.id = #{orderId}
		</if>
		
		<if test="orderNo != null and orderNo != ''">
		 and	ot.orderNo = #{orderNo}
		</if>
		
			
	</select>
	<!-- 根据订单id查询发货单信息 -->
	<select id="getOrderDeliveryById"  resultType="hashmap">
		SELECT
			od.id,
			od.orderId,
			od.deliveryId,
			od.deliverOrderEntry,
			od.rd1,
			od.rd2,
			dt.deliveryId AS deliveryNo,
			dt.deliveryId AS deliveryId,
			dt.createTime,
			dt.deliveryTime,
			dt.deliveryStatus,
			dt.amount,
			dt.carNum,
			dt.contactor,
			dt.mobile,
			dt.driverName,
			dt.userId,
			dt.customerId,
			dt.lastUpdateTime,
			dt.rd1,
			dt.rd2,
			dt.rd3,
			dt.rd4,
			dt.rd5
		FROM
			scm_order_delivery_tbl od
		LEFT JOIN scm_delivery_tbl dt ON od.deliveryId = dt.id
		LEFT JOIN scm_order_tbl odt ON od.orderId = odt.id
		WHERE 1=1 
		    
		<if test="orderId != null and orderId != ''">
		 and	od.orderId = #{orderId}
		</if>
		
		<if test="orderNo != null and orderNo != ''">
		 and	odt.orderNo = #{orderNo}
		</if>
			
	</select>
	<!-- 根据订单id查询相应订单中的产品信息 -->
	<select id="getOrderDetailProductInfoById" resultType="hashmap">
		SELECT
			op.productId,
			op.orderId,
			op.orderNo,
			op.orderEntry,
			op.productName,
			op.productType,
			op.productSize,
			op.productAddress,
			op.batch,
			op.standardLen,
			op.count,
			op.weight,
			op.countUnit,
			op.weightUnit,
			op.cost,
			op.price AS price,
			(op.count*op.price) as total,	
			op.realPrice AS realPrice,	
			(op.count*op.realPrice) as realTotal,	 
			op.note,
			DATE_FORMAT(
				op.toDate,
				'%Y-%m-%d'
			) toDate,
			op.categoryId,
			op.picFilePath,
			op.picFileName,
			op.shipFee,
			op.companyId,
			op.salesmanId,
			op.parentId,
			op.lastUpdateTime,
			op.rd1,
			op.rd2,
			op.rd3,
			op.rd4,
			op.rd5,
			op.rd6,
			op.rd7,
			op.rd8,
			op.rd9,
			op.rd10,
			op.rd11,
			op.rd12,
			op.rd13,
			op.rd14,
			op.rd15,
			op.rd16,
			op.rd17,
			op.rd18,
			op.rd19,
			op.rd20,
			op.rd21,
			op.rd22,
			op.rd23,
			op.rd24,
			op.rd25,
			op.rd26,
			op.rd27,
			op.rd28,
			op.rd29,
			op.rd30
		FROM
			scm_order_product_tbl op
		<where>
			<if test="orderId != null and orderId != ''">
			 and	op.orderId = #{orderId}
			</if>
			
			<if test="orderNo != null and orderNo != ''">
			 and	op.orderNo = #{orderNo}
			</if>
		</where>
		    
	</select>
	
	<update id = "updateActiveProfile">
		update scm_order_tbl set activeProfile = #{activeProfile} where id =#{orderId}
	</update>
	
	<!-- 同步订单线程 -->
	<!-- 查询本地数据库是否有该订单 -->
	<select id = "selectSyncOrderInfo" resultType="hashmap">
	 	select * from scm_order_tbl where orderNo = #{orderNo} and orderType = #{orderType}
	</select>
	<!-- 查询总订单信息 -->
	<select id = "selectSyncParentOrderInfo" resultType = "hashmap">
		select * from scm_order_tbl where orderNo = #{parentOrderNo} and orderType = '00'
	</select>
	
	<!-- 更新本地订单数据 -->
	<update id = "updateSyncOrderInfo">
	 	update scm_order_tbl
	 	<set>
	 		orderNo = #{orderNo},
	 		parentId = #{parentId},
	 		userId = #{userId},
	 		customerId = #{customerId},
	 		orderstatus=#{orderStatus},
	 		orderSource = #{orderSource},
	 		orderType = #{orderType},
	 		<if test = "companyId != null and companyId != ''">
	 		companyId = #{companyId},
	 		</if>
	 		<if test = "erp_orderStatus != null and erp_orderStatus != ''">
	 		erp_orderStatus = #{erp_orderStatus},
	 		</if>
	 		oldOrderId = #{oldOrderId},
	 		<if test = "activeProfile != null and activeProfile != ''">
	 			activeProfile = #{activeProfile},
	 		</if>
	 		<if test="authorId !=null">
				authorId=#{authorId},
			</if>
			<if test="salesmanId !=null">
				salesmanId=#{salesmanId},
			</if>
			<if test="modifierId !=null">
				modifierId=#{modifierId},
			</if>
	 		lastupdatetime=#{businessDate},
	 		orderAmount=#{orderAmount},
	 		<if test="payAmount !=null and payAmount != ''">
	 		payAmount=#{payAmount},
	 		</if>
	 		<if test="minAmount !=null and minAmount != ''">
			minAmount=#{minAmount},
			</if>
			<if test="sellerId !=null and sellerId != ''">
			sellerId=#{sellerId},
			</if>
			<if test="shippingFee !=null and shippingFee != ''">
			shippingFee=#{shippingFee},
			</if>
			<if test="handingFee !=null and handingFee != ''">
			handingFee=#{handingFee},
			</if>
			<if test="deliveryStatus !=null and deliveryStatus != ''">
			deliveryStatus=#{deliveryStatus},
			</if>
			<if test="outBound !=null and outBound != ''">
			outBound=#{outBound},
			</if>
			<if test="address !=null and address != ''">
			address=#{address},
			</if>
			<if test="deliveryTime !=null and deliveryTime != ''">
			deliveryTime=#{deliveryTime},
			</if>
			<if test="authorId !=null and authorId != ''">
			authorId=#{authorId},
			</if>
			<if test="orderTime !=null and orderTime != ''">
			orderTime=#{orderTime},
			</if>
			<if test="deliveryTime !=null and deliveryTime != ''">
			deliveryTime=#{orderTime},
			</if>
			<if test="contactName !=null and contactName != ''">
			contactName=#{contactName},
			</if>
			<if test="contactMobile !=null and contactMobile != ''">
			contactMobile=#{contactMobile},
			</if>
			<if test="deliveryId !=null and deliveryId != ''">
			deliveryId=#{deliveryId},
			</if>
			<if test="invoiceId !=null and invoiceId != ''">
			invoiceId=#{invoiceId},
			</if>
			<if test="paymentMethod !=null and paymentMethod != ''">
			paymentMethod = #{paymentMethod},
			</if>
			<if test="shippingMethod !=null and shippingMethod != ''">
			shippingMethod = #{shippingMethod},
			</if>
			<if test="rd1 !=null and rd1 != ''">
	 		rd1=#{rd1},
	 		</if>
			<if test="rd2 !=null and rd2 != ''">
	 		rd2=#{rd2},
	 		</if>
			<if test="rd3 !=null and rd3 != ''">
	 		rd3=#{rd3},
	 		</if>
			<if test="rd4 !=null and rd4 != ''">
	 		rd4=#{rd4},
	 		</if>
			<if test="rd5 !=null and rd5 != ''">
	 		rd5=#{rd5},
	 		</if>
			<if test="rd6 !=null and rd6 != ''">
	 		rd6=#{rd6},
	 		</if>
			<if test="rd7 !=null and rd7 != ''">
	 		rd7=#{rd7},
	 		</if>
			<if test="rd8 !=null and rd8 != ''">
	 		rd8=#{rd8},
	 		</if>
			<if test="rd9 !=null and rd9 != ''">
	 		rd9=#{rd9},
	 		</if>
			<if test="rd10 !=null and rd10 != ''">
	 		rd10=#{rd10},
	 		</if>
			<if test="rd11 !=null and rd11 != ''">
	 		rd11=#{rd11},
	 		</if>
			<if test="rd12 !=null and rd12 != ''">
	 		rd12=#{rd12},
	 		</if>
			<if test="rd13 !=null and rd13 != ''">
	 		rd13=#{rd13},
	 		</if>
			<if test="rd14 !=null and rd14 != ''">
	 		rd14=#{rd14},
	 		</if>
			<if test="rd15 !=null and rd15 != ''">
	 		rd15=#{rd15},
	 		</if>
			<if test="rd16 !=null and rd16 != ''">
	 		rd16=#{rd16},
	 		</if>
			<if test="rsv1 !=null and rsv1 != ''">
	 		rsv1=#{rsv1},
	 		</if>
			<if test="rsv2 !=null and rsv2 != ''">
	 		rsv2=#{rsv2},
	 		</if>
			<if test="rsv3 !=null and rsv3 != ''">
	 		rsv3=#{rsv3}
	 		</if>
	 	</set>
	 	where  id=#{orderId}
	</update>
	
	<!-- 订单状态线程更新订单 -->
	<update id = "updateSyncOrderStatusInfo">
	 	update scm_order_tbl
	 	<set>
	 		orderNo = #{orderNo},
	 		parentId = #{parentId},
	 		userId = #{userId},
	 		customerId = #{customerId},
	 		orderstatus=#{orderStatus},
	 		erp_orderStatus=#{erp_orderStatus},
	 		orderSource = #{orderSource},
	 		orderType = #{orderType},
	 		activeProfile = #{activeProfile},
	 		lastupdatetime=#{businessDate},
	 		orderAmount=#{orderAmount},
	 		<if test="hasChild !=null and hasChild != ''">
	 			hasChild=#{hasChild}
	 		</if>
	 	</set>
	 	where  id=#{orderId}
	</update>
	 
	<update id ="updateSyncOldOrderInfo">
		update scm_order_tbl
		<set>
			orderType='02'
		</set>
		where id= #{oldOrderId} 
	</update>
	
	<!-- 向本地数据库中插入企业订单 -->
	<insert id = "insertSyncOrderInfo">
		<selectKey resultType="java.lang.Long" order="AFTER" keyProperty="id" >
			select LAST_INSERT_ID() as id
		</selectKey>
	 	INSERT INTO scm_order_tbl (
			orderNo,
			createTime,
			orderStatus,
			<if test="erp_orderStatus !=null and erp_orderStatus != ''">
			erp_orderStatus,
			</if>
			orderType,
			orderSource,
			companyId,
			orderAmount,
			userId,
			customerId,
			oldOrderId,
			<if test="parentId !=null and parentId != ''">
				parentId,
			</if>
			<if test="salesmanId !=null and salesmanId != ''">
				salesmanId,
			</if>
			<if test="modifierId !=null and modifierId != ''">
				modifierId,
			</if>
			lastUpdateTime,
			<if test="payAmount !=null and payAmount != ''">
			payAmount,
			</if>
			<if test="minAmount !=null and minAmount != ''">
			minAmount,
			</if>
			<if test="sellerId !=null and sellerId != ''">
			sellerId,
			</if>
			<if test="shippingFee !=null and shippingFee != ''">
			shippingFee,
			</if>
			<if test="handingFee !=null and handingFee != ''">
			handingFee,
			</if>
			<if test="deliveryStatus !=null and deliveryStatus != ''">
			deliveryStatus,
			</if>
			<if test="outBound !=null and outBound != ''">
			outBound,
			</if>
			<if test="address !=null and address != ''">
			address,
			</if>
			<if test="deliveryTime !=null and deliveryTime != ''">
			deliveryTime,
			</if>
			<if test="authorId !=null and authorId != ''">
			authorId,
			</if>
			<if test="deliveryId !=null and deliveryId != ''">
			deliveryId,
			</if>
			<if test="invoiceId !=null and invoiceId != ''">
			invoiceId,
			</if>
			<if test="paymentMethod !=null and paymentMethod != ''">
			paymentMethod,
			</if>
			<if test="shippingMethod !=null and shippingMethod != ''">
			shippingMethod,
			</if>
			rd1,
			rd2,
			rd3,
			rd4,
			rd5,
			rd6,
			rd7,
			rd8,
			rd9,
			rd10,
 		    rd11,
			rd12,
			rd13,
			rd14,
			rd15,
			rd16,
			rsv1,
			rsv2,
			rsv3 
		)
		VALUES(
			#{orderNo},
			#{createTime},
			#{orderStatus},
			<if test="erp_orderStatus !=null and erp_orderStatus != ''">
			#{erp_orderStatus},
			</if>
			#{orderType},
			#{orderSource},
			#{companyId},
			#{orderAmount},
			#{userId},
			#{customerId},
			#{oldOrderId},
			<if test="parentId !=null and parentId != ''">
				#{parentId},
			</if>
			<if test="salesmanId !=null and salesmanId != ''">
				#{salesmanId},
			</if>
			<if test="modifierId !=null and modifierId != ''">
				#{modifierId},
			</if>
			#{businessDate},
			<if test="payAmount !=null and payAmount != ''">
			#{payAmount},
			</if>
			<if test="minAmount !=null and minAmount != ''">
			#{minAmount},
			</if>
			<if test="sellerId !=null and sellerId != ''">
			#{sellerId},
			</if>
			<if test="shippingFee !=null and shippingFee != ''">
			#{shippingFee},
			</if>
			<if test="handingFee !=null and handingFee != ''">
			#{handingFee},
			</if>
			<if test="deliveryStatus !=null and deliveryStatus != ''">
			#{deliveryStatus},
			</if>
			<if test="outBound !=null and outBound != ''">
			#{outBound},
			</if>
			<if test="address !=null and address != ''">
			#{address},
			</if>
			<if test="deliveryTime !=null and deliveryTime != ''">
			#{deliveryTime},
			</if>
			<if test="authorId !=null and authorId != ''">
			#{authorId},
			</if>
			<if test="deliveryId !=null and deliveryId != ''">
			#{deliveryId},
			</if>
			<if test="invoiceId !=null and invoiceId != ''">
			#{invoiceId},
			</if>
			<if test="paymentMethod !=null and paymentMethod != ''">
			#{paymentMethod},
			</if>
			<if test="shippingMethod !=null and shippingMethod != ''">
			#{shippingMethod},
			</if>
			#{rd1},
			#{rd2},
			#{rd3},
			#{rd4},
			#{rd5},
		    #{rd6},
		    #{rd7},
		    #{rd8},
		    #{rd9},
		    #{rd10},				
     		#{rd11},					
		    #{rd12},					
		    #{rd13},					
		    #{rd14},					
		    #{rd15},					
		    #{rd16},
		    #{rsv1},					
		    #{rsv2},					
		    #{rsv3}				
		)
	</insert>
	
	<select id = "selectSyncOrderProductInfo" resultType="hashmap">
	 	select id from scm_order_product_tbl where orderId = #{orderId}
	</select>
	 
	<delete id = "deleteSyncOrderProductInfo">
		delete from scm_order_product_tbl where orderId = #{orderId}
	</delete>
	
	<insert id = "insertSyncOrderProductInfo">
		insert into scm_order_product_tbl
		(productId,orderId,orderNo,orderEntry,productName,productSize,productAddress,batch,standardLen,productType,
		<if test="count !=null and count!=''">
		count,
		</if>
		<if test="arrangedCount !=null and arrangedCount !=''">
		arrangedCount,
		</if>
		<if test="weight !=null and weight !=''">
		weight,
		</if>
		<if test="weightUnit !=null and weightUnit !=''">
		weightUnit,
		</if>
		countUnit,
		<if test="cost !=null and cost !=''">
		cost,
		</if>
		<if test="price !=null and price !=''">
		price,
		</if>
		<if test="realPrice !=null and realPrice !=''">
		realPrice,
		</if>
		<if test="toDate !=null and toDate !=''">
		toDate,
		</if>
		<if test="createTime !=null and createTime !=''">
		createTime,
		</if>
		<if test="shipFee !=null and shipFee !=''">
		shipFee,
		</if>
		<if test="salesmanId !=null and salesmanId !=''">
		salesmanId,
		</if>
		<if test="parentId !=null and parentId !=''">
		parentId,
		</if>
		categoryId,companyId,entryId,note,rd1,rd2,rd3,rd4,rd5,rd6,rd7,rd8,rd9,rd10,rd11,rd12,rd13,rd14,rd15,rd16,rd17,rd18,rd19,rd20,rd21,rd22,rd23,rd24,rd25,rd26,rd27,rd28,rd29,rd30)
		values
		(#{productId},#{orderId},#{orderNo},#{orderEntry},#{productName},#{productSize},#{productAddress},#{batch},#{standardLen},#{productType},
		<if test="count !=null and count!=''">
		#{count},
		</if>
		<if test="arrangedCount !=null and arrangedCount !=''">
		#{arrangedCount},
		</if>
		<if test="weight !=null and weight !=''">
		#{weight},
		</if>
		<if test="weightUnit !=null and weightUnit !=''">
		#{weightUnit},
		</if>
		#{countUnit},
		<if test="cost !=null and cost !=''">
		#{cost},
		</if>
		<if test="price !=null and  price !=''">
		#{price},
		</if>
		<if test="realPrice !=null and realPrice !=''">
		#{realPrice},
		</if>
		<if test="toDate !=null and toDate !=''">
		#{toDate},
		</if>
		<if test="createTime !=null and createTime !=''">
		#{createTime},
		</if>
		<if test="shipFee !=null and shipFee !=''">
		#{shipFee},
		</if>
		<if test="salesmanId !=null and salesmanId !=''">
		#{salesmanId},
		</if>
		<if test="parentId !=null and parentId !=''">
		#{parentId},
		</if>
		#{categoryId},#{companyId},#{entryId},#{note},#{rd1},#{rd2},#{rd3},#{rd4},#{rd5},#{rd6},#{rd7},#{rd8},#{rd9},#{rd10},#{rd11},#{rd12},#{rd13},#{rd14},#{rd15},#{rd16},#{rd17},#{rd18},#{rd19},#{rd20},#{rd21},#{rd22},#{rd23},#{rd24},#{rd25},#{rd26},#{rd27},#{rd28},#{rd29},#{rd30})
	</insert>
	
	<!-- 查询上次同步成功的时间，cursor位置 -->
	<select id="getInterFaceRecords" resultType="hashmap" >
		SELECT
			scm_interface_record_tbl.cursor,
			date_format(scm_interface_record_tbl.lastUpdateTime,'%Y-%m-%d %T') AS StartTime
		FROM
			scm_interface_record_tbl
		WHERE
			interfaceid = 'D00300'
	</select>
	
<!-- 	<update id="updateInterfaceTbl">
		update scm_interface_record_tbl set scm_interface_record_tbl.lastUpdateTime=#{LastRecordTime}
		where scm_interface_record_tbl.interfaceId='D00300'
	</update> -->
	
	<!-- 同步订单状态 -->
	<update id="updateSynOrderInfo" > 
      	update scm_order_tbl
      	set scm_order_tbl.orderStatus = #{orderStatus}, 
	      	scm_order_tbl.activeProfile = #{activeProfile}
      	where scm_order_tbl.id = #{orderId}
	</update>
	
	<!-- 有子订单的情况下修改原订单的orderType为02 -->
	<update id="updateSynOrderType" > 
      	update scm_order_tbl
      	set scm_order_tbl.orderType = '02'
      	where scm_order_tbl.id = #{id}
	</update>
	
	<!-- 短信模块      wangc -->
	<select id="getUserIdByOrderId" resultType="hashmap">
		select
			userId,
			authorId,
			salesmanId,
			orderNo,
			createTime,
			orderAmount,
			deliveryTime,
			lastUpdateTime,
			payAmount
		from 
			scm_order_tbl
		where 
			id=#{sendId}  <!-- sendId就是order表中的id -->
	</select>
	
	<!-- 根据userId查询所归属的业务员信息  add By yangfen 2015-02-03 -->
	<select id="selectSalesIdByUserId" resultType="hashmap">
		select r.userId,
			   r.customerId,
			   r.belongTo,
			   r.belongCustomerId 
	      from scm_user_relate_tbl r 
	     where r.userId = #{userId}
	     and type = '2'
	</select>
	
	<select id="getOldOrderStatus" resultType="hashmap">
		select id,ot.orderStatus
	      from scm_order_tbl ot 
	     where ot.orderNo = #{orderNo}
	      and orderType !='02' and orderType !='01'
	</select>
	
	<select id="getOrderInfoByOrderId" resultType="hashmap">
		select ot.id,ot.outBound,ot.vehicleType,ot.paymentMethod,ot.shippingMethod,ot.isContract,date_format(ot.deliveryTime,'%Y-%m-%d') as deliveryTime,ont.note,ot.userId,ot.addressId,ot.rd5,ot.orderStatus
	      from scm_order_tbl ot 
	      	left join scm_order_note_tbl ont on ot.id = ont.orderId
	     where ot.id = #{orderId} and orderType !='02'
	</select>
	<update id="updateOrderInfoByWorkFlow">
		update scm_order_tbl
		<set>
		 	outBound = #{outBound},
		 	vehicleType = #{vehicleType},
		 	paymentMethod = #{paymentMethod},
		 	shippingMethod = #{shippingMethod},
		 	isContract = #{isContract},
		 	deliveryTime = #{deliveryTime},
		 	addressId = #{addressId},
		 	lastUpdateTime=sysdate() 
		</set>
		where id =  #{orderId}
	</update>
	
	<update id="updateNoteByWorkFlow">
		update scm_order_note_tbl ont
		<set>
		 	note = #{note}
		</set>
		where orderId =  #{orderId}
	</update>
	
	<update id="doUpdateCount">
		update scm_order_product_tbl 
		<set>
		 	count = #{count}
		</set>
		where productId =  #{productId}
	</update>
	
	<!-- 更新订单产品表的arrangedCount -->
	<update id="doUpdateArrangedCount">
	UPDATE scm_order_product_tbl
    SET arrangedCount=( case ISNULL(arrangedCount) when true then #{arragedQty} else arrangedCount+#{arragedQty}  end)
    where  orderId = #{orderId}
    and productId=#{productId} and orderEntry=#{orderEntry}
	</update>
	
	<update id="doUpdatePrice">
		update scm_order_product_tbl 
		<set>
		 	realPrice = #{price}
		</set>
		where productId =  #{productId}
	</update>
	<update id="updateOrderAmount">
		update scm_order_tbl 
		<set>
		 	orderAmount = #{orderAmount},
		 	lastUpdateTime=sysdate() 
		</set>
		where id =  #{id}
	</update>
	<update id="updatePriceAndCount">
		update scm_order_product_tbl 
		<set>
		 	realPrice = #{realPrice},
		 	count = #{count}
		</set>
		where productId =  #{productId} and orderId = #{orderId}
	</update>
	
	<select id="selectOrderStatusTbl" resultType="int">
		select count(1) from scm_order_note_tbl t where t.orderId = #{orderId} 
	</select>
	
	<select id="getSubOrder" resultType="hashmap">
	  select id,orderNo,customerId, orderAmount,DATE_FORMAT(createTime,'%Y-%m-%d %T') createTime,orderStatus from scm_order_tbl where 
		 parentId = #{orderId}
	</select>
	
	<select id="selectOrderInfo" resultMap="orderInfo">
	select
		a.id, 
		a.orderNo,
		DATE_FORMAT(a.createTime,'%Y-%m-%d %T') createTime,
		a.orderStatus,
		a.companyId,
		a.customerId,
		b.productId,
		b.orderEntry,
		b.productName,
		b.productAddress,
		b.batch,
		b.standardLen,
		b.count,
		b.price,
		DATE_FORMAT(b.toDate,'%Y-%m-%d') as toDate,
		b.categoryId,
		b.companyId,
		sat.userName,
		b.rd1 as F1,
		b.rd2 as F2,
		b.rd3 as F3,
		b.rd4 as F4,
		b.rd5 as F5,
		b.rd6 as F6,
		b.rd7 as F7,
		b.rd8 as F8,
		b.rd9 as F9,
		b.rd10 as F10,
		b.rd11 as F11,
		b.rd12 as F12,
		b.rd13 as F13,
		b.rd14 as F14,
		b.rd15 as F15
	from
	 scm_order_tbl a 
	join scm_order_product_tbl b on a.id=b.orderId
	LEFT JOIN scm_company_tbl ct on a.companyId= ct.companyId
	LEFT JOIN scm_account_tbl sat ON a.userId=sat.id
	where a.orderType = '00' and 
			a.userId IN 
			 <foreach item="item" index="index" collection="userIds" open="(" separator="," close=")">
			 	#{item}
			 </foreach>
	     <if test="orderNo != null">
			 and a.orderNo like concat('%',#{orderNo},'%')
		 </if>
		 <if test="company !=null">
		 	and CONCAT(a.companyId,ct.companyName) like concat('%',#{company},'%')
		 </if>
		 <if test="dealer !=null">
		 	and CONCAT(a.customerId,sat.userName) like concat('%',#{dealer},'%')
		 </if>
		 <if test="start_date != null">
			 and DATE_FORMAT(a.createTime,'%Y-%m-%d') <![CDATA[>=]]> #{start_date}
		 </if>
		 <if test="end_date != null">
			 and DATE_FORMAT(a.createTime,'%Y-%m-%d') <![CDATA[<=]]> #{end_date}
		 </if>
		 <if test="orderStatus != null">
			 and a.orderStatus = #{orderStatus}
		 </if>
		 <if test="orderSource !=null">
		 	 and a.orderSource = #{orderSource}
		 </if>
	</select>
	<select id="getOrderExportInfo" resultType="com.ultimate.common.OrderExportEntity">
			select
				a.id,
				a.orderNo,
				DATE_FORMAT(
					a.createTime,
					'%Y-%m-%d %T'
				) createTime,
				DATE_FORMAT(a.deliveryTime, '%Y-%m-%d') deliveryTime,
				a.orderStatus,
				a.orderSource,
				a.deliveryId,
				a.invoiceId,
				a.companyId,
				a.sellerId,
				a.address,
				a.shippingMethod,
				a.shippingFee,
				a.handingFee,
				a.orderAmount orderAmount,
				a.orderAmount sumTotal,
				a.minAmount,
				a.payAmount,
				a.userId,
				a.customerId,
				a.oldOrderId,
				a.parentId,
				a.hasChild,
				a.authorId,
				a.salesmanId,
				a.modifierId,
				DATE_FORMAT(
					a.lastUpdateTime,
					'%Y-%m-%d %T'
				) businessDate,
				a.outBound,
				a.vehicleType,
				a.paymentMethod,
				a.deliveryStatus,
				a.contactName,
				a.contactMobile,
				a.rd1 as f1,
				a.rd2 as f2,
				a.rd3 as f3,
				a.rd4 as f4,
				a.rd5 as f5,
				a.rd6 as f6,
				a.rd7 as f7,
				a.rd8 as f8,
				a.rd9 as f9,
				a.rd10 as f10,
				a.rd11 as f11,
				a.rd12 as f12,
				a.rd13 as f13,
				a.rd14 as f14,
				a.rd15 as f15,
				a.rd16 as f16,
				d.userName,
				b.productId,
				b.orderEntry,
				b.productName,
				b.productAddress,
				b.productSize as specification,
				b.productSize as productSize,
				b.batch,
				b.standardLen,
				b.count,
				b.price,
				DATE_FORMAT(b.toDate,'%Y-%m-%d') as toDate,
				b.categoryId,
				b.shipFee,
				b.note as memo,
				b.note as note,
				b.salesmanId,
				b.rd1,
				b.rd2,
				b.rd3,
				b.rd4,
				b.rd5,
				b.rd6,
				b.rd7,
				b.rd8,
				b.rd9,
				b.rd10,
				b.rd11,
				b.rd12,
				b.rd13,
				b.rd14,
				b.rd15,
				b.rd16,
				b.rd17,
				b.rd18,
				b.rd19,
				b.rd20,
				b.rd21,
				b.rd22,
				b.rd23,
				b.rd24,
				b.rd25,
				b.rd26,
				b.rd27,
				b.rd28,
				b.rd29,
				b.rd30
			from
			 scm_order_tbl a 
			LEFT JOIN scm_order_product_tbl b on a.id=b.orderId
			LEFT JOIN scm_company_tbl c on a.companyId= c.companyId
			LEFT JOIN scm_account_tbl d ON a.userId=d.id
			where a.orderType = '00' 
				<if test="CONDITION != null">
				and ${CONDITION}
			</if>
			<if test="userIds != null">
				and a.userId in
				<foreach item="item" index="index" collection="userIds" open="(" separator="," close=")">
				 	#{item}
				</foreach>
			</if>
			<if test="orderSource != null">
				and a.orderSource = #{orderSource}
			</if>
			<if test="orderStatus != null">
				and a.orderStatus = #{orderStatus}
			</if>
	</select>
	<!-- 通过订单号（orderNo）查询订单表中该订单的信息,orderType为总订单 -->
	<select id="relateOrderInfo" resultType="hashmap">
		SELECT
			id,
			orderNo,
			customerId,
			orderAmount,
			DATE_FORMAT(createTime, '%Y-%m-%d %H:%i:%S') createTime,
			orderStatus
		FROM
			scm_order_tbl
		WHERE
			orderNo = #{orderNo}
		AND orderType = '00'
	</select>
	
	<select id="getOrderInfoByOrderIds" resultType="hashmap" >
	SELECT
		sot.orderStatus,sot.id, sot.orderNo, sot.userId,
		(
		CASE WHEN sot.rd5 IS NULL THEN 0 ELSE sot.rd5 END 
		) rd5,
		sot.orderAmount,
		sat.userName,
		sot.customerId
	FROM scm_order_tbl sot
	LEFT JOIN scm_account_tbl sat ON sat.id=sot.userId
	WHERE
		sot.orderType ='00'
	AND
		sot.id IN 
	 <foreach item="item" index="index" collection="orderIdList"  open="(" separator="," close=")">
			 	#{item}
	</foreach>
 </select>
 <select id="getUserNameByOrderId" resultType="string"> 
 	SELECT
		sat.userName
	FROM scm_order_tbl sot
	Left JOIN scm_account_tbl sat ON sat.id=sot.userId
	WHERE sot.id = #{orderId}
 </select>
	
	
	<update id="updateOrderInfo" >
		update scm_order_tbl
		<set>
			<if test="createTime !=null and createTime !=''">createTime = #{createTime},</if>
		 	<if test="orderNo !=null and orderNo !=''">orderNo = #{orderNo},</if>
		 	<if test="ordertoDate !=null and ordertoDate !=''">deliveryTime = #{ordertoDate},</if>
		 	<if test="orderStatus !=null and orderStatus !=''">orderStatus = #{orderStatus},</if>
			<if test="erp_orderStatus !=null and erp_orderStatus !=''">erp_orderStatus = #{erp_orderStatus},</if>
			<if test="orderType !=null and orderType !=''">orderType = #{orderType},</if>
			<if test="orderSource !=null and orderSource !=''">orderSource = #{orderSource},</if>
			<if test="companyId !=null and companyId !=''">companyId = #{companyId},</if>
			<if test="addressDetail !=null and addressDetail !=''">address = #{addressDetail},</if>
			<if test="addressId !=null and addressId !=''">addressId = #{addressId},</if>
			<if test="shippingMethod !=null and shippingMethod !=''">shippingMethod = #{shippingMethod},</if>
			<if test="totalAmount !=null and totalAmount !=''">orderAmount = #{totalAmount},</if>
			<if test="userId !=null and userId !=''">userId = #{userId},</if>
			<if test="salesmanId !=null and salesmanId !=''">salesmanId = #{salesmanId},</if>
			<if test="customerId !=null and customerId !=''">customerId = #{customerId},</if>
			<if test="authorId !=null and authorId !=''">authorId = #{authorId},</if>
			<if test="sellerId !=null and sellerId !=''">sellerId = #{sellerId},</if>
			<if test="modifierId !=null and modifierId !=''">modifierId = #{modifierId},</if>
			<if test="lastUpdateTime !=null and lastUpdateTime !=''">lastUpdateTime = #{lastUpdateTime},</if>
			<if test="contactName !=null and contactName !=''">contactName = #{contactName},</if>
			<if test="contactMobile !=null and contactMobile !=''">contactMobile = #{contactMobile},</if>
			<if test="storageType !=null and storageType !=''">outBound = #{storageType},</if>
			<if test="carType !=null and carType !=''">vehicleType = #{carType},</if>
			<if test="paymentMethod !=null and paymentMethod !=''"> paymentMethod = #{paymentMethod},</if>
			<if test="isContract !=null and isContract !=''"> isContract = #{isContract},</if>
			<if test="rd1 !=null and rd1 !=''">rd1 = #{rd1},</if>
			<if test="rd2 !=null and rd2 !=''">rd2 = #{rd2},</if>
			<if test="rd3 !=null and rd3 !=''">rd3 = #{rd3},</if>
			<if test="rd4 !=null and rd4 !=''">rd4 = #{rd4},</if>
			<if test="rd5 !=null and rd5 !=''">rd5 = #{rd5},</if>
			<if test="rd6 !=null and rd6 !=''">rd6 = #{rd6},</if>
			<if test="rd7 !=null and rd7 !=''">rd7 = #{rd7},</if>
			<if test="rd8 !=null and rd8 !=''">rd8 = #{rd8},</if>
			<if test="rd9 !=null and rd9 !=''">rd9 = #{rd9},</if>
			<if test="rd10 !=null and rd10 !=''">rd10 = #{rd10},</if>
			<if test="rd11 !=null and rd11 !=''">rd11 = #{rd11},</if>
			<if test="rd12 !=null and rd12 !=''">rd12 = #{rd12},</if>
			<if test="rd13 !=null and rd13 !=''">rd13 = #{rd13},</if>
			<if test="rd14 !=null and rd14 !=''">rd14 = #{rd14},</if>
			<if test="rd15 !=null and rd15 !=''">rd15 = #{rd15},</if>
			<if test="rd16 !=null and rd16 !=''">rd16 = #{rd16},</if>
			<if test="rsv1 !=null and rsv1 !=''">rsv1 = #{rsv1},</if>
			<if test="rsv2 !=null and rsv2 !=''">rsv2 = #{rsv2},</if>
			<if test="rsv3 !=null and rsv3 !=''">rsv3 = #{rsv3},</if>
			id = #{id} 
		</set>
		where id = #{id} 
		and orderType = '00'
	</update>
	
	
	<update id="updateOrderProductInfo" >	
	   update scm_order_product_tbl 
	   <set>
	   		<if test="productId !=null and productId !=''">productId = #{productId},</if>
			<if test="entryId !=null and entryId !=''">entryId = #{entryId},</if>
			<if test="orderId !=null and orderId !=''">orderId = #{orderId},</if>
			<if test="orderNo !=null and orderNo !=''">orderNo = #{orderNo},</if>
			<if test="orderEntry !=null and orderEntry !=''">orderEntry = #{orderEntry},</if>
			<if test="count !=null and count !=''">count = #{count},</if>
			<if test="weight !=null and weight !=''">weight = #{weight},</if>
			<if test="countUnit !=null and countUnit !=''">countUnit = #{countUnit},</if>
			<if test="weightUnit !=null and weightUnit !=''">weightUnit = #{weightUnit},</if>
			<if test="productName !=null and productName !=''">productName = #{productName},</if>
			<if test="productType !=null and productType !=''">productType = #{productType},</if>
			<if test="productSize !=null and productSize !=''">productSize = #{productSize},</if>
			<if test="productAddress !=null and productAddress !=''">productAddress = #{productAddress},</if>
			<if test="batch !=null and batch !=''">batch = #{batch},</if>
			<if test="standardLen !=null and standardLen !=''">standardLen = #{standardLen},</if>
			<if test="cost !=null and cost !=''">cost = #{cost},</if>
			<if test="price !=null and price !=''">price = #{price},</if>
			<if test="realPrice !=null and realPrice !=''">realPrice = #{realPrice},</if>
			<if test="categoryId !=null and categoryId !=''">categoryId = #{categoryId},</if>
			<if test="createTime !=null and createTime !=''">createTime = #{createTime},</if>
			<if test="picFilePath !=null and picFilePath !=''">picFilePath = #{picFilePath},</if>
			<if test="picFileName !=null and picFileName !=''">picFileName = #{picFileName},</if>
			<if test="shipFee !=null and shipFee !=''">shipFee = #{shipFee},</if>
			<if test="salesmanId !=null and salesmanId !=''">salesmanId = #{salesmanId},</if>
			<if test="parentId !=null and parentId !=''">parentId = #{parentId},</if>
			<if test="lastUpdateTime !=null and lastUpdateTime !=''">lastUpdateTime = #{lastUpdateTime},</if>
			<if test="toDate !=null and toDate !=''">toDate = #{toDate},</if>
			<if test="note !=null and note !=''">note = #{note},</if>
			<if test="companyId !=null and companyId !=''">companyId = #{companyId},</if>
			<if test="rd1 !=null and rd1 !=''">rd1 = #{rd1},</if>
			<if test="rd2 !=null and rd2 !=''">rd2 = #{rd2},</if>
			<if test="rd3 !=null and rd3 !=''">rd3 = #{rd3},</if>
			<if test="rd4 !=null and rd4 !=''">rd4 = #{rd4},</if>
			<if test="rd5 !=null and rd5 !=''">rd5 = #{rd5},</if>
			<if test="rd6 !=null and rd6 !=''">rd6 = #{rd6},</if>
			<if test="rd7 !=null and rd7 !=''">rd7 = #{rd7},</if>
			<if test="rd8 !=null and rd8 !=''">rd8 = #{rd8},</if>
			<if test="rd9 !=null and rd9 !=''">rd9 = #{rd9},</if>
			<if test="rd10 !=null and rd10 !=''">rd10 = #{rd10},</if>
			<if test="rd11 !=null and rd11 !=''">rd11 = #{rd11},</if>
			<if test="rd12 !=null and rd12 !=''">rd12 = #{rd12},</if>
			<if test="rd13 !=null and rd13 !=''">rd13 = #{rd13},</if>
			<if test="rd14 !=null and rd14 !=''">rd14 = #{rd14},</if>
			<if test="rd15 !=null and rd15 !=''">rd15 = #{rd15},</if>
			<if test="rd16 !=null and rd16 !=''">rd16 = #{rd16},</if>
			<if test="rd17 !=null and rd17 !=''">rd17 = #{rd17},</if>
			<if test="rd18 !=null and rd18 !=''">rd18 = #{rd18},</if>
			<if test="rd19 !=null and rd19 !=''">rd19 = #{rd19},</if>
			<if test="rd20 !=null and rd20 !=''">rd20 = #{rd20},</if>
			<if test="rd21 !=null and rd21 !=''">rd21 = #{rd21},</if>
			<if test="rd22 !=null and rd22 !=''">rd22 = #{rd22},</if>
			<if test="rd23 !=null and rd23 !=''">rd23 = #{rd23},</if>
			<if test="rd24 !=null and rd24 !=''">rd24 = #{rd24},</if>
			<if test="rd25 !=null and rd25 !=''">rd25 = #{rd25},</if>
			<if test="rd26 !=null and rd26 !=''">rd26 = #{rd26},</if>
			<if test="rd27 !=null and rd27 !=''">rd27 = #{rd27},</if>
			<if test="rd28 !=null and rd28 !=''">rd28 = #{rd28},</if>
			<if test="rd29 !=null and rd29 !=''">rd29 = #{rd29},</if>
			<if test="rd30 !=null and rd30 !=''">rd30 = #{rd30},</if>
			productId = #{productId}
	   </set>
	  	 where orderId = #{orderId} and productId = #{productId}
	</update>
	
	<update id="updateOrderNote" >
		update scm_order_note_tbl
		<set>
			note = #{note}
		</set>
		where orderId = #{orderId} and orderNo = #{orderNo} and userId = #{userId}
	</update>
	
	<!-- 修改订单状态 -->
	<update id="updateOrder">
		update scm_order_tbl
		<set>
			orderStatus = #{orderStatus}
		</set>
		where id = #{id}
	</update>
	
	<!-- 返回最新的订单主表详细信息 -->
	<select id="findUpdateOrder" resultType="hashmap">
		select
			orderNo,
			createTime,
			orderTime,
			deliveryTime,
			orderStatus,
			erp_orderStatus,
			orderType,
			orderSource,
			deliveryId,
			invoiceId,
			logistics,
			companyId,
			sellerId,
			address,
			addressId,
			activeProfile,
			shippingMethod,
			shippingFee,
			handingFee,
			productSum,
			orderAmount,
			minAmount,
			payAmount,
			userId,
			customerId,
			oldOrderId,
			parentId,
			hasChild,
			authorId,
			salesmanId,
			modifierId,
			lastUpdateTime,
			outBound,
			vehicleType,
			paymentMethod,
			isContract,
			deliveryStatus,
			rd1,
			rd2,
			rd3,
			rd4,
			rd5,
			rd6,
			rd7,
			rd8,
			rd9,
			rd10,
			rd11,
			rd12,
			rd13,
			rd14,
			rd15,
			rd16,
			rsv1,
			rsv2,
			rsv3,
			contactName,
			contactMobile
		from scm_order_tbl
		where id = #{id}
	</select>
	
	<!-- 根据订单id查询订单下产品详细信息 -->
	<select id="findOrderProductsById" resultType="hashmap">
		select
			id,
			productId,
			entryId,
			orderId,
			orderNo,
			orderEntry,
			productName,
			productType,
			productSize,
			productAddress,
			batch,
			standardLen,
			count,
			arrangedCount,
			weight,
			countUnit,
			weightUnit,
			cost,
			price,
			realPrice,
			note,
			toDate,
			categoryId,
			createTime,
			picFilePath,
			picFileName,
			shipFee,
			companyId,
			salesmanId,
			parentId,
			lastUpdateTime,
			rd1,
			rd2,
			rd3,
			rd4,
			rd5,
			rd6,
			rd7,
			rd8,
			rd9,
			rd10,
			rd11,
			rd12,
			rd13,
			rd14,
			rd15,
			rd16,
			rd17,
			rd18,
			rd19,
			rd20,
			rd21,
			rd22,
			rd23,
			rd24,
			rd25,
			rd26,
			rd27,
			rd28,
			rd29,
			rd30
		from scm_order_product_tbl
		where orderId=#{orderId}
	</select>
	
	
	
	<resultMap id="orderInfo" type="com.icbc.client.OrderInfo">
	  <result column="orderNo" property="OrderId"/>
	  <result column="createTime" property="CreateTime"/>
	  <result column="orderStatus" property="OrderStatus"/>
	  <result column="companyId" property="CompanyId"/>
	  <result column="customerId" property="CustomerId"/>
	  <collection property="ProductInfo" ofType="com.icbc.client.OrderProduct">
	    <result column="productId" property="ProductId"/>
	    <result column="orderEntry" property="OrderEntry"/>
	    <result column="productName" property="ProductName"/>
	    <result column="productAddress" property="ProductAddress"/>
	    <result column="batch" property="Batch"/>
	    <result column="standardLen" property="StandardLen"/>
	    <result column="count" property="count"/>
	    <result column="price" property="price"/>
	    <result column="toDate" property="ToDate"/>
	    <result column="categoryId" property="CategoryId"/>
	    <result column="companyId" property="CompanyId"/>
	    <result column="F1" property="F1"/>
	    <result column="F2" property="F2"/>
	    <result column="F3" property="F3"/>
	    <result column="F4" property="F4"/>
	    <result column="F5" property="F5"/>
	    <result column="F6" property="F6"/>
	    <result column="F7" property="F7"/>
	    <result column="F8" property="F8"/>
	    <result column="F9" property="F9"/>
	    <result column="F10" property="F10"/>
	    <result column="F11" property="F11"/>
	    <result column="F12" property="F12"/>
	    <result column="F13" property="F13"/>
	    <result column="F14" property="F14"/>
	    <result column="F15" property="F15"/>
	  </collection>
	</resultMap>
</mapper>
