<?xml version="1.0" encoding="UTF-8"?>
<!DOCTYPE mapper
  PUBLIC "-//mybatis.org//DTD Mapper 3.0//EN"
    "http://mybatis.org/dtd/mybatis-3-mapper.dtd">
    
     <mapper namespace="standardMeasurement">     
     <!--  -->
     <select id="selectMeasurementId" resultType="String">
      SELECT
	   sto.FItemID,
	   sto.FName,
	   sto.FNumber
       FROM
	   scm_measurement_tbl sto
       WHERE
	   sto.FItemID = #{FItemID}
     
     </select>
     
     
     <!-- 修改计量信息 -->
     <update id="doUpdate">
     UPDATE scm_measurement_tbl
			<set>
			    FItemID = #{FItemID}
    			<if test="FName != null and FName != ''">
    				,FName = #{FName}
    			</if>
    			<if test="FNumber != null and FNumber != ''">
    				,FNumber = #{FNumber}
    			</if>	
    		</set>
    	where  FItemID = #{FItemID}
	</update>
     
     
     
     <!-- 插入计量信息 -->
     <insert id="doInsert">
     insert into scm_measurement_tbl(FItemID
		<if test="FNumber!=null and FNumber!=''">,FNumber</if>
		<if test="FName!=null and FName!=''">,FName</if>)
		values (#{FItemID}
		<if test="FNumber!=null and FNumber!=''">,#{FNumber}</if>
		<if test="FName!=null and FName!=''">,#{FName}</if>)
     </insert>
     
     </mapper>
     