<?xml version="1.0" encoding="UTF-8" ?>
<!DOCTYPE mapper PUBLIC "-//mybatis.org//DTD Mapper 3.0//EN" "http://mybatis.org/dtd/mybatis-3-mapper.dtd">

<mapper namespace="standardDelivery">

	<resultMap id="deliveryEntity" type="com.ultimate.common.DeliveryEntity">
	  <result column="deliveryId" property="deliveryId"/>
	  <result column="deliveryOrderEntry" property="deliveryEntry"/>
	  <result column="deliveryTime" property="deliveryTime"/>
	  <result column="customerId" property="customerId"/>
	  <result column="driverName" property="driver"/>
	  <result column="carNum" property="carNum"/>
	  <result column="mobile" property="mobile"/>
	  <result column="lastUpdateTime" property="lastRecordTime"/>
	  <result column="rd1" property="rd1"/>
	  <result column="rd2" property="rd2"/>
	  <result column="rd3" property="rd3"/>
	  <result column="deliveryStatus" property="deliveryStatus"/>
	  <collection property="productEntity" ofType="com.ultimate.common.DeliverProductEntity">
	    <result column="orderNo" property="orderNo"/>
	    <result column="productId" property="productId"/>
	    <result column="productEntry" property="entryId"/>
	    <result column="productName" property="productName"/>
	    <result column="count" property="count"/>
	    <result column="arragedQty" property="arragedQty"/>
	    <result column="outedQty" property="outedQty"/>
	    <result column="affirmQty" property="affirmQty"/>
	    <result column="rd1" property="rd1"/>
	    <result column="rd2" property="rd2"/>
	    <result column="rd3" property="rd3"/>
	    <result column="rd4" property="rd4"/>
	    <result column="rd5" property="rd5"/>
	    <result column="rd6" property="rd6"/>
	    <result column="rd7" property="rd7"/>
	    <result column="rd8" property="rd8"/>
	    <result column="rd9" property="rd9"/>
	    <result column="rd10" property="rd10"/>
	    <result column="rd11" property="rd11"/>
	    <result column="rd12" property="rd12"/>
	    <result column="rd13" property="rd13"/>
	    <result column="rd14" property="rd14"/>
	    <result column="rd15" property="rd15"/>
	    <result column="rd16" property="rd16"/>
	    <result column="rd17" property="rd17"/>
	    <result column="rd18" property="rd18"/>
	    <result column="rd19" property="rd19"/>
	    <result column="rd20" property="rd20"/>
	    <result column="rd21" property="rd21"/>
	    <result column="rd22" property="rd22"/>
	    <result column="rd23" property="rd23"/>
	    <result column="rd24" property="rd24"/>
	    <result column="rd25" property="rd25"/>
	    <result column="rd26" property="rd26"/>
	    <result column="rd27" property="rd27"/>
	    <result column="rd28" property="rd28"/>
	    <result column="rd29" property="rd29"/>
	    <result column="rd30" property="rd30"/>
	  </collection>
	</resultMap>
	
	<!-- 获得发货单列表 -->
	<select id="getDeliveryList" resultType="com.ultimate.common.DeliveryEntity">
			SELECT
				scm_delivery_tbl.deliveryNo as deliveryId,
				scm_delivery_tbl.deliveryNo,
				scm_delivery_tbl.id,
				scm_delivery_tbl.orderNo,
				scm_delivery_tbl.otherNo,
				scm_delivery_tbl.deliveryOrderEntry,
				scm_delivery_tbl.isReverse,
				date_format(
					scm_delivery_tbl.createTime,
					'%Y-%m-%d %H:%i:%S '
				) AS createTime,
				date_format(
					scm_delivery_tbl.deliverytime,
					'%Y-%m-%d %H:%i:%S '
				) AS deliveryTime,
				scm_delivery_tbl.deliveryStatus,
				scm_delivery_tbl.amount,
				scm_delivery_tbl.carNum,
				scm_delivery_tbl.contactor,
				scm_delivery_tbl.driverName,
				scm_delivery_tbl.mobile,
				scm_delivery_tbl.authorId,
				scm_delivery_tbl.companyId,
				scm_delivery_tbl.userId,
				scm_delivery_tbl.customerId,
				scm_delivery_tbl.modifierId,
				scm_delivery_tbl.deliverySource,
				date_format(
					scm_delivery_tbl.lastUpdateTime,
					'%Y-%m-%d %H:%i:%S '
				) AS lastUpdateTime,
				scm_delivery_tbl.note,
				scm_account_tbl.username,
				scm_delivery_tbl.rd1,
				scm_delivery_tbl.rd2,
				scm_delivery_tbl.rd3,
				scm_delivery_tbl.rd4,
				scm_delivery_tbl.rd5,
				scm_delivery_tbl.rd6,
				scm_delivery_tbl.rd7,
				scm_delivery_tbl.rd8,
				scm_delivery_tbl.rd9,
				scm_delivery_tbl.rd10,
				scm_delivery_tbl.rd11,
				scm_delivery_tbl.rd12,
				scm_delivery_tbl.rd13,
				scm_delivery_tbl.rd14,
				scm_delivery_tbl.rd15,
				scm_delivery_tbl.rd16,
				scm_company_tbl.companyName,
				vo.count
			FROM
				scm_account_tbl
			LEFT JOIN scm_delivery_tbl ON scm_delivery_tbl.userId = scm_account_tbl.id
			LEFT JOIN scm_company_tbl ON scm_delivery_tbl.companyId = scm_company_tbl.companyId
			LEFT JOIN (
				SELECT
					count(DISTINCT orderNo) AS count,
					deliveryId
				FROM
					scm_delivery_product_tbl
				GROUP BY
					deliveryId
			) vo ON vo.deliveryId = scm_delivery_tbl.id
			<where> 1=1
				 <if test="userIds != null">
					 and  scm_delivery_tbl.userId IN
					 <foreach item="item" index="index" collection="userIds" open="(" separator="," close=")">
					 	#{item}
					 </foreach>
			    </if>
				 <if test="orderNo != null">
					  and scm_delivery_tbl.id in (
					      SELECT
						     p.deliveryId
						  FROM
							 scm_delivery_product_tbl p
						  WHERE
							 p.orderNo=#{orderNo}
						   )
		        </if>
				<if test="CONDITION != null">
					and ${CONDITION}
				</if>
			</where>
		    order by scm_delivery_tbl.deliverytime desc
	</select>
	
	<!-- 发货单产品信息 -->
	<select id="getDeliveryProductList" resultType="com.ultimate.common.DeliverProductEntity">
		 select 
			b.deliveryNo,
			b.otherNo as deliveryOtherNo,
			b.deliveryOrderEntry,
			b.isReverse,
			date_format(
				b.createTime,
				'%Y-%m-%d %H:%i:%S '
			) AS deliveryCreateTime,
			date_format(
				b.deliverytime,
				'%Y-%m-%d %H:%i:%S '
			) AS deliveryTime,
			b.deliveryStatus,
			b.amount,
			b.carNum,
			b.contactor,
			b.driverName,
			b.mobile,
			b.authorId,
			b.userId,
			b.customerId,
			b.modifierId,
			b.deliverySource,
			date_format(
				b.lastUpdateTime,
				'%Y-%m-%d %H:%i:%S '
			) AS lastUpdateTime,
			a.id,
			a.id as aid,
			a.productId, 
			a.entryId, 
			a.deliveryId, 
            a.orderNo,
            a.otherNo,
            a.productEntry,
            a.productEntry,
			a.productName,
			a.productType,
			a.productSize,
			a.productAddress,
			a.batch,
			a.standardLen,
			a.count,
			a.weight,
			a.countUnit,
			a.weightUnit,
			IFNULL(a.arragedQty,0) as arragedQty,           
			IFNULL(a.affirmQty,0) as affirmQty,          
            a.outedQty,
            a.cost,
            a.price,
            a.note,
            date_format(
				a.toDate,
				'%Y-%m-%d'
			) AS toDate,
            a.categoryId,
            date_format(
				a.createTime,
				'%Y-%m-%d %H:%i:%S'
			) AS createTime,
            a.shipFee,
            a.companyId,
            a.salesmanId,
            a.parentId,
            a.rd1,
            a.rd2,
            a.rd3,
            a.rd4,
            a.rd5,
            a.rd6,
            a.rd7, 
            a.rd8,
            a.rd9,
            a.rd10,
            a.rd11,
            a.rd12,
            a.rd13,
            a.rd14,
            a.rd15,
            a.rd16,
            a.rd17,
            a.rd18,
            a.rd19,
            a.rd20,
            a.rd21,
            a.rd22,
            a.rd23,
            a.rd24,
            a.rd25,
            a.rd26,
            a.rd27,
            a.rd28,
            a.rd29,
            a.rd30
		 from scm_delivery_tbl b
		  join  scm_delivery_product_tbl as a on a.deliveryId=b.id 
          join scm_order_tbl d on d.orderNo=a.orderNo and  
          <choose>
          	<when test="orderType != null and orderType != '' ">
          	 	d.orderType=#{orderType}
          	</when>
          	<otherwise>
          		d.orderType='00'
          	</otherwise>
          </choose>
          join scm_order_product_tbl as c on c.orderId=d.id and c.productId=a.productId
		<where> a.productEntry = c.orderEntry
			<if test="id != null">
				 and b.id=#{id}
			</if>
			<if test="orderNo != null">
				 and a.orderNo=#{orderNo}
			</if>
			<if test="CONDITION != null">
					and ${CONDITION}
			</if>
		</where>
	</select>
	
	<!-- 同步发货单主表 -->
	<insert id="synDelivery">
		<selectKey resultType="java.lang.Integer" order="AFTER" keyProperty="id" >
			select LAST_INSERT_ID() as id
		</selectKey>
		insert into scm_delivery_tbl(deliveryNo,<if test="deliveryTime!=null and deliveryTime!=''">deliveryTime,</if>orderNo,otherNo,
		<if test="amount!=null and amount!=''">amount,</if>companyId,modifierId,note,carNum,contactor,driverName,mobile,
		<if test="authorId!=null and authorId!=''">authorId,</if>customerId,
		<if test="createTime !=null and createTime !=''">createTime,</if>lastupdateTime,
		deliverySource,deliveryStatus,userId,isReverse,rd1,rd2,rd3,rd4,rd5,rd6,rd7,rd8,rd9,rd10,rd11,rd12,rd13,rd14,rd15,rd16)
		values ( #{deliveryNo},<if test="deliveryTime!=null and deliveryTime!=''">#{deliveryTime},</if>#{orderNo},#{otherNo},
		<if test="amount!=null and amount!=''">#{amount},</if>#{companyId},#{modifierId},#{note},#{carNum},#{contactor},#{driverName},#{mobile},
		<if test="authorId!=null and authorId!=''">#{authorId},</if>#{customerId},
		<if test="createTime !=null and createTime !=''">#{createTime},</if>now(),
		#{deliverySource},#{deliveryStatus},#{userId},#{isReverse},#{rd1},#{rd2},#{rd3},#{rd4},#{rd5},#{rd6},#{rd7},#{rd8},#{rd9},#{rd10},#{rd11},#{rd12},#{rd13},#{rd14},#{rd15},#{rd16})		
	</insert>
	
	<!-- 同步发货单产品信息 -->
	<insert id="synProduct">
		insert into scm_delivery_product_tbl(deliveryId,orderNo,productEntry,productId,productName,
		<if test="count !=null and count !=''">count,</if>
		<if test="weight !=null and weight !=''">weight,</if>
		countUnit,weightUnit,
		<if test="price!=null and price!=''">price,</if><if test="cost!=null and cost!=''">cost,</if>
		<if test="arragedQty!=null and arragedQty!=''">arragedQty,</if><if test="note!=null and note!=''">note,</if>
		<if test="affirmQty!=null and affirmQty!=''">affirmQty,</if><if test="parentId !=null and parentId !=''">parentId,</if>
		<if test="outedQty!=null and outedQty!=''">outedQty,</if>entryId,otherNo,productType,productSize,productAddress,
		<if test="toDate !=null and toDate !=''">toDate,</if>		
		categoryId,standardLen,
		<if test="shipFee!=null and shipFee!=''">shipFee,</if>companyId,<if test="createTime!=null and createTime!=''">createTime,</if>
		<if test="salesmanId!=null and salesmanId!=''">salesmanId,</if>batch,rd1,rd2,rd3,rd4,rd5,rd6,rd7,rd8,rd9,rd10,rd11,rd12,rd13,rd14,rd15,rd16,rd17,rd18,rd19,rd20,rd21,rd22,rd23,rd24,rd25,rd26,rd27,rd28,rd29,rd30)
		values (#{deliveryId},#{orderNo},#{productEntry},#{productId},#{productName},
		<if test="count !=null and count !=''">#{count},</if>
		<if test="weight !=null and weight !=''">#{weight},</if>
		#{countUnit},#{weightUnit},
		<if test="price!=null and price!=''">#{price},</if><if test="cost!=null and cost!=''">#{cost},</if>
		<if test="arragedQty!=null and arragedQty!=''">#{arragedQty},</if><if test="note!=null and note!=''">#{note},</if>
		<if test="affirmQty!=null and affirmQty!=''">#{affirmQty},</if><if test="parentId !=null and parentId !=''">#{parentId},</if>
		<if test="outedQty!=null and outedQty!=''">#{outedQty},</if>#{entryId},#{otherNo},#{productType},#{productSize},#{productAddress},
		<if test="toDate !=null and toDate !=''">#{toDate},</if>
		#{categoryId},#{standardLen},
		<if test="shipFee!=null and shipFee!=''">#{shipFee},</if>#{companyId},<if test="createTime!=null and createTime!=''">#{createTime},</if>
		<if test="salesmanId!=null and salesmanId!=''">#{salesmanId},</if>#{batch},#{rd1},#{rd2},#{rd3},#{rd4},#{rd5},#{rd6},#{rd7},#{rd8},#{rd9},#{rd10},#{rd11},#{rd12},#{rd13},#{rd14},#{rd15},#{rd16},#{rd17},#{rd18},#{rd19},#{rd20},#{rd21},#{rd22},#{rd23},#{rd24},#{rd25},#{rd26},#{rd27},#{rd28},#{rd29},#{rd30})
	</insert>

	<!-- 删除产品信息 -->
	<delete id="doDelete" >
		DELETE FROM scm_delivery_product_tbl WHERE deliveryId = #{id}
   	</delete>  

	<!-- 修改发货单 -->
	<update id="doUpdate">
		UPDATE scm_delivery_tbl
			<set>
				<if test="deliveryTime != null and deliveryTime != ''">
    				deliveryTime = #{deliveryTime},
    			</if>
    			<if test="amount != null and amount != ''">
    				amount = #{amount},
    			</if>
    			<if test="carNum != null and carNum != ''">
    				carNum = #{carNum},
    			</if>
    			<if test="contactor != null and contactor != ''">
    				contactor = #{contactor},
    			</if>
    			<if test="contactor != null and contactor != ''">
    				contactor = #{contactor},
    			</if>
    			<if test="mobile != null and mobile != ''">
    				mobile = #{mobile},
    			</if>
    			<if test="driverName != null and driverName != ''">
    				driverName = #{driverName},
    			</if>
    			<if test="customerId!=null and customerId!=''">
					customerId = #{customerId},
				</if>	
				<if test="userId!=null and userId!=''">
					userId = #{userId},
				</if>
				<if test="authorId!=null and authorId!=''">
					authorId = #{authorId},
				</if>
    			<if test="companyId!=null and companyId!=''">
					companyId = #{companyId},
				</if>
    			<if test="modifierId != null and modifierId != ''">
    				modifierId = #{modifierId},
    			</if>
    			<if test="note != null and note != ''">
    				note = #{note},
    			</if>
    			<if test="deliveryStatus != null and deliveryStatus != ''">
    				deliveryStatus=#{deliveryStatus},
    			</if>
    			<if test="isReverse!=null and isReverse!=''">
					isReverse = #{isReverse},
				</if>
    			<if test="rd1 != null and rd1 != ''">
    				rd1 = #{rd1},
    			</if>
    			<if test="rd2 != null and rd2 != ''">
    				rd2 = #{rd2},
    			</if>
    			<if test="rd3 != null and rd3 != ''">
    				rd3 = #{rd3},
    			</if>
    			<if test="rd4 != null and rd4 != ''">
    				rd4 = #{rd4},
    			</if>
    			<if test="rd5 != null and rd5 != ''">
    				rd5 = #{rd5},
    			</if>
    			<if test="rd6 != null and rd3 != ''">
    				rd6 = #{rd6},
    			</if>
    			<if test="rd7 != null and rd7 != ''">
    				rd7 = #{rd7},
    			</if>
    			<if test="rd8 != null and rd8 != ''">
    				rd8 = #{rd8},
    			</if>
    			<if test="rd9 != null and rd9 != ''">
    				rd9 = #{rd9},
    			</if>
    			<if test="rd10 != null and rd10 != ''">
    				rd10 = #{rd10},
    			</if>
    			<if test="rd11 != null and rd11 != ''">
    				rd11 = #{rd11},
    			</if>
    			<if test="rd12 != null and rd12 != ''">
    				rd12 = #{rd12},
    			</if>
    			<if test="rd13 != null and rd13 != ''">
    				rd13 = #{rd13},
    			</if>
    			<if test="rd14 != null and rd14 != ''">
    				rd14 = #{rd14},
    			</if>
    			<if test="rd15 != null and rd15 != ''">
    				rd15 = #{rd15},
    			</if>
    			<if test="rd16 != null and rd16 != ''">
    				rd16 = #{rd16}
    			</if>
    		</set>
    	where  id = #{id}
	</update>
	
	<select id="getSubInfo" resultType="hashmap">
		select count(distinct scm_delivery_tbl.id) as delivercount,
			   sum(scm_delivery_product_tbl.count) as total,
			   IFNULL(sum(scm_delivery_product_tbl.arragedQty),0) as arraged,
			   IFNULL(sum(scm_delivery_product_tbl.outedQty),0) as outed 
		from scm_delivery_product_tbl
		left join scm_delivery_tbl on scm_delivery_product_tbl.deliveryId=scm_delivery_tbl.id
		left join scm_account_tbl on scm_delivery_tbl.userId=scm_account_tbl.id 
		 where scm_delivery_tbl.userId IN 
			 <foreach item="item" index="index" collection="userIds" open="(" separator="," close=")">
			 	#{item}
			 </foreach>
			 <if test="CONDITION != null">
				and ${CONDITION}
			 </if>
			 <!--  
			<if test="deliveryId != null">
				and  scm_delivery_tbl.deliveryId like concat('%',#{deliveryId},'%')
			</if> 
			<if test="deliveryBeginTime != null">
				and  date_format(deliverytime,'%Y-%m-%d') <![CDATA[>=]]> #{deliveryBeginTime}
			</if>	  
			<if test="deliveryEndTime != null">
				and  date_format(deliverytime,'%Y-%m-%d') <![CDATA[<=]]> #{deliveryEndTime}
			</if>
			<if test="customerName != null">
				and CONCAT(scm_delivery_tbl.userId,scm_account_tbl.userName) like concat('%',#{customerName},'%')
			</if>-->
	</select>
	
	
	<select id="getOrderNoByDeliveryId" resultType="hashmap">
		select 
              c.id,
              b.orderNo 
		from 
		      scm_delivery_tbl a 
          join scm_delivery_product_tbl b on a.id = b.deliveryId 
          left join scm_order_tbl c on c.orderNo=b.orderNo 
		<where> 
		     a.deliveryNo = #{deliveryNo}
		</where>
		group by b.orderNo
	</select>
	
	<!--生成发货单信息 -->
	<insert id="insertDeliveryInfo">
		<selectKey resultType="java.lang.Integer" order="AFTER" keyProperty="id" >
			select LAST_INSERT_ID() as id
		</selectKey>
		insert into scm_delivery_tbl(deliveryNo,
									 createTime,
									 deliveryTime,
									 amount,
									 carNum,
									 contactor,
									 mobile,
									 driverName,
									 authorId,
									 companyId,
									 userId,
									 customerId,
									 modifierId,
									 lastUpdateTime,
									 deliverySource,
									 deliveryStatus,
									 note,
									 rd1,rd2,rd3,rd4,rd5,rd6,rd7,rd8,rd9,rd10,
									 rd11,rd12,rd13,rd14,rd15,rd16)
							  value(#{deliveryNo},
							  		now(),
							  		#{deliveryTime},
							  		#{amount},
							  		#{carNum},
							  		#{contactor},
							  		#{mobile},
							  		#{driverName},
							  		#{authorId},
							  		#{companyId},
							  		#{userId},
							  		#{customerId},
							  		#{modifierId},
							  		now(),
							  		#{deliverySource},
							  		#{deliveryStatus},
							  		#{note},
							  		#{rd1},#{rd2},#{rd3},#{rd4},#{rd5},
							  		#{rd6},#{rd7},#{rd8},#{rd9},#{rd10},
							  		#{rd11},#{rd12},#{rd13},#{rd14},#{rd15},#{rd16})	 
	</insert>
	
	<!-- 生成发货单产品数据 -->
	<insert id="insertDeliveryProdInfo" >	
	   insert into scm_delivery_product_tbl(productId,
	   										entryId,
											deliveryId,
											orderNo,
											otherNo,
											productEntry,
											productName,
										  	productType,
										  	productSize,
										  	productAddress,
										  	batch,
										  	standardLen,
										  	count,
										  	weight,
										  	countUnit,
										  	weightUnit,
										  	arragedQty,
										  	affirmQty,
										  	outedQty,
										  	cost,
										  	price,
										  	note,
										  	toDate,
										  	categoryId,
										  	createTime,
										  	shipFee,
										  	companyId,
										  	salesmanId,
										  	parentId,
										  	lastUpdateTime,
										  	rd1,
										  	rd2,
										  	rd3,
										  	rd4,
										  	rd5,
										  	rd6,
										  	rd7,
										  	rd8,
										  	rd9,
										  	rd10,
										  	rd11,
										  	rd12,
										  	rd13,
										  	rd14,
										  	rd15,
										  	rd16,
										  	rd17,
										  	rd18,
										  	rd19,
										  	rd20,
										  	rd21,
										  	rd22,
										  	rd23,
										  	rd24,
										  	rd25,
										  	rd26,
										  	rd27,
										  	rd28,
										  	rd29,
										  	rd30)
								   values(#{productId},
								   			  #{entryId},
											  #{deliveryId},
											  #{orderNo},
											  #{otherNo},
											  #{productEntry},
											  #{productName},
											  #{productType},
											  #{productSize},
											  #{productAddress},
											  #{batch},
											  #{standardLen},
											  #{count},
											  #{weight},
											  #{countUnit},
											  #{weightUnit},
											  #{arragedQty},
											  #{affirmQty},
											  #{outedQty},
											  #{cost},
											  #{realPrice},
											  #{note},
											  #{toDate},
											  #{categoryId},
											  now(),
											  #{shipFee},
											  #{companyId},
											  #{salesmanId},
											  #{parentId},
											  now(),
											  #{rd1},
											  #{rd2},
											  #{rd3},
											  #{rd4},
											  #{rd5},
											  #{rd6},
											  #{rd7},
											  #{rd8},
											  #{rd9},
											  #{rd10},
											  #{rd11},
											  #{rd12},
											  #{rd13},
											  #{rd14},
											  #{rd15},
											  #{rd16},
											  #{rd17},
											  #{rd18},
											  #{rd19},
											  #{rd20},
											  #{rd21},
											  #{rd22},
											  #{rd23},
											  #{rd24},
											  #{rd25},
											  #{rd26},
											  #{rd27},
											  #{rd28},
											  #{rd29},
											  #{rd30}
			 			               )
	   </insert>
	
	<!-- 更新订单产品表的arrangedCount -->
	<update id="updateOrderProductInfo">
	UPDATE scm_order_product_tbl
    SET arrangedCount=( case ISNULL(arrangedCount) when true then #{arragedQty} else arrangedCount+#{arragedQty}  end)
    where  orderId = #{orderId}
    and productId=#{productId} and orderEntry=#{orderEntry}
	</update>

	<!-- 更新delivery_product表中的affirmQty-->
	<update id="updateDeliveryProudct">
		update scm_delivery_product_tbl set
			<if test="affirmQty!=null">affirmQty=#{affirmQty}</if>
		where id=#{id}
	</update>
	
	<select id="selectDeliveryId" resultType="String">
	  select id from scm_delivery_tbl where deliveryNo = #{deliveryNo} 
	</select>
	
	<select id="selectDeliveryInfoId" resultType="map">
	   SELECT scm_delivery_tbl.id,
			   scm_delivery_tbl.deliveryNo,
			   scm_delivery_tbl.deliveryNo as deliveryId,
			   scm_delivery_tbl.deliveryOrderEntry,
			   date_format(scm_delivery_tbl.createTime,'%Y-%m-%d %T') createTime,
			   date_format(scm_delivery_tbl.deliveryTime,'%Y-%m-%d %T') deliveryTime,
			   CASE
					scm_delivery_tbl.deliveryStatus
					WHEN '0' THEN
					'未确认'
					when '1' THEN
					'已确认'  
			   END as deliveryStatus,
			   scm_delivery_tbl.amount,
			   scm_delivery_tbl.carNum,
			   scm_delivery_tbl.contactor,
			   scm_delivery_tbl.mobile,
			   scm_delivery_tbl.driverName,
			   scm_delivery_tbl.authorId,
			   scm_delivery_tbl.userId,
			   scm_delivery_tbl.customerId,
			   scm_delivery_tbl.lastUpdateTime,
			   scm_delivery_tbl.deliverySource,
			   scm_delivery_tbl.isReverse,
			   scm_delivery_tbl.rd1 as f1,
			   scm_delivery_tbl.rd2 as f2,
			   scm_delivery_tbl.rd3 as f3,
			   scm_delivery_tbl.rd4 as f4,
			   scm_delivery_tbl.rd5 as f5,
			   scm_delivery_tbl.rd6 as f6,
			   scm_delivery_tbl.rd7 as f7,
			   scm_delivery_tbl.rd8 as f8,
			   scm_delivery_tbl.rd9 as f9,
			   scm_delivery_tbl.rd10 as f10,
			   scm_delivery_tbl.rd11 as f11,
			   scm_delivery_tbl.rd12 as f12,
			   scm_delivery_tbl.rd13 as f13,
			   scm_delivery_tbl.rd14 as f14,
			   scm_delivery_tbl.rd15 as f15,
			   scm_delivery_tbl.rd16 as f16,
			   scm_account_tbl.userName,
			   scm_account_tbl.mobile,
			   scm_company_tbl.companyName
			    from scm_delivery_tbl 
			    left join 
			 scm_account_tbl  on scm_delivery_tbl.userId=scm_account_tbl.id
			     left join scm_company_tbl on scm_company_tbl.companyId = scm_delivery_tbl.companyId
			    where scm_delivery_tbl.deliveryNo = #{deliveryNo} 
	</select>
	
	<!-- 导出查询 -->
	<select id="getExportData" resultType="com.ultimate.common.DeliveryExportEntity">
		SELECT scm_delivery_tbl.id,
			   scm_delivery_tbl.deliveryNo,
			   scm_delivery_tbl.deliveryNo as deliveryId,
			   scm_delivery_tbl.deliveryOrderEntry,
			   date_format(scm_delivery_tbl.createTime,'%Y-%m-%d %T') createTime,
			   date_format(scm_delivery_tbl.deliveryTime,'%Y-%m-%d %T') deliveryTime,
			   scm_delivery_tbl.deliveryStatus,
			   scm_delivery_tbl.amount,
			   scm_delivery_tbl.carNum,
			   scm_delivery_tbl.contactor,
			   scm_delivery_tbl.mobile,
			   scm_delivery_tbl.driverName,
			   scm_delivery_tbl.authorId,
			   scm_delivery_tbl.userId,
			   scm_delivery_tbl.customerId,
			   scm_delivery_tbl.lastUpdateTime,
			   scm_delivery_tbl.deliverySource,
			   scm_delivery_tbl.isReverse,
			   scm_delivery_tbl.rd1 as f1,
			   scm_delivery_tbl.rd2 as f2,
			   scm_delivery_tbl.rd3 as f3,
			   scm_delivery_tbl.rd4 as f4,
			   scm_delivery_tbl.rd5 as f5,
			   scm_delivery_tbl.rd6 as f6,
			   scm_delivery_tbl.rd7 as f7,
			   scm_delivery_tbl.rd8 as f8,
			   scm_delivery_tbl.rd9 as f9,
			   scm_delivery_tbl.rd10 as f10,
			   scm_delivery_tbl.rd11 as f11,
			   scm_delivery_tbl.rd12 as f12,
			   scm_delivery_tbl.rd13 as f13,
			   scm_delivery_tbl.rd14 as f14,
			   scm_delivery_tbl.rd15 as f15,
			   scm_delivery_tbl.rd16 as f16,
			   scm_account_tbl.userName,
			   p.productId,
			   p.productEntry,
			   p.productName,
			   p.orderNo,
			   p.count,
			   p.arragedQty,
			   p.outedQty,
			   IFNULL(p.affirmQty,0) as affirmQty,
			   p.productAddress,
			   p.productSize,
			   p.batch,
			   p.standardLen,
			   p.price,
			   DATE_FORMAT(p.toDate,'%Y-%m-%d') as toDate,
			   p.categoryId,
			   p.shipFee,
			   p.note,
			   p.salesmanId,
			   p.lastUpdateTime as lastUpdateDate,	
			   p.companyId,
			   p.otherNo,   
			   p.rd1,
			   p.rd2,
			   p.rd3,
			   p.rd4,
			   p.rd5,
			   p.rd6,
			   p.rd7,
			   p.rd8,
			   p.rd9,
			   p.rd10,
			   p.rd11,
			   p.rd12,
			   p.rd13,
			   p.rd14,
			   p.rd15,			   
			   p.rd16,
			   p.rd17,
			   p.rd18,
			   p.rd19,
			   p.rd20,
			   p.rd21,
			   p.rd22,
			   p.rd23,
			   p.rd24,
			   p.rd25,
			   p.rd26,
			   p.rd27,
			   p.rd28,
			   p.rd29,
			   p.rd30
		FROM scm_delivery_tbl left join 
			 scm_account_tbl  on scm_delivery_tbl.userId=scm_account_tbl.id
			 left join scm_delivery_product_tbl p on scm_delivery_tbl.id = p.deliveryId 
		 where scm_delivery_tbl.userId IN 
			 <foreach item="item" index="index" collection="userIds" open="(" separator="," close=")">
			 	#{item}
			 </foreach>
			 <if test="CONDITION != null">
				and ${CONDITION}
			</if>
		  order by scm_delivery_tbl.deliveryTime desc	
	</select>
	
	<!-- 查询发货单相关信息，用户短信模块    by add wangc  2015-11-13  -->
	<select id="getDeliveryById" resultType="hashmap">
	SELECT
		sot.orderNo,
		sdt.userId,
		sdt.deliveryId,
		sdt.deliveryTime,
		sdt.mobile,
		sdt.lastUpdateTime,
		sdt.amount,
		sdt.carNum,
		sdt.driverName,
		sdt.rd1,
        sdt.rd2,
        sdt.rd3,
        sdt.rd4,
        sdt.rd5,
        sdt.rd6,
        sdt.rd7,
        sdt.rd8,
        sdt.rd9,
        sdt.rd10,
        sdt.rd11,
        sdt.rd12,
        sdt.rd13,
        sdt.rd14,
        sdt.rd15,
        sdt.rd16
	FROM
		scm_delivery_tbl sdt,
		scm_order_delivery_tbl sodt,
		scm_order_tbl sot
	WHERE
		sdt.id=#{sendId}
	AND sdt.id = sodt.deliveryId
	AND sodt.orderId = sot.id
	</select>
	<!-- 通过发货单编号（deliveryId）查询发货单表中该发货单的信息 -->
	<select id="relateDeliveryInfo" resultType="hashmap">
		SELECT
			id,
			deliveryNo,
			customerId,
			amount,			
			DATE_FORMAT(deliveryTime, '%Y-%m-%d %H:%i:%S') deliveryTime,			
			deliveryStatus,
			sd.rd1,
            sd.rd2,
            sd.rd3,
            sd.rd4,
            sd.rd5,
            sd.rd6,
            sd.rd7,
            sd.rd8,
            sd.rd9,
            sd.rd10,
            sd.rd11,
            sd.rd12,
            sd.rd13,
            sd.rd14,
            sd.rd15,
            sd.rd16
		FROM
			scm_delivery_tbl sd
		WHERE
			deliveryNo = #{deliveryNo}
	</select>
	
	<select id="selectDeliveryInfo" resultType="com.ultimate.common.StatementEntity">
		select d.id, d.deliveryNo,IFNULL(d.amount,0) as amount,d.deliveryTime from scm_delivery_tbl d 
			where d.userId=#{userId}
	</select>
	<!-- 根据发货单id查询发货单产品信息 -->
	<select id="selectDeliveryProById" resultType="hashmap">
		SELECT 
		     dp.deliveryId,
		     dp.price,
		     dp.productId,
		     dp.arragedQty,
		     dp.rd1,
             dp.rd2,
             dp.rd3,
             dp.rd4,
             dp.rd5,
       		 dp.rd6,
             dp.rd7,
             dp.rd8,
             dp.rd9,
             dp.rd10,
             dp.rd11,
             dp.rd12,
             dp.rd13,
             dp.rd14,
             dp.rd15,
             dp.rd16
	  FROM scm_delivery_product_tbl dp 
        WHERE dp.deliveryId=#{id} 
	</select>
</mapper>

		