<?xml version="1.0" encoding="UTF-8"?>
<!DOCTYPE mapper
  PUBLIC "-//mybatis.org//DTD Mapper 3.0//EN"
    "http://mybatis.org/dtd/mybatis-3-mapper.dtd">
<!-- 上游发票 -->
<mapper namespace="standardPurinvoice">
	<!-- 获取发票列表信息 -->
	<select id="getPurinvoiceInfoList" resultType="hashmap">
		SELECT
			pt.id,
			pt.purchaseNo,
			pt.paymentId,
			pt.paymentNo,
			DATE_FORMAT(
				pt.purchaseDate,
				'%Y-%m-%d %T'
			) purchaseDate,
			pt.payerName,
			pt.totalAmount totalAmount,
			pt.reveiver,
			pt.marker,
			pt.markerId,
			pt.userId,
			pt.customerId,
			DATE_FORMAT(
				pt.endDate,
				'%Y-%m-%d'
			) endDate,
			pt.note,
			pt.currentBalance,
			pt.certificateCode,
			pt.compactNo,
			pt.purchaseStatus,
			pt.rd1,
			pt.rd2,
			pt.rd3,
			pt.rd4,
			pt.rd5,
			pt.rd6,
			pt.rd7,
			pt.rd8,
			pt.rd9,
			pt.rd10,
			pt.rd11,
			pt.rd12,
			pt.rd13,
			pt.rd14,
			pt.rd15,
			pt.rd16,
			sat.userName
		FROM
			scm_purchase_tbl pt
		LEFT JOIN scm_account_tbl sat on sat.id=pt.userId
		WHERE
			pt.userId = #{userId}
			<if test="purinvoiceId != null and purinvoiceId != ''">
				AND pt.id = #{purinvoiceId}
			</if>
			<if test="purinvoiceNo != null and purinvoiceNo != ''">
				AND pt.purchaseNo like concat('%',#{purinvoiceNo},'%')
			</if>
			<if test="certificateCode != null and certificateCode != ''">
				AND pt.certificateCode like concat('%',#{certificateCode},'%')
			</if>
			<if test="paymentNo != null and paymentNo != ''">
				AND pt.paymentNo like concat('%',#{paymentNo},'%')
			</if>
			<if test="paymentId != null and paymentId != ''">
				AND pt.paymentId = #{paymentId}
			</if>
			<if test="purinvoiceStatus != null and purinvoiceStatus != ''">
				AND pt.purchaseStatus = #{purinvoiceStatus}
			</if>
			<if test="startDate != null and startDate != ''">
				AND DATE_FORMAT(pt.purchaseDate,'%Y-%m-%d') <![CDATA[>=]]> #{startDate}
			</if>
			<if test="endDate != null and endDate != ''">
				AND DATE_FORMAT(pt.purchaseDate,'%Y-%m-%d') <![CDATA[<=]]> #{endDate}
			</if>
			
			<if test="endDateBegin != null and endDateBegin != ''">
				AND DATE_FORMAT(pt.endDate,'%Y-%m-%d') <![CDATA[>=]]> #{endDateBegin}
			</if>
			<if test="endDateEnd != null and endDateEnd != ''">
				AND DATE_FORMAT(pt.endDate,'%Y-%m-%d') <![CDATA[<=]]> #{endDateEnd}
			</if>
		ORDER BY pt.purchaseDate desc
	</select>
	
	<!-- 获取发票对应的产品信息 -->
	<select id="getPurinvoiceDetailInfo" resultType="hashmap">
		SELECT
			ppt.id,
			ppt.productId,
			ppt.productEntry,
			ppt.purchaseId,
			ppt.productName,
			ppt.productType,
			ppt.productSize,
			ppt.productAddress,
			ppt.batch,
			ppt.standardLen,
			ppt.count,
			ppt.weight,
			ppt.countUnit,
			ppt.weightUnit,
			ppt.cost,
			format(ppt.price, 2) price,
			ppt.note,
			DATE_FORMAT(
				ppt.toDate,
				'%Y-%m-%d'
			) toDate,
			ppt.stockDate,
			ppt.taxRate,
			format(ppt.taxAmount, 2)taxAmount,
			ppt.rd1,
			ppt.rd2,
			ppt.rd4,
			ppt.rd5,
			ppt.rd6,
			ppt.rd7,
			ppt.rd9,
			ppt.rd10,
			ppt.rd11,
			ppt.rd12,
			ppt.rd13,
			ppt.rd14,
			ppt.rd15,
			ppt.rd16,
			ppt.rd17,
			ppt.rd18,
			ppt.rd19,
			ppt.rd20,
			ppt.rd21,
			ppt.rd22,
			ppt.rd23,
			ppt.rd24,
			ppt.rd25,
			ppt.rd26,
			ppt.rd27,
			ppt.rd28,
			ppt.rd29,
			ppt.rd30
		FROM
			scm_purchase_product_tbl ppt
		WHERE
			ppt.purchaseId = #{purinvoiceId}
		ORDER BY ppt.productEntry desc
	</select>
	<!-- 获取单个对应的发票信息 -->
	<select id="getPurinvoiceCount" resultType="hashmap">
		SELECT
			*
		FROM
			scm_purchase_tbl pt
		WHERE 
			pt.purchaseId=#{purchaseId}
	</select>
	
	<!-- 插入发票信息 -->
	<insert id="insertPurinvoiceInfo">
		<selectKey resultType="java.lang.Long" order="AFTER" keyProperty="id" >
			select LAST_INSERT_ID() as id
		</selectKey>
		INSERT INTO scm_purchase_tbl (
			purchaseNo,
			paymentId,
			paymentNo,
			purchaseDate,
			payerName,
			totalAmount,
			reveiver,
			marker,
			markerId,
			userId,
			customerId,
			endDate,
			note,
			currentBalance,
			certificateCode,
			compactNo,
			purchaseStatus,
			rd1,
			rd2,
			rd3,
			rd4,
			rd5,
			rd6,
			rd7,
			rd8,
			rd9,
			rd10,
			rd11,
			rd12,
			rd13,
			rd14,
			rd15,
			rd16
		)
		VALUES
		(
			#{purchaseId},
			#{paymentId},
			#{paymentNo},
			#{purchaseDate},
			#{payerName},
			#{totalAmount},
			#{reveiver},
			#{marker},
			#{markerId},
			#{userId},
			#{customerId},
			#{endDate},
			#{note},
			#{currentBalance},
			#{certificateCode},
			#{compactNo},
			#{purchaseStatus},
			#{rd1},
			#{rd2},
			#{rd3},
			#{rd4},
			#{rd5},
			#{rd6},
			#{rd7},
			#{rd8},
			#{rd9},
			#{rd10},
			#{rd11},
			#{rd12},
			#{rd13},
			#{rd14},
			#{rd15},
			#{rd16}
		)
	</insert>
	
	<!-- 更新发票信息 -->
	<update id="updatePurinvoiceInfo">
		UPDATE 
			scm_purchase_tbl
		SET
			purchaseNo = #{purchaseId},
			paymentId = #{paymentId},
			paymentNo = #{paymentNo},
			purchaseDate = #{purchaseDate},
			payerName = #{payerName},
			totalAmount = #{totalAmount},
			reveiver = #{reveiver},
			marker = #{marker},
			markerId = #{markerId},
			userId = #{userId},
			customerId = #{customerId},
			endDate = #{endDate},
			note = #{note},
			currentBalance = #{currentBalance},
			certificateCode = #{certificateCode},
			compactNo = #{compactNo},
			purchaseStatus = #{purchaseStatus},
			rd1 = #{rd1},
			rd2 = #{rd2},
			rd3 = #{rd3},
			rd4 = #{rd4},
			rd5 = #{rd5}
			rd6 = #{rd6},
			rd7 = #{rd7},
			rd8 = #{rd8},
			rd9 = #{rd9},
			rd10 = #{rd10}
			rd11 = #{rd11},
			rd12 = #{rd12},
			rd13 = #{rd13},
			rd14 = #{rd14},
			rd15 = #{rd15},
			rd16 = #{rd16}
		WHERE
			id=#{id}
	</update>
	
	<!-- 删除对应的采购订单产品数据 -->
	<delete id="deletePurinvoiceProductInfo">
		DELETE FROM scm_purchase_product_tbl WHERE purchaseId = #{purinvoiceId}
	</delete>
	
	
	<insert id="insertPurinvoiceProductInfo">
		INSERT INTO scm_purchase_product_tbl(
			productId,
			purchaseId,
			productEntry,
			productName,
			productSize,
			batch,
			count,
			countUnit,
			price,
			toDate,
			stockDate,
			note,
			taxAmount,
			rd1,
			rd2,
			rd3,
			rd4,
			rd5,
			rd6,
			rd7,
			rd8,
			rd9,
			rd10,
			rd11,
			rd12,
			rd13,
			rd14,
			rd15,
			rd16,
			rd17,
			rd18,
			rd19,
			rd20,
			rd21,
			rd22,
			rd23,
			rd24,
			rd25,
			rd26,
			rd27,
			rd28,
			rd29,
			rd30
		)Values(
			#{productId},
			#{purinvoiceId},
			#{productEntry},
			#{productName},
			#{productSize},
			#{batch},
			#{count},
			#{unit},
			#{price},
			#{toDate},
			#{stockDate},
			#{note},
			#{taxAmount},
			#{rd1},
			#{rd2},
			#{rd3},
			#{rd4},
			#{rd5},
			#{rd6},
			#{rd7},
			#{rd8},
			#{rd9},
			#{rd10},
			#{rd11},
			#{rd12},
			#{rd13},
			#{rd14},
			#{rd15},
			#{rd16},
			#{rd17},
			#{rd18},
			#{rd19},
			#{rd20},
			#{rd21},
			#{rd22},
			#{rd23},
			#{rd24},
			#{rd25},
			#{rd26},
			#{rd27},
			#{rd28},
			#{rd29},
			#{rd30}
		)
	</insert>

	<!-- 导出数据SQL -->
	<select id="getExportData" resultType="hashMap">
		SELECT
			pt.purchaseNo,
			pt.paymentId,
			pt.paymentNo,
			DATE_FORMAT(
					pt.purchaseDate,
					'%Y-%m-%d %T'
				) purchaseDate,
			pt.payerName,
			pt.totalAmount totalAmount,
			pt.reveiver,
			pt.marker,
			pt.markerId,
			pt.userId,
			pt.customerId,
			DATE_FORMAT(
					pt.endDate,
					'%Y-%m-%d %T'
				) endDate,
			pt.note,
			pt.currentBalance,
			pt.certificateCode,
			pt.compactNo,
			pt.purchaseStatus,
			pt.factoringStatus,
			pt.rd1,
			pt.rd2, 
			pt.rd3,
			pt.rd4,
			pt.rd5,
			pt.rd6,
			pt.rd7,
			pt.rd8,
			pt.rd9,
			pt.rd10,
			pt.rd11,
			pt.rd12,
			pt.rd13,
			pt.rd14,
			pt.rd15,
			pt.rd16
		FROM
			scm_purchase_tbl pt		
		LEFT JOIN scm_account_tbl sat ON sat.id=pt.userId
		WHERE
			1=1			
			<if test="purinvoiceId != null and purinvoiceId != ''">
				AND pt.id = #{purinvoiceId}
			</if>
			<if test="purchaseNo != null and purchaseNo != ''">
				AND pt.purchaseNo like concat('%',#{purchaseNo},'%')
			</if>
			<if test="certificateCode != null and certificateCode != ''">
				AND pt.certificateCode like concat('%',#{certificateCode},'%')
			</if>
			<if test="paymentNo != null and paymentNo != ''">
				AND pt.paymentNo like concat('%',#{paymentNo},'%')
			</if>
			<if test="paymentId != null and paymentId != ''">
				AND pt.paymentId = #{paymentId}
			</if>			
			<if test="startDate != null and startDate != ''">
				AND DATE_FORMAT(pt.purchaseDate,'%Y-%m-%d') <![CDATA[>=]]> #{startDate}
			</if>
			<if test="endDate != null and endDate != ''">
				AND DATE_FORMAT(pt.purchaseDate,'%Y-%m-%d') <![CDATA[<=]]> #{endDate}
			</if>
			<if test="endDateBegin != null and endDateBegin != ''">
				AND DATE_FORMAT(pt.endDate,'%Y-%m-%d') <![CDATA[>=]]> #{endDateBegin}
			</if>
			<if test="endDateEnd != null and endDateEnd != ''">
				AND DATE_FORMAT(pt.endDate,'%Y-%m-%d') <![CDATA[<=]]> #{endDateEnd}
			</if>
			<if test="startAmount != null and startAmount != ''">
				AND pt.totalAmount <![CDATA[>=]]> #{startAmount}
			</if>
			<if test="endAmount != null and endAmount != ''">
				AND pt.totalAmount <![CDATA[<=]]> #{endAmount}
			</if>			
			<if test="companyName != null and companyName != ''">
				AND pt.companyName = #{companyName}
			</if>
			<if test="isUpload != null and isUpload != ''">
				AND pt.isUpload = #{isUpload}
			</if>
			<if test="isPay != null and isPay != ''">
				AND pt.isPay = #{isPay}
			</if>
			<!-- <if test="productId != null and productId != ''">
				AND ppt.productId like concat('%',#{productId},'%')
			</if>
			<if test="productName != null and productName != ''">
				AND ppt.productName like concat('%',#{productName},'%')
			</if>
			<if test="productSize != null and productSize != ''">
				AND ppt.productSize like concat('%',#{productSize},'%')
			</if> -->
			<if test="customerName != null and customerName != ''">
				AND sat.userName like concat('%',#{customerName},'%')
			</if>	
			<if test="purchaseStatusList != null and purchaseStatusList != ''">
	            and pt.purchaseStatus IN
	            <foreach item="item" index="index" collection="purchaseStatusList" open="(" separator="," close=")">
                  #{item}
			    </foreach>
	       </if>
	       <if test="uploadStatusList != null and uploadStatusList != ''">
	            and pt.uploadStatus IN
	            <foreach item="item" index="index" collection="uploadStatusList" open="(" separator="," close=")">
                  #{item}
			    </foreach>
	       </if>
	       <if test="factoringStatusList != null and factoringStatusList != ''">
	            and pt.factoringStatus IN
	            <foreach item="item" index="index" collection="factoringStatusList" open="(" separator="," close=")">
                  #{item}                  
			    </foreach>
	       </if>	
			<if test="userIds != null">
				and pt.userId in
				<foreach item="item" index="index" collection="userIds" open="(" separator="," close=")">
				 	#{item}
				</foreach>
			</if>	
		ORDER BY pt.purchaseDate desc
	</select>
	<resultMap id="purinvoice" type="com.icbc.client.Purinvoice">
		<result column="customerId" property="CustomerId"/>
		<result column="purchaseNo" property="InvoiceId"/>
		<result column="purchaseDate" property="InvoiceDate"/>
		<result column="marker" property="Maker"/>
		<result column="markerId" property="MakerId"/>
		<result column="totalAmount" property="TotalTaxInValue"/>
		<result column="paymentNo" property="PaymentId"/>
		<result column="payerName" property="PayerName"/>
		<result column="endDate" property="EndDate"/>
		<result column="currentBalance" property="CurrentBalance"/>
		<result column="certificateCode" property="CertificateCode"/>
		<result column="note" property="Memo"/>
		<result column="rd1" property="Rd1"/>
		<result column="rd2" property="Rd2"/>
		<result column="rd3" property="Rd3"/>
		<result column="rd4" property="Rd4"/>
		<result column="rd5" property="Rd5"/>
		<collection property="PurProductInfo" ofType="com.icbc.client.PurProductInfo">
			<result column="productEntry" property="PurOrderItemID"/>
			<result column="productId" property="MaterialCode"/>
			<result column="productName" property="MaterialName"/>
			<result column="countUnit" property="UnitName"/>
			<result column="productSize" property="Specification"/>
			<result column="batch" property="Batch"/>
			<result column="count" property="Quantity"/>
			<result column="price" property="TaxInPrice"/>
			<result column="taxAmount" property="TaxInValue"/>
			<result column="toDate" property="DeliveryDate"/>
			<result column="stockDate" property="StockDate"/>
			<result column="note" property="Note"/>
			<result column="rd1" property="F1"/>
			<result column="rd2" property="F2"/>
			<result column="rd3" property="F3"/>
			<result column="rd4" property="F4"/>
			<result column="rd5" property="F5"/>
			<result column="rd6" property="F6"/>
			<result column="rd7" property="F7"/>
			<result column="rd8" property="F8"/>
			<result column="rd9" property="F9"/>
			<result column="rd10" property="F10"/>
			<result column="rd11" property="F11"/>
			<result column="rd12" property="F12"/>
			<result column="rd13" property="F13"/>
			<result column="rd14" property="F14"/>
			<result column="rd15" property="F15"/>
			<result column="rd16" property="F16"/>
			<result column="rd17" property="F17"/>
			<result column="rd18" property="F18"/>
			<result column="rd19" property="F19"/>
			<result column="rd20" property="F20"/>
			<result column="rd21" property="F21"/>
			<result column="rd22" property="F22"/>
			<result column="rd23" property="F23"/>
			<result column="rd24" property="F24"/>
			<result column="rd25" property="F25"/>
			<result column="rd26" property="F26"/>
			<result column="rd27" property="F27"/>
			<result column="rd28" property="F28"/>
			<result column="rd29" property="F29"/>
			<result column="rd30" property="F30"/>
		</collection>
	</resultMap>
	
	<!-- 按物料视图查询数据 -->	
	<select id="getPurinvoiceProductInfoList" resultType="hashmap">
		SELECT
			pt.id purchaseId,
			pt.purchaseNo,
			pt.paymentId,
			pt.paymentNo,
			DATE_FORMAT(
				pt.purchaseDate,
				'%Y-%m-%d %T'
			) purchaseDate,
			pt.payerName,
			format(pt.totalAmount, 2) totalAmount,
			pt.reveiver,
			pt.marker,
			pt.markerId,
			pt.userId,
			pt.customerId,
			DATE_FORMAT(pt.endDate, '%Y-%m-%d') endDate,
			pt.note,
			pt.currentBalance,
			pt.certificateCode,
			pt.compactNo,
			pt.purchaseStatus,
			pt.rd1 f1,
			pt.rd2 f2,
			pt.rd3 f3,
			pt.rd4 f4,
			pt.rd5 f5,
			pt.rd6 f6,
			pt.rd7 f7,
			pt.rd8 f8,
			pt.rd9 f9,
			pt.rd10 f10,
			pt.rd11 f11,
			pt.rd12 f12,
			pt.rd13 f13,
			pt.rd14 f14,
			pt.rd15 f15,
			pt.rd16 f16,
			sat.userName,
			ppt.id,
			ppt.hashCode,
			ppt.detailStatus,
			ppt.deliveryId,
			ppt.stockId,
			ppt.orderId,
			ppt.productId,
			ppt.productEntry,
			ppt.productName,
			ppt.productType,
			ppt.productSize,
			ppt.productAddress,
			ppt.batch,
			ppt.standardLen,
			ppt.count,
			ppt.weight,
			ppt.countUnit,
			ppt.weightUnit,
			ppt.cost,
			format(ppt.price, 2) price,
			ppt.note,
			DATE_FORMAT(ppt.toDate, '%Y-%m-%d') toDate,
			ppt.stockDate,
			ppt.taxRate,
			format(ppt.taxAmount, 2) taxAmount,
			ppt.rd1,
			ppt.rd2,
			ppt.rd3,
			ppt.rd4,
			ppt.rd5,
			ppt.rd6,
			ppt.rd7,
			ppt.rd8,
			ppt.rd9,
			ppt.rd10,
			ppt.rd11,
			ppt.rd12,
			ppt.rd13,
			ppt.rd14,
			ppt.rd15,
			ppt.rd16,
			ppt.rd17,
			ppt.rd18,
			ppt.rd19,
			ppt.rd20,
			ppt.rd21,
			ppt.rd22,
			ppt.rd23,
			ppt.rd24,
			ppt.rd25,
			ppt.rd26,
			ppt.rd27,
			ppt.rd28,
			ppt.rd29,
			ppt.rd30
		FROM
			scm_purchase_tbl pt
		LEFT JOIN scm_purchase_product_tbl ppt ON ppt.purchaseId = pt.id
		LEFT JOIN scm_account_tbl sat ON sat.id = pt.userId
		WHERE
			pt.userId = #{userId}
			<if test="purinvoiceId != null and purinvoiceId != ''">
				AND pt.id = #{purinvoiceId}
			</if>
			<if test="purinvoiceNo != null and purinvoiceNo != ''">
				AND pt.purchaseNo like concat('%',#{purinvoiceNo},'%')
			</if>
			<if test="certificateCode != null and certificateCode != ''">
				AND pt.certificateCode like concat('%',#{certificateCode},'%')
			</if>
			<if test="paymentNo != null and paymentNo != ''">
				AND pt.paymentNo like concat('%',#{paymentNo},'%')
			</if>
			<if test="paymentId != null and paymentId != ''">
				AND pt.paymentId = #{paymentId}
			</if>
			<if test="purinvoiceStatus != null and purinvoiceStatus != ''">
				AND pt.purchaseStatus = #{purinvoiceStatus}
			</if>
			<if test="startDate != null and startDate != ''">
				AND DATE_FORMAT(pt.purchaseDate,'%Y-%m-%d') <![CDATA[>=]]> #{startDate}
			</if>
			<if test="endDate != null and endDate != ''">
				AND DATE_FORMAT(pt.purchaseDate,'%Y-%m-%d') <![CDATA[<=]]> #{endDate}
			</if>
			<if test="productId != null and productId != ''">
				AND ppt.productId like concat('%',#{productId},'%')
			</if>
			<if test="productName != null and productName != ''">
				AND ppt.productName like concat('%',#{productName},'%')
			</if>
			<if test="productSize != null and productSize != ''">
				AND ppt.productSize like concat('%',#{productSize},'%')
			</if>
		ORDER BY pt.purchaseDate desc,ppt.productEntry		
	</select>
	
	<!-- 发票表头信息生成 -->
	<insert id="insertPurchaseInfo" parameterType="hashmap">
		<selectKey resultType="java.lang.Integer" order="AFTER" keyProperty="id" >
			select LAST_INSERT_ID() as id
		</selectKey>
		INSERT INTO scm_purchase_tbl (
			purchaseNo, 	
			transSerialNo, 
			paymentId, 	
			paymentNo, 	
			purchaseDate, 
			payerName, 	
			totalAmount, 
			reveiver, 	
			marker, 		
			markerId, 	
			userId, 		
			customerId, 	
			endDate, 	
			note, 		
			currentBalance, 
			certificateCode,
			compactNo, 	
			purchaseStatus, 
			factoringStatus,
			companyId, 	
			companyName, 
			isUpload, 	
			uploadStatus, 
			isPay, 		
			modifierId, 	
			lastUpdateTime, 
			rd1, 			
			rd2, 			
			rd3, 			
			rd4, 			
			rd5, 			
			rd6, 			
			rd7, 			
			rd8, 			
			rd9, 			
			rd10, 			
			rd11, 			
			rd12, 			
			rd13, 			
			rd14, 			
			rd15, 			
			rd16
		) VALUES (
			#{purchaseNo}, 	
			#{transSerialNo}, 
			#{paymentId}, 	
			#{paymentNo}, 	
			#{purchaseDate}, 
			#{payerName}, 	
			#{totalAmount}, 
			#{reveiver}, 	
			#{marker}, 		
			#{markerId}, 	
			#{userId}, 		
			#{customerId}, 	
			#{endDate}, 	
			#{note}, 		
			#{currentBalance}, 
			#{certificateCode},
			#{compactNo}, 	
			#{purchaseStatus}, 
			#{factoringStatus},
			#{companyId}, 	
			#{companyName}, 
			#{isUpload}, 	
			#{uploadStatus}, 
			#{isPay}, 		
			#{modifierId}, 	
			#{lastUpdateTime}, 
			#{rd1}, 			
			#{rd2}, 			
			#{rd3}, 			
			#{rd4}, 			
			#{rd5}, 			
			#{rd6}, 			
			#{rd7}, 			
			#{rd8}, 			
			#{rd9}, 			
			#{rd10}, 			
			#{rd11}, 			
			#{rd12}, 			
			#{rd13}, 			
			#{rd14}, 			
			#{rd15}, 			
			#{rd16}
		)
	</insert>
	
	<!-- 发票表体(明细)信息生成 -->
	<insert id="insertPurchaseProductInfo">
		INSERT INTO scm_purchase_product_tbl (
			productId, 			
			entryId, 			
			detailStatus, 		
			orderId, 			
			deliveryId, 			
			stockId, 			
			productEntry, 		
			purchaseId, 			
			productName, 		
			productType, 		
			productSize, 		
			productAddress, 		
			wareHouse, 			
			batch, 				
			standardLen, 		
			count, 				
			weight, 				
			countUnit, 			
			weightUnit, 			
			cost, 				
			price, 				
			amount, 				
			note, 				
			toDate, 				
			stockDate, 			
			taxRate, 			
			taxAmount, 			
			sourceType, 			
			sourceBillNo, 		
			sourceBillEntryId, 	
			rd1, 
			rd2, 
			rd3, 
			rd4, 
			rd5, 
			rd6, 
			rd7, 
			rd8, 
			rd9, 
			rd10, 
			rd11, 
			rd12, 
			rd13, 
			rd14, 
			rd15, 
			rd16, 
			rd17, 
			rd18, 
			rd19, 
			rd20, 
			rd21, 
			rd22, 
			rd23, 
			rd24, 
			rd25, 
			rd26, 
			rd27, 
			rd28, 
			rd29, 
			rd30
		) VALUES (
			#{productId}, 			
			#{entryId}, 			
			#{detailStatus}, 		
			#{orderId}, 			
			#{deliveryId}, 			
			#{stockId}, 			
			#{productEntry}, 		
			#{purchaseId}, 			
			#{productName}, 		
			#{productType}, 		
			#{productSize}, 		
			#{productAddress}, 		
			#{wareHouse}, 			
			#{batch}, 				
			#{standardLen}, 		
			#{count}, 				
			#{weight}, 				
			#{countUnit}, 			
			#{weightUnit}, 			
			#{cost}, 				
			#{price}, 				
			#{amount}, 				
			#{note}, 				
			#{toDate}, 				
			#{stockDate}, 			
			#{taxRate}, 			
			#{taxAmount}, 			
			#{sourceType}, 			
			#{sourceBillNo}, 		
			#{sourceBillEntryId}, 	
			#{rd1}, 
			#{rd2}, 
			#{rd3}, 
			#{rd4}, 
			#{rd5}, 
			#{rd6}, 
			#{rd7}, 
			#{rd8}, 
			#{rd9}, 
			#{rd10}, 
			#{rd11}, 
			#{rd12}, 
			#{rd13}, 
			#{rd14}, 
			#{rd15}, 
			#{rd16}, 
			#{rd17}, 
			#{rd18}, 
			#{rd19}, 
			#{rd20}, 
			#{rd21}, 
			#{rd22}, 
			#{rd23}, 
			#{rd24}, 
			#{rd25}, 
			#{rd26}, 
			#{rd27}, 
			#{rd28}, 
			#{rd29}, 
			#{rd30}
		)
	</insert>
	
	<!-- 获取结账清单列表 -->
	<select id="findAllCheck" resultType="com.icbc.entity.CheckEntity">
		SELECT
			ct.id, 				
			ct.checkNo, 		
			DATE_FORMAT(ct.createTime, '%Y-%m-%d %H:%i:%S') createTime,
			DATE_FORMAT(ct.auditTime, '%Y-%m-%d %H:%i:%S') auditTime,
			ct.sourceType, 		
			ct.checkStatus, 	
			ct.totalAmount, 	
			ct.totalQty, 		
			ct.isReverse, 	
			ct.authorId, 		
			ct.salesmanId, 	
			ct.userId, 		
			ct.customerId, 	
			ct.modifierId, 	
			ct.companyId, 	
			DATE_FORMAT(ct.lastUpdateTime, '%Y-%m-%d %H:%i:%S') lastUpdateTime,
			ct.note, 			
			ct.rd1, 			
			ct.rd2, 			
			ct.rd3, 			
			ct.rd4, 			
			ct.rd5 			
		FROM scm_check_tbl ct
		WHERE 1 = 1
		<if test="CONDITION != null">
			and ${CONDITION}
		</if>
		<if test="userIds != null">
			and ct.userId IN 
			<foreach item="item" index="index" collection="userIds" open="(" separator="," close=")">
				 #{item}
			</foreach>
		</if>
		ORDER BY ct.createTime desc
	</select>
	
	<!-- 获取结账清单列表 -->
	<select id="getAllCheckCount" resultType="int">
		SELECT
			COUNT(ct.id)
		FROM scm_check_tbl ct
		WHERE 1 = 1
		<if test="CONDITION != null">
			and ${CONDITION}
		</if>
		<if test="userIds != null">
			and ct.userId IN 
			<foreach item="item" index="index" collection="userIds" open="(" separator="," close=")">
				 #{item}
			</foreach>
		</if>
	</select>
	
	<!-- 结账清单明细表映射关系 -->
	<resultMap id="checkProductEntityInfo" type="com.icbc.entity.CheckProductEntity">
		<id property="id" column="id" />
		<result property="checkId" column="checkId" />
		<result property="checkNo" column="checkNo" />
		<result property="productId" column="productId" />
		<result property="entryId" column="entryId" />
		<result property="detailStatus" column="detailStatus" />
		<result property="productEntry" column="productEntry" />
		<result property="productName" column="productName" />
		<result property="productType" column="productType" />
		<result property="productSize" column="productSize" />
		<result property="productAddress" column="productAddress" />
		<result property="batch" column="batch" />
		<result property="standardLen" column="standardLen" />
		<result property="count" column="count" />
		<result property="drewCount" column="drewCount" />
		<result property="auditCount" column="auditCount" />
		<result property="reverseQty" column="reverseQty" />
		<result property="weight" column="weight" />
		<result property="countUnit" column="countUnit" />
		<result property="weightUnit" column="weightUnit" />
		<result property="cost" column="cost" />
		<result property="price" column="price" />
		<result property="note" column="note" />
		<result property="toDate" column="toDate" />
		<result property="taxRate" column="taxRate" />
		<result property="taxAmount" column="taxAmount" />
		<result property="amount" column="amount" />
		<result property="drewAmount" column="drewAmount" />
		<result property="auditAmount" column="auditAmount" />
		<result property="sourceType" column="sourceType" />
		<result property="sourceBillNo" column="sourceBillNo" />
		<result property="rd1" column="rd1" />
		<result property="rd2" column="rd2" />
		<result property="rd3" column="rd3" />
		<result property="rd4" column="rd4" />
		<result property="rd5" column="rd5" />
		<result property="rd6" column="rd6" />
		<result property="rd7" column="rd7" />
		<result property="rd8" column="rd8" />
		<result property="rd9" column="rd9" />
		<result property="rd10" column="rd10" />
		<result property="rd11" column="rd11" />
		<result property="rd12" column="rd12" />
		<result property="rd13" column="rd13" />
		<result property="rd14" column="rd14" />
		<result property="rd15" column="rd15" />
		<result property="rd16" column="rd16" />
		
		<result property="rd17" column="rd17" />
		<result property="rd18" column="rd18" />
		<result property="rd19" column="rd19" />
		<result property="rd20" column="rd20" />
		<result property="rd21" column="rd21" />
		<result property="rd22" column="rd22" />
		<result property="rd23" column="rd23" />
		<result property="rd24" column="rd24" />
		<result property="rd25" column="rd25" />
		<result property="rd26" column="rd26" />
		<result property="rd27" column="rd27" />
		<result property="rd28" column="rd28" />
		<result property="rd29" column="rd29" />
		<result property="rd30" column="rd30" />
	</resultMap>
	
	<!-- 根据条件查询单个结账清单明细 -->
	<select id="findCheckProductByCheckNo" resultMap="checkProductEntityInfo">
		SELECT
			id,
			checkId,		
			checkNo,		
			productId,		
			entryId,		
			detailStatus,	
			productEntry,	
			productName,	
			productType,	
			productSize,	
			productAddress,	
			batch,	
			standardLen,	
			count,	
			drewCount,		
			auditCount,		
			reverseQty, 		
			weight,			
			countUnit,		
			weightUnit,	
			cost,		
			price,		
			note,		
			toDate,		
			taxRate,		
			taxAmount,		
			amount,	
			drewAmount,		
			auditAmount,	
			sourceType,
			sourceBillNo,
			rd1,
			rd2,
			rd3,
			rd4,
			rd5,
			rd6,
			rd7,
			rd8,
			rd9,
			rd10,
			rd11,
			rd12,
			rd13,
			rd14,
			rd15,
			rd16,
			rd17,
			rd18,	
			rd19,	
			rd20,
			rd21,
			rd22,
			rd23,
			rd24,	
			rd25,	
			rd26,	
			rd27,	
			rd28,	
			rd29,	
			rd30
		FROM
			scm_check_product_tbl
		WHERE
			checkNo = #{checkNo}
	</select>
	
	<!-- 获取结账清单明细列表 -->
	<select id="findAllCheckProduct" resultType="com.icbc.entity.CheckProductEntity">
		SELECT
			cpt.id,
			cpt.checkId,		
			cpt.checkNo,		
			cpt.productId,		
			cpt.entryId,		
			cpt.detailStatus,	
			cpt.productEntry,	
			cpt.productName,	
			cpt.productType,	
			cpt.productSize,	
			cpt.productAddress,	
			cpt.batch,	
			cpt.standardLen,	
			cpt.count,	
			cpt.drewCount,		
			cpt.auditCount,		
			cpt.reverseQty, 		
			cpt.weight,			
			cpt.countUnit,		
			cpt.weightUnit,	
			cpt.cost,		
			cpt.price,		
			cpt.note,		
			DATE_FORMAT(cpt.toDate, '%Y-%m-%d %H:%i:%S') toDate,
			cpt.taxRate,		
			cpt.taxAmount,		
			cpt.amount,	
			cpt.drewAmount,		
			cpt.auditAmount,	
			cpt.sourceType,
			cpt.sourceBillNo,
			cpt.rd1,
			cpt.rd2,
			cpt.rd3,
			cpt.rd4,
			cpt.rd5,
			cpt.rd6,
			cpt.rd7,
			cpt.rd8,
			cpt.rd9,
			cpt.rd10,
			cpt.rd11,
			cpt.rd12,
			cpt.rd13,
			cpt.rd14,
			cpt.rd15,
			cpt.rd16,
			cpt.rd17,
			cpt.rd18,	
			cpt.rd19,	
			cpt.rd20,
			cpt.rd21,
			cpt.rd22,
			cpt.rd23,
			cpt.rd24,	
			cpt.rd25,	
			cpt.rd26,	
			cpt.rd27,	
			cpt.rd28,	
			cpt.rd29,	
			cpt.rd30
		FROM
			scm_check_product_tbl cpt
		WHERE  1 = 1
		<if test="CONDITION != null">
			and ${CONDITION}
		</if>
		<!-- 
		<if test="userIds != null">
			and cpt.userId IN 
			<foreach item="item" index="index" collection="userIds" open="(" separator="," close=")">
				 #{item}
			</foreach>
		</if>
		 -->
		<if test="detailStatuses != null">
			and cpt.detailStatus IN 
			<foreach item="item" index="index" collection="detailStatuses" open="(" separator="," close=")">
				 #{item}
			</foreach>
		</if>
		<if test="checkNo != null">
			and cpt.checkNo = #{checkNo}
		</if>
		<if test="productEntry != null">
			and cpt.productEntry = #{productEntry}
		</if>
	</select>
	
	<!-- 获取结账清单明细列表总数 -->
	<select id="getAllCheckProductCount" resultType="int">
		SELECT
			COUNT(cpt.id)
		FROM
			scm_check_product_tbl cpt
		WHERE 1 = 1
		<if test="CONDITION != null">
			and ${CONDITION}
		</if>
		<!-- 
		<if test="userIds != null">
			and cpt.userId IN 
			<foreach item="item" index="index" collection="userIds" open="(" separator="," close=")">
				 #{item}
			</foreach>
		</if>
		 -->
		<if test="detailStatuses != null">
			and cpt.detailStatus IN 
			<foreach item="item" index="index" collection="detailStatuses" open="(" separator="," close=")">
				 #{item}
			</foreach>
		</if>
		<if test="checkNo != null">
			and cpt.checkNo = #{checkNo}
		</if>
		<if test="productEntry != null">
			and cpt.productEntry = #{productEntry}
		</if>
	</select>
	
	<!-- 根据ID查询单个结账清单明细信息 -->
	<select id="findCheckProductById" resultType="hashmap">
		SELECT
			id,
			checkId,		
			checkNo,		
			productId,		
			entryId,		
			detailStatus,	
			productEntry,	
			productName,	
			productType,	
			productSize,	
			productAddress,	
			batch,	
			standardLen,	
			count,	
			drewCount,		
			auditCount,		
			reverseQty, 		
			weight,			
			countUnit,		
			weightUnit,	
			cost,		
			price,		
			note,		
			toDate,		
			taxRate,		
			taxAmount,		
			amount,	
			drewAmount,		
			auditAmount,	
			sourceType,
			sourceBillNo,
			rd1,
			rd2,
			rd3,
			rd4,
			rd5,
			rd6,
			rd7,
			rd8,
			rd9,
			rd10,
			rd11,
			rd12,
			rd13,
			rd14,
			rd15,
			rd16,
			rd17,
			rd18,	
			rd19,	
			rd20,
			rd21,
			rd22,
			rd23,
			rd24,	
			rd25,	
			rd26,	
			rd27,	
			rd28,	
			rd29,	
			rd30
		FROM
			scm_check_product_tbl
		WHERE
			id = #{id}
	</select>
	
	<!-- 结账清单明细修改 -->
	<update id="updateCheckProductInfo">
		UPDATE 
			scm_check_product_tbl
		SET
			checkId = #{checkId},		
			checkNo = #{checkNo},		
			productId = #{productId},		
			entryId = #{entryId},		
			detailStatus = #{detailStatus},	
			productEntry = #{productEntry},	
			productName = #{productName},	
			productType = #{productType},	
			productSize = #{productSize},	
			productAddress = #{productAddress},	
			batch = #{batch},	
			standardLen = #{standardLen},	
			count = #{count},	
			drewCount = #{drewCount},		
			auditCount = #{auditCount},		
			reverseQty = #{reverseQty}, 		
			weight = #{weight},			
			countUnit = #{countUnit},		
			weightUnit = #{weightUnit},	
			cost = #{cost},		
			price = #{price},		
			note = #{note},		
			toDate = #{toDate},		
			taxRate = #{taxRate},		
			taxAmount = #{taxAmount},		
			amount = #{amount},	
			drewAmount = #{drewAmount},		
			auditAmount = #{auditAmount},	
			sourceType = #{sourceType},
			sourceBillNo = #{sourceBillNo},
			rd1 = #{rd1},
			rd2 = #{rd2},
			rd3 = #{rd3},
			rd4 = #{rd4},
			rd5 = #{rd5},
			rd6 = #{rd6},
			rd7 = #{rd7},
			rd8 = #{rd8},
			rd9 = #{rd9},
			rd10 = #{rd10},
			rd11 = #{rd11},
			rd12 = #{rd12},
			rd13 = #{rd13},
			rd14 = #{rd14},
			rd15 = #{rd15},
			rd16 = #{rd16},
			rd17 = #{rd17},
			rd18 = #{rd18},	
			rd19 = #{rd19},	
			rd20 = #{rd20},
			rd21 = #{rd21},
			rd22 = #{rd22},
			rd23 = #{rd23},
			rd24 = #{rd24},	
			rd25 = #{rd25},	
			rd26 = #{rd26},	
			rd27 = #{rd27},	
			rd28 = #{rd28},	
			rd29 = #{rd29},	
			rd30 = #{rd30}
		WHERE
			id=#{id}
	</update>
	<!-- 获取发票上传类型，1:发票需要审核0:发票不需要审核 -->
	<select id="getPurchaseUploadType" resultType="string">
		SELECT
			configValue
		FROM
			scm_conf_tbl
		WHERE
			configKey = "purchaseUploadType"
	</select>
	
</mapper>