<?xml version="1.0" encoding="UTF-8" ?>
<!DOCTYPE mapper PUBLIC "-//mybatis.org//DTD Mapper 3.0//EN" "http://mybatis.org/dtd/mybatis-3-mapper.dtd">

<mapper namespace="standardMessage">
	<!-- 获得模板列表数据 -->
	<select id="getMsgList" resultType="hashmap">
		select id,moduleName,modelId,sendUserType,
		name,isSend,content,notes from scm_msg_model_tbl 
		order by modelId
	</select>
	
	<!-- 获得模板总数 -->
	<select id="getMsgListCounts" resultType="String" >
		select count(id) from scm_msg_model_tbl
	</select>
	
	<!-- 查看模板是否唯一 -->
	<select id="isOnly" resultType="hashmap">
		select 
			id,modelId from scm_msg_model_tbl 
		where
			moduleName=#{moduleName}
		and
			modelId=#{modelId}
		and
			appId=#{appId}
	</select>
	<!-- 更新短信模板设置 -->
	<update id="updateMsg">
		update 
		 	scm_msg_model_tbl 
		set 
			moduleName=#{moduleName}, modelId=#{modelId} ,
			sendUserType=#{sendUserType}, name=#{name},
			content=#{content},notes=#{notes},isSend=#{isSend},
			lastupdateTime=#{lastupdateTime} 
		where 
			id=#{id}
	</update>
	
	<!-- 新增模板 -->
	<insert id="addMsgInfo">
		insert into scm_msg_model_tbl
		(
			moduleName,modelId,appId,sendUserType,
			name,content,createTime,lastupdateTime,isSend
		) 
		values
		(
			#{moduleName},#{modelId},#{appId},#{sendUserType},
			#{name},#{content},#{createTime},#{lastupdateTime},#{isSend}
		) 
	</insert>
	
	<!-- 删除模板 -->
	<delete id="deleteMsgModel">
		delete from scm_msg_model_tbl where id=#{id}
	</delete>
	
	<!--根据id查询模板  -->
	<select id="selectOneById" resultType="hashmap" >
		select 
			id,modelId,sendUserType,name,isSend,content
		from 
		    scm_msg_model_tbl where modelId=#{modelId}
	</select>
	
	<!-- 根据状态编号获取对应模板信息 -->
	<select id="msgModelByStatus" resultType="hashmap" >
		select
			*
		from
			scm_msg_model_tbl 
		where 
			modelId=#{status}
	</select>
	
	<!-- 根据模板id获取对应模板信息 -->
	<select id="msgModelByModelId" resultType="hashmap" >
		select
			isSend,modelId,content,sendUserType
		from
			scm_msg_model_tbl 
		where 
			modelId=#{modelId}
		and appId=#{appId}
	</select>
	
		<!-- 保存messageId到获取队列消息表防止重复获取消息 -->
	<insert id="savaMessageId">
		insert into scm_getmessage_tbl
		(
            messageId,text
		) 
		values
		(
			#{messageId},#{text}
		) 
	</insert>
</mapper>