<?xml version="1.0" encoding="UTF-8"?>
<!DOCTYPE mapper
  PUBLIC "-//mybatis.org//DTD Mapper 3.0//EN"
    "http://mybatis.org/dtd/mybatis-3-mapper.dtd">
 
<mapper namespace="standardFav">

	<!-- 产品收藏列表
		modified by zjfh-chenlq at 2015-07-09,
		add some field to the sql:price,id
	 -->
  <select id="getFavProList"  resultType="hashmap">
		SELECT
			pft.id,
			pft.id AS collectId,
			pft.productId AS pId,
			ifnull(pft.productName, '') AS data1,
			ifnull(pft.productSize, '') AS data2,
			ifnull(pft.price, 0) AS price,
			IFNULL(pft.rd2, '') as color,
			pft.standardLen,
			pft.companyId,
			pft.rd1,
			pft.rd2,
			pft.rd3,
			pft.rd4,
			pft.rd5,
			pft.rd6,
			pft.rd7,
			pft.rd8,
			pft.rd9,
			pft.rd10,
			pft.rd11,
			pft.rd12,
			pft.rd13,
			pft.rd14,
			pft.rd15,
			pft.rd16,
			pft.rd17,
			pft.rd18,
			pft.rd19,
			pft.rd20,
			pft.rd21,
			pft.rd22,
			pft.rd23,
			pft.rd24,
			pft.rd25,
			pft.rd26,
			pft.rd27,
			pft.rd28,
			pft.rd29,
			pft.rd30
		FROM
			scm_product_fav_tbl pft JOIN scm_product_tbl pt ON pt.productId=pft.productId
		WHERE
			pt.onSale=1
		<if test="userId !=null and userId !=''">
	     	AND pft.userId =#{userId}
	     </if>
	     <if test="handlerId !=null and handlerId !=''">
	     	AND pft.handlerId = #{handlerId}
	     </if>
	     <if test="companyId !=null and companyId !=''">
	     	AND pft.companyId = #{companyId}
	     </if>
		ORDER BY
			pft.createTime DESC
  </select>
  
  <select id="FavProListCnt"  resultType="hashmap">
		SELECT
			count(*)
		FROM
			scm_product_fav_tbl pt
		WHERE
			pt.productId = #{productId}
		<if test="userId !=null and userId !=''">
	     	AND pt.userId =#{userId}
	     </if>
	     <if test="handlerId !=null and handlerId !=''">
	     	AND pt.handlerId = #{handlerId}
	     </if>
	     <if test="companyId !=null and companyId !=''">
	     	AND pt.companyId = #{companyId}
	     </if>
  </select>
  
  
  
   <insert id="addProductToFavorite" > 
		INSERT INTO scm_product_fav_tbl
		(
		<if test="userId !=null and userId !=''">
	     	userId,
	     </if>
	    <if test="handlerId !=null and handlerId !=''">
	     	handlerId,
	    </if>
			productId,
			productName,
			productType,
			productSize,
			productAddress,
			batch,
			standardLen,
			countUnit,
			weightUnit,
			cost,
			price,
			categoryId,
			createTime,
			picFilePath,
			picFileName,
			shipFee,
			companyId,
			salesmanId,
			parentId,
			lastUpdateTime,
			rd1,
			rd2,
			rd3,
			rd4,
			rd5,
			rd6,
			rd7,
			rd8,
			rd9,
			rd10,
			rd11,
			rd12,
			rd13,
			rd14,
			rd15,
			rd16,
			rd17,
			rd18,
			rd19,
			rd20,
			rd21,
			rd22,
			rd23,
			rd24,
			rd25,
			rd26,
			rd27,
			rd28,
			rd29,
			rd30
		)
		VALUES
		(
		 <if test="userId !=null and userId !=''">
	     	#{userId},
	     </if>
	     <if test="handlerId !=null and handlerId !=''">
	     	#{handlerId},
	     </if>
			#{productId},
			#{productName},
			#{productType},
			#{productSize},
			#{productAddress},
			#{batch},
			#{standardLen},
			#{countUnit},
			#{weightUnit},
			#{cost},
			#{price},
			#{categoryId},
			SYSDATE(),
			#{picFilePath},
			#{picFileName},
			#{shipFee},
			#{companyId},
			#{salesmanId},
			#{parentId},
			SYSDATE(),
			#{rd1},
			#{rd2},
			#{rd3},
			#{rd4},
			#{rd5},
			#{rd6},
			#{rd7},
			#{rd8},
			#{rd9},
			#{rd10},
			#{rd11},
			#{rd12},
			#{rd13},
			#{rd14},
			#{rd15},
			#{rd16},
			#{rd17},
			#{rd18},
			#{rd19},
			#{rd20},
			#{rd21},
			#{rd22},
			#{rd23},
			#{rd24},
			#{rd25},
			#{rd26},
			#{rd27},
			#{rd28},
			#{rd29},
			#{rd30}
		)
   </insert>
	
  <delete id="cancleProductFromFavorite">
	DELETE FROM
		scm_product_fav_tbl
	WHERE
		id = #{id}
	AND 
		userId = #{userId}
  </delete>
</mapper>
