<?xml version="1.0" encoding="UTF-8"?>
<!DOCTYPE mapper
  PUBLIC "-//mybatis.org//DTD Mapper 3.0//EN"
    "http://mybatis.org/dtd/mybatis-3-mapper.dtd">
<mapper namespace="standardInvoice">
    
	<select id="findAll" resultType="com.ultimate.common.InvoiceEntity">
		SELECT
			si.id,  
			si.invoiceNo,
			DATE_FORMAT(si.invoiceTime, '%Y-%m-%d %H:%i:%S') invoiceTime,
			si.payerName,
			si.totalAmount,
			si.reveiver,
			si.marker,
			si.markerId,
			si.memo,
			si.rd1,
			si.rd2,
			si.rd3,
			si.rd4,
			si.rd5,
			si.rd6,
			si.rd7,
			si.rd8,
			si.rd9,
			si.rd10,
			si.rd11,
			si.rd12,
			si.rd13,
			si.rd14,
			si.rd15,
			si.rd16,
			sat.userName,
			CASE
			WHEN sit.deliveryNo IS NOT NULL 
			AND sit.deliveryNo !=''  THEN 1
			WHEN sit.orderNo is not null 
			AND sit.orderNo != ''  THEN 1
			WHEN sit.statementNo is not null 
			AND sit.statementNo !=''  THEN 1
			ELSE  0
			END count
		FROM scm_invoice_tbl si
		LEFT JOIN scm_account_tbl sat ON sat.id = si.userId 
		LEFT JOIN scm_invoice_product_tbl sit ON sit.invoiceId=si.id
		
		WHERE 1 = 1
		
		<if test="CONDITION != null">
			and ${CONDITION}
		</if>
		
		<if test="userIds != null">
			and si.userId IN 
			<foreach item="item" index="index" collection="userIds" open="(" separator="," close=")">
				 #{item}
			</foreach>
		</if>
		GROUP BY si.invoiceNo
		ORDER BY si.invoiceTime DESC
	</select>

	<select id="getAllCount" resultType="int">
	SELECT COUNT(vo.id) from (
		SELECT
			si.id
		FROM scm_invoice_tbl si
		LEFT JOIN scm_account_tbl sat ON sat.id = si.userId 
		LEFT JOIN scm_invoice_product_tbl sit ON sit.invoiceId=si.id
		
		WHERE 1 = 1
		<if test="CONDITION != null">
			and ${CONDITION}
		</if>
		
		<if test="userIds != null">
			and si.userId IN 
			<foreach item="item" index="index" collection="userIds" open="(" separator="," close=")">
				 #{item}
			</foreach>
		</if>
		GROUP BY si.invoiceNo
		) vo
		<!-- 
		<if test="customId != null">
			and  si.customerId = #{customId}
			or si.customerId in (
				SELECT 
					a.customerid
				FROM scm_user_relate_tbl a  
				LEFT JOIN scm_user_relate_tbl b 
				ON a.belongto=b.userid
				WHERE b.customerid = #{customId}
			)
		</if>
		-->
		
	</select>

  	<select id="findById"  resultType="com.ultimate.common.InvoiceEntity">
		SELECT
			si.id,  
			si.invoiceNo,
			DATE_FORMAT(si.invoiceTime, '%Y-%m-%d %H:%i:%S') invoiceTime,
			si.payerName,
			si.totalAmount,
			si.reveiver,
			si.marker,
			si.markerId,
			si.modifierId,
			si.memo,
			si.rd1,
			si.rd2,
			si.rd3,
			si.rd4,
			si.rd5,
			si.rd6,
			si.rd7,
			si.rd8,
			si.rd9,
			si.rd10,
			si.rd11,
			si.rd12,
			si.rd13,
			si.rd14,
			si.rd15,
			si.rd16,
			si.userId,
			si.deliveryNo,
			si.orderNo,
			si.statementNo,
			si.invoiceStatus
		FROM scm_invoice_tbl si
		WHERE si.id = #{id}
	</select>
	
	<select id="findCountByInvoiceNo"  resultType="int">
		SELECT
			COUNT(si.id)
		FROM scm_invoice_tbl si
		WHERE si.invoiceNo = #{invoiceNo}
	</select>
	
	<select id="findIdByInvoiceNo"  resultType="int">
		SELECT
			si.id
		FROM scm_invoice_tbl si
		WHERE si.invoiceNo = #{invoiceNo}
	</select>
	
	<insert id="doCreate" parameterType="hashmap" >
		<selectKey resultType="java.lang.Integer" order="AFTER" keyProperty="id" >
			select LAST_INSERT_ID() as id
		</selectKey>
		INSERT INTO scm_invoice_tbl (
			invoiceNo
			<if test="customerId != null">
				,customerId
			</if>
			<if test="relatedId != null">
				,relatedId
			</if>
			<if test="invoiceTime != null">
				,invoiceTime
			</if>
			<if test="payerName != null">
				,payerName
			</if>
			<if test="totalAmount != null and totalAmount !=''">
				,totalAmount
			</if>
			<if test="reveiver != null">
				,reveiver
			</if>
			<if test="marker != null">
				,marker
			</if>
			<if test="markerId != null">
				,markerId
			</if>
			<if test="memo != null">
				,memo
			</if>
			<if test="createTime != null">
				,createTime
			</if>
			<if test="modifierId != null and modifierId !=''">
				,modifierId
			</if>
			<if test="invoiceStatus != null">
				,invoiceStatus
			</if>
			<if test="rd1 != null">
				,rd1
			</if>
			<if test="rd2 != null">
				,rd2
			</if>
			<if test="rd3 != null">
			 	,rd3
			</if>
			<if test="rd4 != null">
				,rd4
			</if>
			<if test="rd5 != null">
				,rd5
			</if>
			<if test="rd6 != null">
				,rd6
			</if>
			<if test="rd7 != null">
				,rd7
			</if>
			<if test="rd8 != null">
			 	,rd8
			</if>
			<if test="rd9 != null">
				,rd9
			</if>
			<if test="rd10 != null">
				,rd10
			</if>
			<if test="rd11 != null">
				,rd11
			</if>
			<if test="rd12 != null">
				,rd12
			</if>
			<if test="rd13 != null">
			 	,rd13
			</if>
			<if test="rd14 != null">
				,rd14
			</if>
			<if test="rd15 != null">
				,rd15
			</if>
			<if test="rd16 != null">
				,rd16
			</if>
			<if test="userId != null">
				,userId
			</if>
		)VALUES (
			#{invoiceNo}
			<if test="customerId != null">
				,#{customerId}
			</if>
			<if test="relatedId != null">
				,#{relatedId}
			</if>
			<if test="invoiceTime != null">
				<!-- ,#{invoiceTime}  -->
				,STR_TO_DATE(#{invoiceTime}, '%Y-%m-%d %H:%i:%S')
			</if>
			<if test="payerName != null">
				,#{payerName}
			</if>
			<if test="totalAmount != null">
				,#{totalAmount}
			</if>
			<if test="reveiver != null">
				,#{reveiver}
			</if>
			<if test="marker != null">
				,#{marker}
			</if>
			<if test="markerId != null">
				,#{markerId}
			</if>
			<if test="memo != null">
				,#{memo}
			</if>
			<if test="createTime != null">
				,#{createTime}
			</if>
			<if test="modifierId != null">
				,#{modifierId}
			</if>
			<if test="invoiceStatus != null">
				,#{invoiceStatus}
			</if>
			<if test="rd1 != null">
				,#{rd1}
			</if>
			<if test="rd2 != null">
				,#{rd2}
			</if>
			<if test="rd3 != null">
			 	,#{rd3}
			</if>
			<if test="rd4 != null">
				,#{rd4}
			</if>
			<if test="rd5 != null">
				,#{rd5}
			</if>
			<if test="rd6 != null">
				,#{rd6}
			</if>
			<if test="rd7 != null">
				,#{rd7}
			</if>
			<if test="rd8 != null">
			 	,#{rd8}
			</if>
			<if test="rd9 != null">
				,#{rd9}
			</if>
			<if test="rd10 != null">
				,#{rd10}
			</if>
			<if test="rd11 != null">
				,#{rd11}
			</if>
			<if test="rd12 != null">
				,#{rd12}
			</if>
			<if test="rd13 != null">
			 	,#{rd13}
			</if>
			<if test="rd14 != null">
				,#{rd14}
			</if>
			<if test="rd15 != null">
				,#{rd15}
			</if>
			<if test="rd16 != null">
				,#{rd16}
			</if>
			<if test="userId != null">
				,#{userId}
			</if>
		)
  	</insert>

	<update id="doUpdate" parameterType="hashmap">
		UPDATE scm_invoice_tbl it
		<set>
			<if test="customerId != null">
				it.customerId = #{customerId},
			</if>
			<if test="relatedId != null">
				it.relatedId = #{relatedId},
			</if>
			<if test="invoiceTime != null">
				it.invoiceTime = STR_TO_DATE(#{invoiceTime}, '%Y-%m-%d %H:%i:%S'),
			</if>
			<if test="payerName != null">
				it.payerName = #{payerName},
			</if>
			<if test="totalAmount != null and totalAmount !=''">
				it.totalAmount = #{totalAmount},
			</if>
			<if test="reveiver != null">
				it.reveiver = #{reveiver},
			</if>
			<if test="marker != null">
				it.marker = #{marker},
			</if>
			<if test="markerId != null">
				it.markerId = #{markerId},
			</if>
			<if test="memo != null">
				it.memo = #{memo},
			</if>
			<if test="createTime != null">
				it.createTime = #{createTime},
			</if>
			<if test="modifierId != null and modifierId !=''">
				it.modifierId = #{modifierId},
			</if>
			<if test="invoiceStatus != null">
				it.invoiceStatus = #{invoiceStatus},
			</if>
			<if test="rd1 != null">
				it.rd1 = #{rd1},
			</if>
			<if test="rd2 != null">
				it.rd2 = #{rd2},
			</if>
			<if test="rd3 != null">
			 	it.rd3 = #{rd3},
			</if>
			<if test="rd4 != null">
				it.rd4 = #{rd4},
			</if>
			<if test="rd5 != null">
				it.rd5 = #{rd5},
			</if>
			<if test="rd6 != null">
				it.rd6 = #{rd6},
			</if>
			<if test="rd7 != null">
				it.rd7 = #{rd7},
			</if>
			<if test="rd8 != null">
			 	it.rd8 = #{rd8},
			</if>
			<if test="rd9 != null">
				it.rd9 = #{rd9},
			</if>
			<if test="rd10 != null">
				it.rd10 = #{rd10},
			</if>
			<if test="rd11 != null">
				it.rd11 = #{rd11},
			</if>
			<if test="rd12 != null">
				it.rd12 = #{rd12},
			</if>
			<if test="rd13 != null">
			 	it.rd13 = #{rd13},
			</if>
			<if test="rd14 != null">
				it.rd14 = #{rd14},
			</if>
			<if test="rd15 != null">
				it.rd15 = #{rd15},
			</if>
			<if test="rd16 != null">
				it.rd16 = #{rd16},
			</if>
			<if test="userId != null">
				it.userId = #{userId},
			</if>
		</set>
		WHERE it.invoiceNo = #{invoiceNo}
	</update>

	<select id="getOtherNoByInvoiceId" resultType="com.ultimate.common.InvoiceEntity">
		SELECT 
		      b.orderNo, 
		      b.deliveryNo,
		      b.statementNo
		FROM scm_invoice_tbl a 
        LEFT JOIN scm_invoice_product_tbl b ON a.id = b.invoiceId
		<where> 
		    a.id = #{id}
		</where>
	</select>
	
	<!-- 发票信息 -->
	<select id="selectInvoiceInfo" resultType="com.ultimate.common.StatementEntity">
		select iv.id,
		       iv.invoiceNo,
		       iv.customerId,
			   DATE_FORMAT(iv.invoiceTime,'%Y-%m-%d %T') invoiceTime,
			   iv.payerName,
			   iv.totalAmount,
			   iv.rd1,
			   iv.rd2,
			   iv.rd3,
			   iv.rd4,
			   iv.rd5,
			   iv.rd6,
			   iv.rd7,
			   iv.rd8,
			   iv.rd9,
			   iv.rd10,
			   iv.rd11,
			   iv.rd12,
			   iv.rd13,
			   iv.rd14,
			   iv.rd15,
			   iv.rd16
		  from scm_invoice_tbl iv 
		 where iv.userId=#{userId}
	</select>
</mapper>