<?xml version="1.0" encoding="UTF-8" ?>
<!DOCTYPE mapper PUBLIC "-//mybatis.org//DTD Mapper 3.0//EN" "http://mybatis.org/dtd/mybatis-3-mapper.dtd">

<mapper namespace="standardLoan">
	<!-- 获得退货单列表 -->
	<select id="getLoanList" resultType="hashmap">
		SELECT
				scm_contract_tbl.id,
				scm_contract_tbl.userId,
				scm_contract_tbl.customerId,
				scm_contract_tbl.hxAcctNo,
				scm_contract_tbl.gYSCustomerCode,
				scm_contract_tbl.contractStatus,
				scm_contract_tbl.beginDate,
				scm_contract_tbl.endDate,
				scm_contract_tbl.repayAccount,
				scm_contract_tbl.memberType,
				scm_contract_tbl.memberCode,
				scm_contract_tbl.financeVarieties,
				scm_contract_tbl.contractCode,
				scm_contract_tbl.currType,
				scm_contract_tbl.applyDateBegin,
				scm_contract_tbl.applyDateEnd,
				scm_contract_tbl.applyAmount,
				scm_contract_tbl.relAmount,
				scm_contract_tbl.reloAmount,
				scm_contract_tbl.lastUpdateTime,
				scm_contract_tbl.rd1,
				scm_contract_tbl.rd2,
				scm_contract_tbl.rd3,
				scm_contract_tbl.rd4,
				scm_contract_tbl.rd5,
				scm_contract_tbl.rd6,
				scm_contract_tbl.rd7,
				scm_contract_tbl.rd8,
				scm_contract_tbl.rd9,
				scm_contract_tbl.rd10,
				scm_contract_tbl.rd11,
				scm_contract_tbl.rd12,
				scm_contract_tbl.rd13,
				scm_contract_tbl.rd14,
				scm_contract_tbl.rd15,
				scm_contract_tbl.rd16,
				scm_account_tbl.userName
			FROM
				scm_contract_tbl	
			LEFT JOIN scm_account_tbl ON scm_contract_tbl.userId=scm_account_tbl.id
			where 1=1
			<if test="userIds != null">
				and scm_contract_tbl.userId in
				<foreach item="item" index="index" collection="userIds" open="(" separator="," close=")">
				 	#{item}
				</foreach>
			</if>
			<if test="CONDITION != null">
				and ${CONDITION}
			</if>
			order by scm_contract_tbl.applyDateBegin desc
	</select>
	<!-- 查询贷款明细金额合计-->
	<select id="selectAmount" resultType="hashmap">
		SELECT
				SUM(scm_contract_tbl.applyAmount) applyAmount,
				SUM(scm_contract_tbl.relAmount) relAmount,
				SUM(scm_contract_tbl.reloAmount) reloAmount
			FROM
				scm_contract_tbl	
				LEFT JOIN scm_account_tbl ON scm_contract_tbl.userId=scm_account_tbl.id
			where 1=1
			<if test="userIds != null">
				and scm_contract_tbl.userId in
				<foreach item="item" index="index" collection="userIds" open="(" separator="," close=")">
				 	#{item}
				</foreach>
			</if>	 
					
			<if test="CONDITION != null">
				and ${CONDITION}
			</if>
			order by scm_contract_tbl.applyDateBegin desc
	</select>
	
</mapper>

		