<?xml version="1.0" encoding="UTF-8" ?>
<!DOCTYPE mapper PUBLIC "-//mybatis.org//DTD Mapper 3.0//EN" "http://mybatis.org/dtd/mybatis-3-mapper.dtd">

<mapper namespace="standardReturnbill">
	<!-- 获得退货单列表 -->
	<select id="getReturnbillList" resultType="hashmap">
		SELECT
			scm_returnbill_tbl.id,
			scm_returnbill_tbl.returnBillNo,
			scm_returnbill_tbl.deliveryId,
			date_format(scm_returnbill_tbl.createTime,'%Y-%m-%d %T') AS createTime,
			scm_returnbill_tbl.returnTime,
			scm_returnbill_tbl.userId,
			scm_returnbill_tbl.customerId,
			scm_returnbill_tbl.shippingMethod,
			scm_returnbill_tbl.amount,
			scm_returnbill_tbl.authorId,
			scm_returnbill_tbl.salesmanId,
			scm_returnbill_tbl.userId,
			scm_returnbill_tbl.customerId,
			scm_returnbill_tbl.companyId,
			scm_returnbill_tbl.note,
			scm_returnbill_tbl.rd1,
			scm_returnbill_tbl.rd2,
			scm_returnbill_tbl.rd3,
			scm_returnbill_tbl.rd4,
			scm_returnbill_tbl.rd5,
			scm_returnbill_tbl.rd6,
			scm_returnbill_tbl.rd7,
			scm_returnbill_tbl.rd8,
			scm_returnbill_tbl.rd9,
			scm_returnbill_tbl.rd10,
			scm_returnbill_tbl.rd11,
			scm_returnbill_tbl.rd12,
			scm_returnbill_tbl.rd13,
			scm_returnbill_tbl.rd14,
			scm_returnbill_tbl.rd15,
			scm_returnbill_tbl.rd16,
			scm_returnbill_tbl.erp_orderStatus,
			scm_account_tbl.userName,		
			co.companyName,
			dic.dictName,
			scm_returnbill_tbl.status
		FROM
			scm_returnbill_tbl
		LEFT JOIN scm_account_tbl ON scm_returnbill_tbl.customerId = scm_account_tbl.customerId
		LEFT JOIN scm_company_tbl AS co ON scm_returnbill_tbl.companyId = co.companyId
		LEFT JOIN sys_dictionary_tbl AS dic ON scm_returnbill_tbl.shippingMethod = dic.dictId
		where 1=1
		 
			<if test="userIds != null">
		  	and	scm_returnbill_tbl.userId IN 			 
				 <foreach item="item" index="index" collection="userIds" open="(" separator="," close=")">
				 	#{item}
				 </foreach>
			 </if>
		 
			<if test="CONDITION != null">
				and ${CONDITION}
			</if>
		    order by scm_returnbill_tbl.returnTime desc 
	</select>
	
	<!-- 获得退货单明细列表-->
	<select id="getReturnbillProductList" resultType="hashmap">
	 select 
			scm_returnbill_tbl.id, 
			scm_returnbill_tbl.returnBillNo,
			scm_returnbill_tbl.userId, 
			scm_returnbill_tbl.returnTime,
			date_format(scm_returnbill_tbl.createTime,'%Y-%m-%d %T') AS createTime,
			scm_returnbill_tbl.authorId,
			scm_returnbill_tbl.salesmanId,
			scm_returnbill_tbl.userId,
			scm_returnbill_tbl.customerId,
			scm_returnbill_tbl.companyId,
			scm_returnbill_tbl.note as hnote,
			scm_returnbill_tbl.status,
			scm_returnbill_tbl.amount,
			scm_returnbill_tbl.erp_orderStatus,
			rtp.productEntry,
			rtp.standardLen,
			rtp.wareHouse,
			rtp.detailStatus, 
			rtp.productId, 
			rtp.productName,
			rtp.Count,    
            rtp.batch,
            rtp.productAddress,
		    rtp.productSize,
		    rtp.productType,
		    rtp.price, 
		    rtp.id as aid,
		    rtp.weight,
		    rtp.countUnit,
		    rtp.weightUnit,
		    rtp.cost,
		    rtp.taxRate,
		    rtp.taxAmount,
		    rtp.rd1,
		    rtp.rd2,
		    rtp.rd3,
		    rtp.rd4,
		    rtp.rd5,
		    rtp.rd6,
		    rtp.rd7,
		    rtp.rd8,
		    rtp.rd9,
		    rtp.rd10,
		    rtp.rd11,
		    rtp.rd12,
		    rtp.rd13,
		    rtp.rd14,
		    rtp.rd15,
		    rtp.rd16,
		    rtp.rd17,
		    rtp.rd18,
		    rtp.rd19,
		    rtp.rd20,
		    rtp.rd21,
		    rtp.rd22,
		    rtp.rd23,
		    rtp.rd24,
		    rtp.rd25,
		    rtp.rd26,
		    rtp.rd27,
		    rtp.rd28,
		    rtp.rd29,
		    rtp.rd30,
		    rtp.note,
		    rtp.erp_detail_orderStatus,
		    scm_returnbill_tbl.rd1 F1,
			scm_returnbill_tbl.rd2 F2,
			scm_returnbill_tbl.rd3 F3,
			scm_returnbill_tbl.rd4 F4,
			scm_returnbill_tbl.rd5 F5,
			scm_returnbill_tbl.rd6 F6,
			scm_returnbill_tbl.rd7 F7,
			scm_returnbill_tbl.rd8 F8,
			scm_returnbill_tbl.rd9 F9,
			scm_returnbill_tbl.rd10 F10,
			scm_returnbill_tbl.rd11 F11,
			scm_returnbill_tbl.rd12 F12,
			scm_returnbill_tbl.rd13 F13,
			scm_returnbill_tbl.rd14 F14,
			scm_returnbill_tbl.rd15 F15,
			scm_returnbill_tbl.rd16 F16,
		    scm_account_tbl.userName
		From scm_returnbill_tbl
			LEFT JOIN scm_account_tbl ON scm_returnbill_tbl.customerId = scm_account_tbl.customerId
		   join scm_returnbill_product_tbl as rtp on rtp.returnBillId = scm_returnbill_tbl.id
		 where 1 = 1  
		 	<if test="userIds != null">
		  		and	scm_returnbill_tbl.userId IN 			 
				 <foreach item="item" index="index" collection="userIds" open="(" separator="," close=")">
				 	#{item}
				 </foreach>
			</if>       	   
			<if test="CONDITION != null">
					and ${CONDITION}
			</if>
			order by scm_returnbill_tbl.returnTime desc 
	</select>
	
	<!-- 退货单产品信息 -->
	<select id="getproDetailList" resultType="hashmap">
	 select 
			scm_returnbill_tbl.id, 
			scm_returnbill_tbl.returnBillNo,
			scm_returnbill_tbl.userId,
			scm_returnbill_tbl.erp_orderStatus,
			scm_returnbill_tbl.rd1,
			scm_returnbill_tbl.rd2,
			scm_returnbill_tbl.rd3,
			scm_returnbill_tbl.rd4,
			scm_returnbill_tbl.rd5,
			scm_returnbill_tbl.rd6,
			scm_returnbill_tbl.rd7,
			scm_returnbill_tbl.rd8,
			scm_returnbill_tbl.rd9,
			scm_returnbill_tbl.rd10,
			scm_returnbill_tbl.rd11,
			scm_returnbill_tbl.rd12,
			scm_returnbill_tbl.rd13,
			scm_returnbill_tbl.rd14,
			scm_returnbill_tbl.rd15,
			scm_returnbill_tbl.rd16,
			rtp.ProductId, 
			rtp.productName,
			rtp.Count,    
			rtp.standardLen,
            rtp.batch,
            rtp.productAddress,
		    rtp.productSize,
		    rtp.productEntry,
			rtp.detailStatus,
			rtp.batch,
			rtp.weight,
			rtp.countUnit,
			rtp.weightUnit,
			rtp.cost,
			rtp.note,
			rtp.taxRate,
			rtp.taxAmount,
			rtp.wareHouse,
			rtp.standardLen,
		    rtp.productType,
		    rtp.price, 
		    rtp.id as aid,
		    rtp.erp_detail_orderStatus,
		    rtp.rd1 F1,
		    rtp.rd2 F2,
		    rtp.rd3 F3,
		    rtp.rd4 F4,
		    rtp.rd5 F5,
		    rtp.rd6 F6,
		    rtp.rd7 F7,
		    rtp.rd8 F8,
		    rtp.rd9 F9,
		    rtp.rd10 F10,
		    rtp.rd11 F11,
		    rtp.rd12 F12,
		    rtp.rd13 F13,
		    rtp.rd14 F14,
		    rtp.rd15 F15,
		    rtp.rd16 F16,
		    rtp.rd17 F17,
		    rtp.rd18 F18,
		    rtp.rd19 F19,
		    rtp.rd20 F20,
		    rtp.rd21 F21,
		    rtp.rd22 F22,
		    rtp.rd23 F23,
		    rtp.rd24 F24,
		    rtp.rd25 F25,
		    rtp.rd26 F26,
		    rtp.rd27 F27,
		    rtp.rd28 F28,
		    rtp.rd29 F29,
		    rtp.rd30 F30
		    
		From scm_returnbill_tbl 
		   join scm_returnbill_product_tbl as rtp on rtp.returnBillId = scm_returnbill_tbl.id
		 where 1 = 1         	   
		<if test="CONDITION != null">
				and ${CONDITION}
		</if>
	</select>
	
	<!-- 查询退货单的基本信息  -->
	<select id="selectReturnDetail" resultType="hashmap">
		SELECT scm_returnbill_tbl.id,
			   scm_returnbill_tbl.returnBillNo,
			   scm_returnbill_tbl.returnTime returnTime,
			   scm_returnbill_tbl.createTime createTime,
			   scm_returnbill_tbl.amount,
			   scm_returnbill_tbl.customerId,
			   scm_returnbill_tbl.userId,
			   scm_returnbill_tbl.shippingMethod,
			   scm_returnbill_tbl.companyId,
			   scm_returnbill_tbl.salesmanId,
			   scm_returnbill_tbl.authorId,
			   scm_returnbill_tbl.status,
			   scm_returnbill_tbl.note,
			   scm_returnbill_tbl.erp_orderStatus,
			   scm_returnbill_tbl.rd1,
			   scm_returnbill_tbl.rd2,
			   scm_returnbill_tbl.rd3,
			   scm_returnbill_tbl.rd4,
			   scm_returnbill_tbl.rd5,
			   scm_returnbill_tbl.rd6,
			   scm_returnbill_tbl.rd7,
			   scm_returnbill_tbl.rd8,
			   scm_returnbill_tbl.rd9,
			   scm_returnbill_tbl.rd10,
			   scm_returnbill_tbl.rd11,
			   scm_returnbill_tbl.rd12,
			   scm_returnbill_tbl.rd13,
			   scm_returnbill_tbl.rd14,
			   scm_returnbill_tbl.rd15,
			   scm_returnbill_tbl.rd16, 
			   co.companyName,
			   dic.dictName,
			   ac.userName			   
		FROM scm_returnbill_tbl 
		left join scm_company_tbl as co on scm_returnbill_tbl.companyId=co.companyId
		left join sys_dictionary_tbl as dic on scm_returnbill_tbl.shippingMethod = dic.dictId
		left join scm_account_tbl as ac on scm_returnbill_tbl.userId=ac.id
		where 1=1	
		<if test="CONDITION != null">
				and ${CONDITION}
		</if>
	</select>
	
	<!-- 查询上次同步成功的时间，cursor位置 -->
	<select id="getInterFaceInfo" resultType="hashmap" >
		SELECT
			scm_interface_record_tbl.cursor,
			date_format(scm_interface_record_tbl.lastUpdateTime,'%Y-%m-%d %T') AS StartTime,
			date_format(now(),'%Y-%m-%d %T') AS EndTime
		FROM
			scm_interface_record_tbl
		WHERE
			interfaceid = 'S00503'
	</select>
	
	<!-- 查询退货单是否存在 -->
	<select id="findCountByReturnBillNo"  resultType="int">
		SELECT
			COUNT(si.id)
		FROM scm_returnbill_tbl si
		WHERE si.returnBillNo = #{returnBillNo}
	</select>
	<!-- 根据returnBillNo，查询退货单的id -->
	<select id="findIdByReturnBillNo"  resultType="int">
		SELECT
			si.id
		FROM scm_returnbill_tbl si
		WHERE si.returnBillNo = #{returnBillNo}
	</select>
	
	<!-- 插入退货单信息 -->
	<insert id="insertReturnInfo">
		<selectKey resultType="java.lang.Long" order="AFTER" keyProperty="id" >
			select LAST_INSERT_ID() as id
		</selectKey>
		INSERT INTO scm_returnbill_tbl (
			returnBillNo
			<if test="deliveryId !=null and deliveryId !=''">,deliveryId</if>
			<if test="createTime !=null and createTime !=''">,createTime</if>
			<if test="returnTime !=null and returnTime !=''">,returnTime</if>
			<if test="status !=null and status !=''">,status</if>
			<if test="shippingMethod !=null and shippingMethod !=''">,shippingMethod</if>
			<if test="amount !=null and amount !=''">,amount</if>
			<if test="authorId !=null and authorId !=''">,authorId</if>
			<if test="salesmanId !=null and salesmanId !=''">,salesmanId</if>
			<if test="userId !=null and userId !=''">,userId</if>
			<if test="customerId !=null and customerId !=''">,customerId</if>
			<if test="companyId !=null and companyId !=''">,companyId</if>
			<if test="modifierId !=null and modifierId !=''">,modifierId</if>
			<if test="lastUpdateTime !=null and lastUpdateTime !=''">,lastUpdateTime</if>
			<if test="note !=null and note !=''">,note</if>
			<if test="rd1 !=null and rd1 !=''">,rd1</if>
			<if test="rd2 !=null and rd2 !=''">,rd2</if>
			<if test="rd3 !=null and rd3 !=''">,rd3</if>
			<if test="rd4 !=null and rd4 !=''">,rd4</if>
			<if test="rd5 !=null and rd5 !=''">,rd5</if>
			<if test="rd6 !=null and rd6 !=''">,rd6</if>
			<if test="rd7 !=null and rd7 !=''">,rd7</if>
			<if test="rd8 !=null and rd8 !=''">,rd8</if>
			<if test="rd9 !=null and rd9 !=''">,rd9</if>
			<if test="rd10 !=null and rd10 !=''">,rd10</if>
			<if test="rd11 !=null and rd11 !=''">,rd11</if>
			<if test="rd12 !=null and rd12 !=''">,rd12</if>
			<if test="rd13 !=null and rd13 !=''">,rd13</if>
			<if test="rd14 !=null and rd14 !=''">,rd14</if>
			<if test="rd15 !=null and rd15 !=''">,rd15</if>
			<if test="rd16 !=null and rd16 !=''">,rd16</if>
			<if test="hrsv1 !=null">,hrsv1</if>
			<if test="hrsv2 !=null">,hrsv2</if>
			<if test="hrsv3 !=null">,hrsv3</if>
		)
		VALUES
		(
			#{returnBillNo}
			<if test="deliveryId !=null and deliveryId !=''">,#{deliveryId}</if>
			<if test="createTime !=null and createTime !=''">,#{createTime}</if>
			<if test="returnTime !=null and returnTime !=''">,#{returnTime}</if>
			<if test="status !=null and status !=''">,#{status}</if>
			<if test="shippingMethod !=null and shippingMethod !=''">,#{shippingMethod}</if>
			<if test="amount !=null and amount !=''">,#{amount}</if>
			<if test="authorId !=null and authorId !=''">,#{authorId}</if>
			<if test="salesmanId !=null and salesmanId !=''">,#{salesmanId}</if>
			<if test="userId !=null and userId !=''">,#{userId}</if>
			<if test="customerId !=null and customerId !=''">,#{customerId}</if>
			<if test="companyId !=null and companyId !=''">,#{companyId}</if>
			<if test="modifierId !=null and modifierId !=''">,#{modifierId}</if>
			<if test="lastUpdateTime !=null and lastUpdateTime !=''">,#{lastUpdateTime}</if>
			<if test="note !=null and note !=''">,#{note}</if>
			<if test="rd1 !=null and rd1 !=''">,#{rd1}</if>
			<if test="rd2 !=null and rd2 !=''">,#{rd2}</if>
			<if test="rd3 !=null and rd3 !=''">,#{rd3}</if>
			<if test="rd4 !=null and rd4 !=''">,#{rd4}</if>
			<if test="rd5 !=null and rd5 !=''">,#{rd5}</if>
			<if test="rd6 !=null and rd6 !=''">,#{rd6}</if>
			<if test="rd7 !=null and rd7 !=''">,#{rd7}</if>
			<if test="rd8 !=null and rd8 !=''">,#{rd8}</if>
			<if test="rd9 !=null and rd9 !=''">,#{rd9}</if>
			<if test="rd10 !=null and rd10 !=''">,#{rd10}</if>
			<if test="rd11 !=null and rd11 !=''">,#{rd11}</if>
			<if test="rd12 !=null and rd12 !=''">,#{rd12}</if>
			<if test="rd13 !=null and rd13 !=''">,#{rd13}</if>
			<if test="rd14 !=null and rd14 !=''">,#{rd14}</if>
			<if test="rd15 !=null and rd15 !=''">,#{rd15}</if>
			<if test="rd16 !=null and rd16 !=''">,#{rd16}</if>
			<if test="hrsv1 !=null">,#{hrsv1}</if>
			<if test="hrsv2 !=null">,#{hrsv2}</if>
			<if test="hrsv3 !=null">,#{hrsv3}</if>
		)
	</insert>
	
	<!-- 更新退货单信息 -->
	<update id="updateReturnInfo">
		UPDATE 
			scm_returnbill_tbl
		SET
			lastUpdateTime=sysdate()		
			<if test="deliveryId !=null and deliveryId !=''">,deliveryId=#{deliveryId}</if>
			<if test="createTime !=null and createTime !=''">,createTime=#{createTime}</if>
			<if test="returnTime !=null and returnTime !=''">,returnTime=#{returnTime}</if>
			<if test="status !=null and status !=''">,status=#{status}</if>
			<if test="shippingMethod !=null and shippingMethod !=''">,shippingMethod=#{shippingMethod}</if>
			<if test="amount !=null and amount !=''">,amount=#{amount}</if>
			<if test="authorId !=null and authorId !=''">,authorId=#{authorId}</if>
			<if test="salesmanId !=null and salesmanId !=''">,salesmanId=#{salesmanId}</if>
			<if test="userId !=null and userId !=''">,userId=#{userId}</if>
			<if test="customerId !=null and customerId !=''">,customerId=#{customerId}</if>
			<if test="companyId !=null and companyId !=''">,companyId=#{companyId}</if>
			<if test="modifierId !=null and modifierId !=''">,modifierId=#{modifierId}</if>
			<if test="note !=null and note !=''">,note=#{note}</if>
			<if test="rd1 !=null and rd1 !=''">,rd1=#{rd1}</if>
			<if test="rd2 !=null and rd2 !=''">,rd2=#{rd2}</if>
			<if test="rd3 !=null and rd3 !=''">,rd3=#{rd3}</if>
			<if test="rd4 !=null and rd4 !=''">,rd4=#{rd4}</if>
			<if test="rd5 !=null and rd5 !=''">,rd5=#{rd5}</if>
			<if test="rd6 !=null and rd6 !=''">,rd6=#{rd6}</if>
			<if test="rd7 !=null and rd7 !=''">,rd7=#{rd7}</if>
			<if test="rd8 !=null and rd8 !=''">,rd8=#{rd8}</if>
			<if test="rd9 !=null and rd9 !=''">,rd9=#{rd9}</if>
			<if test="rd10 !=null and rd10 !=''">,rd10=#{rd10}</if>
			<if test="rd11 !=null and rd11 !=''">,rd11=#{rd11}</if>
			<if test="rd12 !=null and rd12 !=''">,rd12=#{rd12}</if>
			<if test="rd13 !=null and rd13 !=''">,rd13=#{rd13}</if>
			<if test="rd14 !=null and rd14 !=''">,rd14=#{rd14}</if>
			<if test="rd15 !=null and rd15 !=''">,rd15=#{rd15}</if>
			<if test="rd16 !=null and rd16 !=''">,rd16=#{rd16}</if>
			<if test="hrsv1 !=null">,hrsv1=#{hrsv1}</if>
			<if test="hrsv2 !=null">,hrsv2=#{hrsv2}</if>
			<if test="hrsv3 !=null">,hrsv3=#{hrsv3}</if>
		WHERE	id=#{id}
	</update>
	
	<!-- 删除对应的产品数据 -->
	<delete id="deleteProduct">
		DELETE FROM scm_returnbill_product_tbl WHERE returnBillId = #{id}
	</delete>
	
	<!-- 插入产品数据 -->
	<insert id="insertProduct">
	INSERT INTO scm_returnbill_product_tbl(
			productId
			<if test="entryId !=null and entryId !=''">,entryId</if>
			<if test="detailStatus !=null and detailStatus !=''">,detailStatus</if>
			<if test="returnBillId !=null and returnBillId !=''">,returnBillId</if>
			<if test="orderNo !=null and orderNo !=''">,orderNo</if>
			<if test="deliveryNo !=null and deliveryNo !=''">,deliveryNo</if>
			<if test="stockNo !=null and stockNo !=''">,stockNo</if>
			<if test="otherNo !=null and otherNo !=''">,otherNo</if>
			<if test="productEntry !=null and productEntry !=''">,productEntry</if>
			<if test="productName !=null and productName !=''">,productName</if>
			<if test="productType !=null and productType !=''">,productType</if>
			<if test="productSize !=null and productSize !=''">,productSize</if>
			<if test="productAddress !=null and productAddress !=''">,productAddress</if>
			<if test="wareHouse !=null and wareHouse !=''">,wareHouse</if>
			<if test="batch !=null and batch !=''">,batch</if>
			<if test="standardLen !=null and standardLen !=''">,standardLen</if>
			<if test="count !=null and count !=''">,count</if>
			<if test="weight !=null and weight !=''">,weight</if>
			<if test="countUnit !=null and countUnit !=''">,countUnit</if>
			<if test="weightUnit !=null and weightUnit !=''">,weightUnit</if>
			<if test="cost !=null and cost !=''">,cost</if>
			<if test="price !=null and price !=''">,price</if>
			<if test="note !=null and note !=''">,note</if>
			<if test="taxRate !=null and taxRate !=''">,taxRate</if>
			<if test="taxAmount !=null and taxAmount !=''">,taxAmount</if>
			<if test="rd1 !=null and rd1 !=''">,rd1</if>
			<if test="rd2 !=null and rd2 !=''">,rd2</if>
			<if test="rd3 !=null and rd3 !=''">,rd3</if>
			<if test="rd4 !=null and rd4 !=''">,rd4</if>
			<if test="rd5 !=null and rd5 !=''">,rd5</if>
			<if test="rd6 !=null and rd6 !=''">,rd6</if>
			<if test="rd7 !=null and rd7 !=''">,rd7</if>
			<if test="rd8 !=null and rd8 !=''">,rd8</if>
			<if test="rd9 !=null and rd9 !=''">,rd9</if>
			<if test="rd10 !=null and rd10 !=''">,rd10</if>
			<if test="rd11 !=null and rd11 !=''">,rd11</if>
			<if test="rd12 !=null and rd12 !=''">,rd12</if>
			<if test="rd13 !=null and rd13 !=''">,rd13</if>
			<if test="rd14 !=null and rd14 !=''">,rd14</if>
			<if test="rd15 !=null and rd15 !=''">,rd15</if>
			<if test="rd16 !=null and rd16 !=''">,rd16</if>
			<if test="rd17 !=null and rd17 !=''">,rd17</if>
			<if test="rd18 !=null and rd18 !=''">,rd18</if>
			<if test="rd19 !=null and rd19 !=''">,rd19</if>
			<if test="rd20 !=null and rd20 !=''">,rd20</if>
			<if test="rd21 !=null and rd21 !=''">,rd21</if>
			<if test="rd22 !=null and rd22 !=''">,rd22</if>
			<if test="rd23 !=null and rd23 !=''">,rd23</if>
			<if test="rd24 !=null and rd24 !=''">,rd24</if>
			<if test="rd25 !=null and rd25 !=''">,rd25</if>
			<if test="rd26 !=null and rd26 !=''">,rd26</if>
			<if test="rd27 !=null and rd27 !=''">,rd27</if>
			<if test="rd28 !=null and rd28 !=''">,rd28</if>
			<if test="rd29 !=null and rd29 !=''">,rd29</if>
			<if test="rd30 !=null and rd30 !=''">,rd30</if>
			<if test="erp_detail_orderStatus !=null">,erp_detail_orderStatus</if>
			<if test="rsv1 !=null">,rsv1</if>
			<if test="rsv2 !=null">,rsv2</if>
			<if test="rsv3 !=null">,rsv3</if>	
		
			)Values(
			#{productId}
			<if test="entryId !=null and entryId !=''">,#{entryId}</if>
			<if test="detailStatus !=null and detailStatus !=''">,#{detailStatus}</if>
			<if test="returnBillId !=null and returnBillId !=''">,#{returnBillId}</if>
			<if test="orderNo !=null and orderNo !=''">,#{orderNo}</if>
			<if test="deliveryNo !=null and deliveryNo !=''">,#{deliveryNo}</if>
			<if test="stockNo !=null and stockNo !=''">,#{stockNo}</if>
			<if test="otherNo !=null and otherNo !=''">,#{otherNo}</if>
			<if test="productEntry !=null and productEntry !=''">,#{productEntry}</if>
			<if test="productName !=null and productName !=''">,#{productName}</if>
			<if test="productType !=null and productType !=''">,#{productType}</if>
			<if test="productSize !=null and productSize !=''">,#{productSize}</if>
			<if test="productAddress !=null and productAddress !=''">,#{productAddress}</if>
			<if test="wareHouse !=null and wareHouse !=''">,#{wareHouse}</if>
			<if test="batch !=null and batch !=''">,#{batch}</if>
			<if test="standardLen !=null and standardLen !=''">,#{standardLen}</if>
			<if test="count !=null and count !=''">,#{count}</if>
			<if test="weight !=null and weight !=''">,#{weight}</if>
			<if test="countUnit !=null and countUnit !=''">,#{countUnit}</if>
			<if test="weightUnit !=null and weightUnit !=''">,#{weightUnit}</if>
			<if test="cost !=null and cost !=''">,#{cost}</if>
			<if test="price !=null and price !=''">,#{price}</if>
			<if test="note !=null and note !=''">,#{note}</if>
			<if test="taxRate !=null and taxRate !=''">,#{taxRate}</if>
			<if test="taxAmount !=null and taxAmount !=''">,#{taxAmount}</if>
			<if test="rd1 !=null and rd1 !=''">,#{rd1}</if>
			<if test="rd2 !=null and rd2 !=''">,#{rd2}</if>
			<if test="rd3 !=null and rd3 !=''">,#{rd3}</if>
			<if test="rd4 !=null and rd4 !=''">,#{rd4}</if>
			<if test="rd5 !=null and rd5 !=''">,#{rd5}</if>
			<if test="rd6 !=null and rd6 !=''">,#{rd6}</if>
			<if test="rd7 !=null and rd7 !=''">,#{rd7}</if>
			<if test="rd8 !=null and rd8 !=''">,#{rd8}</if>
			<if test="rd9 !=null and rd9 !=''">,#{rd9}</if>
			<if test="rd10 !=null and rd10 !=''">,#{rd10}</if>
			<if test="rd11 !=null and rd11 !=''">,#{rd11}</if>
			<if test="rd12 !=null and rd12 !=''">,#{rd12}</if>
			<if test="rd13 !=null and rd13 !=''">,#{rd13}</if>
			<if test="rd14 !=null and rd14 !=''">,#{rd14}</if>
			<if test="rd15 !=null and rd15 !=''">,#{rd15}</if>
			<if test="rd16 !=null and rd16 !=''">,#{rd16}</if>
			<if test="rd17 !=null and rd17 !=''">,#{rd17}</if>
			<if test="rd18 !=null and rd18 !=''">,#{rd18}</if>
			<if test="rd19 !=null and rd19 !=''">,#{rd19}</if>
			<if test="rd20 !=null and rd20 !=''">,#{rd20}</if>
			<if test="rd21 !=null and rd21 !=''">,#{rd21}</if>
			<if test="rd22 !=null and rd22 !=''">,#{rd22}</if>
			<if test="rd23 !=null and rd23 !=''">,#{rd23}</if>
			<if test="rd24 !=null and rd24 !=''">,#{rd24}</if>
			<if test="rd25 !=null and rd25 !=''">,#{rd25}</if>
			<if test="rd26 !=null and rd26 !=''">,#{rd26}</if>
			<if test="rd27 !=null and rd27 !=''">,#{rd27}</if>
			<if test="rd28 !=null and rd28 !=''">,#{rd28}</if>
			<if test="rd29 !=null and rd29 !=''">,#{rd29}</if>
			<if test="rd30 !=null and rd30 !=''">,#{rd30}</if>
			<if test="erp_detail_orderStatus !=null">,#{erp_detail_orderStatus}</if>
			<if test="rsv1 !=null">,#{rsv1}</if>
			<if test="rsv2 !=null">,#{rsv2}</if>
			<if test="rsv3 !=null">,#{rsv3}</if>			
			
		)
	</insert>
	
    <!-- 导出查询 -->
	<select id="selectExportData" resultType="com.ultimate.common.ReturnBillExportEntity">
		SELECT
		scm_returnbill_tbl.id,
		scm_returnbill_tbl.returnBillNo,
		date_format(scm_returnbill_tbl.createTime, '%Y-%m-%d %T') createTime,
		scm_returnbill_tbl.shippingMethod,
		scm_returnbill_tbl.deliveryId,
	    ifnull(scm_returnbill_tbl.amount,0) amount,
		scm_returnbill_tbl.salesmanId,
		scm_returnbill_tbl.authorId,
		scm_returnbill_tbl.userId,
		scm_returnbill_tbl.customerId,
		scm_returnbill_tbl.companyId,
		date_format(scm_returnbill_tbl.lastUpdateTime, '%Y-%m-%d %T') lastUpdateTime,
		scm_returnbill_tbl.status,
		scm_returnbill_tbl.erp_orderStatus,
		scm_returnbill_tbl.rd1 AS F1,
		scm_returnbill_tbl.rd2 AS F2,
		scm_returnbill_tbl.rd3 AS F3,
		scm_returnbill_tbl.rd4 AS F4,
		scm_returnbill_tbl.rd5 AS F5,
		scm_returnbill_tbl.rd6 AS F6,
		scm_returnbill_tbl.rd7 AS F7,
		scm_returnbill_tbl.rd8 AS F8,
		scm_returnbill_tbl.rd9 AS F9,
		scm_returnbill_tbl.rd10 AS F10,
		scm_returnbill_tbl.rd11 AS F11,
		scm_returnbill_tbl.rd12 AS F12,
		scm_returnbill_tbl.rd13 AS F13,
		scm_returnbill_tbl.rd14 AS F14,
		scm_returnbill_tbl.rd15 AS F15,
		scm_returnbill_tbl.rd16 AS F16,
		scm_account_tbl.userName,
		co.companyName,
		dic.dictName,
		rtp.productId,
		rtp.productEntry,
		rtp.productName,
		rtp.count,
		rtp.price,
		rtp.standardLen,
		rtp.productAddress,
		rtp.productSize,
		rtp.batch,
		rtp.wareHouse,
		rtp.weight,
		rtp.countUnit,
		rtp.weightUnit,
		rtp.cost,
		rtp.note as memo,
		rtp.taxRate,
		rtp.taxAmount,
		rtp.erp_detail_orderStatus,
		rtp.rd1,
		rtp.rd2,
		rtp.rd3,
		rtp.rd4,
		rtp.rd5,
		rtp.rd6,
		rtp.rd7,
		rtp.rd8,
		rtp.rd9,
		rtp.rd10,
		rtp.rd11,
		rtp.rd12,
		rtp.rd13,
		rtp.rd14,
		rtp.rd15,
		rtp.rd16,
		rtp.rd17,
		rtp.rd18,
		rtp.rd19,
		rtp.rd20,
		rtp.rd21,
		rtp.rd22,
		rtp.rd23,
		rtp.rd24,
		rtp.rd25,
		rtp.rd26,
		rtp.rd27,
		rtp.rd28,
		rtp.rd29,
		rtp.rd30
	FROM
		scm_returnbill_tbl 
	LEFT JOIN scm_account_tbl ON scm_returnbill_tbl.customerId = scm_account_tbl.customerId
	LEFT JOIN scm_returnbill_product_tbl rtp ON scm_returnbill_tbl.id = rtp.returnBillId
	LEFT JOIN scm_company_tbl AS co ON scm_returnbill_tbl.companyId = co.companyId
	LEFT JOIN sys_dictionary_tbl AS dic ON scm_returnbill_tbl.shippingMethod = dic.dictId

		 where scm_returnbill_tbl.userId IN 
			 <foreach item="item" index="index" collection="userIds" open="(" separator="," close=")">
			 	#{item}
			 </foreach>
			<if test="CONDITION != null">
				and ${CONDITION}
			</if>
		  order by scm_returnbill_tbl.returnTime desc	
	</select>
	<resultMap id="returnInfo" type="com.icbc.client.ReturnInfo">
	  <result column="returnBillNo" property="ReturnId"/>
	  <result column="createTime" property="ReturnTime"/>
	  <result column="customerId" property="CustomerId"/>
	  <result column="deliveryId" property="DeliveryId"/>
	  <result column="dictName" property="ShippingMethod"/>
	  <result column="companyName" property="CompanyId"/>
	  <result column="note" property="Note"/>
	  <result column="rd1" property="Rd1"/>
	  <result column="rd2" property="Rd2"/>
	  <result column="rd3" property="Rd3"/>
	  <collection property="ProductInfo" ofType="com.icbc.client.ReturnProductInfo">	
	    <result column="productId" property="ProductId"/>
	    <result column="productEntry" property="ProductEntry"/>
	    <result column="productName" property="ProductName"/>
	    <result column="count" property="Count"/>
	    <result column="productSize" property="Specification"/>
	    <result column="batch" property="Batch"/>	
	    <result column="F1" property="F1"/>
	    <result column="F2" property="F2"/>
	    <result column="F3" property="F3"/>
	    <result column="F4" property="F4"/>
	    <result column="F5" property="F5"/>
	    <result column="F6" property="F6"/>
	    <result column="F7" property="F7"/>
	    <result column="F8" property="F8"/>
	    <result column="F9" property="F9"/>
	    <result column="F10" property="F10"/>
	    <result column="F11" property="F11"/>
	    <result column="F12" property="F12"/>
	    <result column="F13" property="F13"/>
	    <result column="F14" property="F14"/>
	    <result column="F15" property="F15"/>
	    <result column="F16" property="F16"/>
	    <result column="F17" property="F17"/>
	    <result column="F18" property="F18"/>
	    <result column="F19" property="F19"/>
	    <result column="F20" property="F20"/>
	    <result column="F21" property="F21"/>
	    <result column="F22" property="F22"/>
	    <result column="F23" property="F23"/>
	    <result column="F24" property="F24"/>
	    <result column="F25" property="F25"/>
	    <result column="F26" property="F26"/>
	    <result column="F27" property="F27"/>
	    <result column="F28" property="F28"/>
	    <result column="F29" property="F29"/>
	    <result column="F30" property="F30"/>
	  </collection>
	</resultMap>
	
	<!-- 根据ID查询退货单信息 -->
	<select id="getReturnbillById" resultType="hashmap">
		SELECT
			rb.id,
			rb.returnBillNo,
			rb.createTime,
			rb.status,
			rb.userId,
			rb.customerId
		FROM
			scm_returnbill_tbl rb
		WHERE
			id = #{id}
	</select>
	
	<!-- 更新退货单状态 -->
	<update id="updateReturnbill">
		UPDATE scm_returnbill_tbl rb
		SET rb.status = #{status}
		WHERE
			id = #{id}
	</update>
	
	<!-- 获取企业单据状态 -->
	<select id="getErpStatus" resultType="String">
		SELECT 
			DISTINCT erp_orderStatus
		FROM 
			scm_returnbill_tbl 
		WHERE 1=1
		<if test="userIds != null and userIds !=''">
			and scm_returnbill_tbl.userId in
			<foreach item="item" index="index" collection="userIds" open="(" separator="," close=")">
				 #{item}
			</foreach>
		</if>
		ORDER BY scm_returnbill_tbl.createTime desc
	</select>
	
	<!-- 获取企业单据状态 -->
	<select id="getErpDetailStatus" resultType="String">
		SELECT 
			DISTINCT scm_returnbill_product_tbl.erp_detail_orderStatus
		FROM 
			scm_returnbill_product_tbl 
		LEFT JOIN scm_returnbill_tbl  ON scm_returnbill_tbl.id = scm_returnbill_product_tbl.returnBillId
		WHERE 1=1
		<if test="userIds != null and userIds !=''">
			and scm_returnbill_tbl.userId in
			<foreach item="item" index="index" collection="userIds" open="(" separator="," close=")">
				 #{item}
			</foreach>
		</if>
	</select>
	
</mapper>

		