<?xml version="1.0" encoding="UTF-8"?>
<!DOCTYPE mapper
  PUBLIC "-//mybatis.org//DTD Mapper 3.0//EN"
    "http://mybatis.org/dtd/mybatis-3-mapper.dtd">
<mapper namespace="standardPorequestOrder">


		<!-- 获取备货计划数据  -->
	<select id="getPorequestOrder" resultType="com.ultimate.common.PorequestOrderEntity">
		SELECT 
			scm_porequest_tbl.id,
			scm_porequest_tbl.orderNo,
			DATE_FORMAT(
				scm_porequest_tbl.createTime,
				'%Y-%m-%d %T'
			) createTime,
			DATE_FORMAT(
				scm_porequest_tbl.createTime,
				'%Y-%m-%d'
			) createDate,
			DATE_FORMAT(
				scm_porequest_tbl.orderTime,
				'%Y-%m-%d'
			) orderTime,
			scm_porequest_tbl.orderStatus,
			scm_porequest_tbl.orderSource,
			scm_porequest_tbl.erp_orderStatus,
			scm_porequest_tbl.compactNo,
			scm_porequest_tbl.companyId,
			scm_porequest_tbl.address,
			IFNULL(scm_porequest_tbl.orderAmount, 0) orderAmount,
			scm_porequest_tbl.shippingMethod,
			scm_porequest_tbl.shippingFee,
			IFNULL(scm_porequest_tbl.deposit, 0) deposit,
			scm_porequest_tbl.userId,
			scm_porequest_tbl.customerId,
			scm_porequest_tbl.authorId,
			scm_porequest_tbl.salesmanId,
			scm_porequest_tbl.auditId,
			DATE_FORMAT(
				scm_porequest_tbl.auditTime,
				'%Y-%m-%d'
			) auditTime,
			scm_porequest_tbl.requesterId,
			scm_porequest_tbl.modifierId,
			DATE_FORMAT(
				scm_porequest_tbl.lastUpdateTime,
				'%Y-%m-%d %T'
			) lastUpdateTime,
			scm_porequest_tbl.note,
			scm_porequest_tbl.rd1,
			scm_porequest_tbl.rd2,
			scm_porequest_tbl.rd3,
			scm_porequest_tbl.rd4,
			scm_porequest_tbl.rd5,
			scm_porequest_tbl.rd6,
			scm_porequest_tbl.rd7,
			scm_porequest_tbl.rd8,
			scm_porequest_tbl.rd9,
			scm_porequest_tbl.rd10,
			scm_porequest_tbl.rd11,
			scm_porequest_tbl.rd12,
			scm_porequest_tbl.rd13,
			scm_porequest_tbl.rd14,
			scm_porequest_tbl.rd15,
			scm_porequest_tbl.rd16,
			scm_porequest_tbl.hrsv1,
			scm_porequest_tbl.hrsv2,
			scm_porequest_tbl.hrsv3,
			scm_company_tbl.companyName,
			scm_account_tbl.userName
		FROM scm_porequest_tbl 
		LEFT JOIN scm_company_tbl  ON scm_porequest_tbl.companyId = scm_company_tbl.companyId
		LEFT JOIN scm_account_tbl  ON scm_porequest_tbl.userId=scm_account_tbl.id
		WHERE 1=1
		<if test="userId != null and userId != ''">
			AND scm_porequest_tbl.userId = #{userId}
		</if>
		<if test="userIds != null">
				and scm_porequest_tbl.userId in
				<foreach item="item" index="index" collection="userIds" open="(" separator="," close=")">
				 	#{item}
				</foreach>
		</if>
		<if test="CONDITION != null">
			AND ${CONDITION}
		</if>
		ORDER BY scm_porequest_tbl.createTime desc
	</select>
	

	<!-- 按物料查询所有的备货计划订单及物料信息 -->
	<select id="getPorequestOrderProductList" resultType="com.ultimate.common.PorequestOrderProductEntity">
		SELECT
			scm_porequest_product_tbl.id,
			scm_porequest_product_tbl.productId,
			scm_porequest_product_tbl.poorderId,
			scm_porequest_product_tbl.orderNo,
			scm_porequest_product_tbl.entryId,
			scm_porequest_product_tbl.orderEntry,
			scm_porequest_product_tbl.detailStatus,
			scm_porequest_product_tbl.erp_detail_orderStatus,
			scm_porequest_product_tbl.wareHouse,
			scm_porequest_product_tbl.productName,
			scm_porequest_product_tbl.productType,
			scm_porequest_product_tbl.productSize,
			scm_porequest_product_tbl.productAddress,
			scm_porequest_product_tbl.batch,
			scm_porequest_product_tbl.standardLen,
			IFNULL(scm_porequest_product_tbl.count,0) as count,
			IFNULL(scm_porequest_product_tbl.auditCount,0) as auditCount,
			IFNULL(scm_porequest_product_tbl.unorderedCount,0) as unorderedCount,
			IFNULL(scm_porequest_product_tbl.orderedCount,0) as orderedCount,
			IFNULL( scm_porequest_product_tbl.weight,0) as weight,
			scm_porequest_product_tbl.weightUnit,
			scm_porequest_product_tbl.countUnit,
			scm_porequest_product_tbl.cost,
			IFNULL(scm_porequest_product_tbl.price, 0) price,
			IFNULL(scm_porequest_product_tbl.amount, 0) amount,
			scm_porequest_product_tbl.note,
			scm_porequest_product_tbl.assCoefficient,
			DATE_FORMAT(scm_porequest_product_tbl.toDate, '%Y-%m-%d') toDate,
			scm_porequest_product_tbl.companyId,
			scm_porequest_product_tbl.taxRate,
			scm_porequest_product_tbl.taxAmount,
			scm_porequest_product_tbl.confirmCount,
			DATE_FORMAT(scm_porequest_product_tbl.planedDeliveryDate, '%Y-%m-%d') planedDeliveryDate,
			DATE_FORMAT(scm_porequest_product_tbl.planedPurchaseDate, '%Y-%m-%d') planedPurchaseDate,
			scm_porequest_product_tbl.rd1, scm_porequest_product_tbl.rd2, scm_porequest_product_tbl.rd3, scm_porequest_product_tbl.rd4, scm_porequest_product_tbl.rd5, scm_porequest_product_tbl.rd6, scm_porequest_product_tbl.rd7, scm_porequest_product_tbl.rd8, scm_porequest_product_tbl.rd9, scm_porequest_product_tbl.rd10, 
			scm_porequest_product_tbl.rd11, scm_porequest_product_tbl.rd12, scm_porequest_product_tbl.rd13, scm_porequest_product_tbl.rd14, scm_porequest_product_tbl.rd15, scm_porequest_product_tbl.rd16, scm_porequest_product_tbl.rd17, scm_porequest_product_tbl.rd18, scm_porequest_product_tbl.rd19,
			scm_porequest_product_tbl.rd20, scm_porequest_product_tbl.rd21, scm_porequest_product_tbl.rd22, scm_porequest_product_tbl.rd23, scm_porequest_product_tbl.rd24, scm_porequest_product_tbl.rd25, scm_porequest_product_tbl.rd26, scm_porequest_product_tbl.rd27, scm_porequest_product_tbl.rd28, 
			scm_porequest_product_tbl.rd29, scm_porequest_product_tbl.rd30, 
			DATE_FORMAT(
				scm_porequest_tbl.createTime,
				'%Y-%m-%d %T'
			) createTime,
			DATE_FORMAT(scm_porequest_tbl.createTime, '%Y-%m-%d') createDate,
			DATE_FORMAT(
				scm_porequest_tbl.orderTime,
				'%Y-%m-%d'
			) orderTime,
			scm_porequest_tbl.orderStatus,
			scm_porequest_tbl.orderSource,
			scm_porequest_tbl.erp_orderStatus,
			scm_porequest_tbl.compactNo,
			scm_porequest_tbl.address,
			IFNULL(scm_porequest_tbl.orderAmount, 0) orderAmount,
			scm_porequest_tbl.shippingMethod,
			scm_porequest_tbl.shippingFee,
			IFNULL(scm_porequest_tbl.deposit, 0) deposit,
			scm_porequest_tbl.userId,
			scm_porequest_tbl.customerId,
			scm_porequest_tbl.authorId,
			scm_porequest_tbl.salesmanId,
			scm_porequest_tbl.auditId,
			scm_porequest_tbl.note as hnote,
			DATE_FORMAT(
				scm_porequest_tbl.auditTime,
				'%Y-%m-%d'
			) auditTime,
			scm_porequest_tbl.requesterId,
			scm_porequest_tbl.companyId,
			DATE_FORMAT(
				scm_porequest_tbl.lastUpdateTime,
				'%Y-%m-%d %T'
			) lastUpdateTime,
			scm_porequest_tbl.rd1 f1, scm_porequest_tbl.rd2 f2, scm_porequest_tbl.rd3 f3, scm_porequest_tbl.rd4 f4, scm_porequest_tbl.rd5 f5,
			scm_porequest_tbl.rd6 f6, scm_porequest_tbl.rd7 f7, scm_porequest_tbl.rd8 f8, scm_porequest_tbl.rd9 f9, scm_porequest_tbl.rd10 f10,scm_porequest_tbl.rd11 f11,scm_porequest_tbl.rd12 f12,scm_porequest_tbl.rd13 f13,scm_porequest_tbl.rd14 f14,scm_porequest_tbl.rd15 f15,scm_porequest_tbl.rd16 f16,
			scm_company_tbl.companyName,
			scm_account_tbl.userName
		FROM
			scm_porequest_product_tbl 
		LEFT JOIN scm_porequest_tbl  ON scm_porequest_tbl.id = scm_porequest_product_tbl.poorderId
		LEFT JOIN scm_company_tbl  ON scm_porequest_tbl.companyId = scm_company_tbl.companyId
		LEFT JOIN scm_account_tbl  ON scm_porequest_tbl.userId = scm_account_tbl.id
		WHERE 1=1
		    <if test="userId != null">
			    and scm_porequest_tbl.userId = #{userId}
			</if>
			<if test="userIds != null">
				and scm_porequest_tbl.userId in
				<foreach item="item" index="index" collection="userIds" open="(" separator="," close=")">
				 	#{item}
				</foreach>
			</if>
			<if test="CONDITION != null">
				AND ${CONDITION}
			</if>
		ORDER BY scm_porequest_tbl.createTime desc, scm_porequest_product_tbl.orderEntry
	</select>
	
	<!-- 根据采购订单编号查询采购订单详情数据 -->
	<select id="doGetPurchaseOrderDetail" resultType="com.ultimate.common.PorequestOrderProductEntity">
		select
			spt.id,
			spt.productId,
			spt.poorderId,
			spt.orderNo,
			spt.entryId,
			spt.orderEntry,
			spt.detailStatus,
			spt.erp_detail_orderStatus,
			spt.wareHouse,
			spt.productName,
			spt.productType,
			spt.productSize,
			spt.productAddress,
			spt.batch,
			spt.standardLen,
			IFNULL(spt.count,0) as count,
			IFNULL(spt.auditCount,0) as auditCount,
			IFNULL(spt.unorderedCount,0) as unorderedCount,
			IFNULL(spt.orderedCount,0) as orderedCount,
			IFNULL(spt.weight,0) as weight,
			spt.countUnit,
			spt.weightUnit,
			spt.cost,
			spt.price,
			spt.realPrice,
			spt.amount,
			spt.note,
			spt.assCoefficient,
			DATE_FORMAT(
				spt.toDate,
				'%Y-%m-%d'
			) toDate,
			spt.companyId,
			spt.taxRate,
			spt.taxAmount,
			DATE_FORMAT(spt.planedDeliveryDate, '%Y-%m-%d') planedDeliveryDate,
			DATE_FORMAT(spt.planedPurchaseDate, '%Y-%m-%d') planedPurchaseDate,
			spt.confirmCount,
			spt.rd1,
			spt.rd2,
			spt.rd3,
			spt.rd4,
			spt.rd5,
			spt.rd6,
			spt.rd7,
			spt.rd8,
			spt.rd9,
			spt.rd10,
			spt.rd11,
			spt.rd12,
			spt.rd13,
			spt.rd14,
			spt.rd15,
			spt.rd16,
			spt.rd17,
			spt.rd18,
			spt.rd19,
			spt.rd20,
			spt.rd21,
			spt.rd22,
			spt.rd23,
			spt.rd24,
			spt.rd25,
			spt.rd26,
			spt.rd27,
			spt.rd28,
			spt.rd29,
			spt.rd30,
			spt.rsv1,
			spt.rsv2,
			spt.rsv3			
		from scm_porequest_product_tbl spt
		where spt.poorderId=#{porequestOrderId}
	</select>
	
		<!-- 导出数据 -->
	<select id="getExportData" resultType="com.ultimate.common.PorequestOrderExportEntity">
		SELECT
			scm_porequest_tbl.id porequestId, 
			scm_porequest_tbl.orderNo,
			scm_porequest_tbl.orderStatus,
			DATE_FORMAT(
			scm_porequest_tbl.orderTime,
				'%Y-%m-%d %T'
			) orderTime,
			DATE_FORMAT(
				scm_porequest_tbl.createTime,
				'%Y-%m-%d %T'
			) createTime,
			scm_porequest_tbl.orderSource,
			scm_porequest_tbl.compactNo,
			scm_porequest_tbl.companyId,
			scm_porequest_tbl.address,
			scm_porequest_tbl.note,
			scm_porequest_tbl.orderAmount,
			scm_porequest_tbl.shippingMethod,
			scm_porequest_tbl.shippingFee,
			scm_porequest_tbl.deposit,
			scm_porequest_tbl.userId,
			scm_porequest_tbl.customerId,
			scm_porequest_tbl.authorId,
			scm_porequest_tbl.salesmanId,
			scm_porequest_tbl.auditId,
			DATE_FORMAT(
				scm_porequest_tbl.auditTime,
				'%Y-%m-%d %T'
			) auditTime,
			scm_porequest_tbl.modifierId,
			scm_porequest_tbl.requesterId,
			DATE_FORMAT(
				scm_porequest_tbl.lastUpdateTime,
				'%Y-%m-%d %T'
			) lastUpdateTime,
			scm_porequest_tbl.erp_orderStatus,
			scm_porequest_tbl.rd1 ,
			scm_porequest_tbl.rd2 ,
			scm_porequest_tbl.rd3 ,
			scm_porequest_tbl.rd4 ,
			scm_porequest_tbl.rd5 ,
			scm_porequest_tbl.rd6 ,
			scm_porequest_tbl.rd7 ,
			scm_porequest_tbl.rd8 ,
			scm_porequest_tbl.rd9 ,
			scm_porequest_tbl.rd10 ,
			scm_porequest_tbl.rd11 ,
			scm_porequest_tbl.rd12 ,
			scm_porequest_tbl.rd13 ,
			scm_porequest_tbl.rd14 ,
			scm_porequest_tbl.rd15 ,
			scm_porequest_tbl.rd16 ,
			scm_company_tbl.companyName,			
			DATE_FORMAT(
				scm_porequest_tbl.createTime,
				'%Y-%m-%d %T'
			) createTime,
			DATE_FORMAT(scm_porequest_tbl.createTime, '%Y-%m-%d') createDate,
			scm_account_tbl.userName
		FROM
			 scm_porequest_tbl
		LEFT JOIN scm_company_tbl  ON scm_porequest_tbl.companyId = scm_company_tbl.companyId
		LEFT JOIN scm_account_tbl  ON scm_porequest_tbl.userId = scm_account_tbl.id
		WHERE 1=1
			<if test="userId != null and userId != ''">
				AND scm_porequest_tbl.userId = #{userId}	
			</if>
			<if test="userIds != null">
				and scm_porequest_tbl.userId in
				<foreach item="item" index="index" collection="userIds" open="(" separator="," close=")">
				 	#{item}
				</foreach>
			</if>
			<if test="CONDITION != null">
				AND ${CONDITION}
			</if>
		ORDER BY scm_porequest_tbl.createTime desc
	</select>
	
		<!-- 导出数据 -->
	<select id="getProductExportData" resultType="com.ultimate.common.PorequestOrderExportEntity">
		SELECT
			scm_porequest_tbl.id porequestId, 
			scm_porequest_tbl.orderNo,
			scm_porequest_tbl.orderStatus,
			DATE_FORMAT(
				scm_porequest_tbl.orderTime,
				'%Y-%m-%d %T'
			) orderTime,
			DATE_FORMAT(
				scm_porequest_tbl.createTime,
				'%Y-%m-%d %T'
			) createTime,
			scm_porequest_tbl.orderSource,
			scm_porequest_tbl.compactNo,
			scm_porequest_tbl.companyId,
			scm_porequest_tbl.address,
			scm_porequest_tbl.note hnote,
			scm_porequest_tbl.orderAmount,
			scm_porequest_tbl.shippingMethod,
			scm_porequest_tbl.shippingFee,
			scm_porequest_tbl.deposit,
			scm_porequest_tbl.userId,
			scm_porequest_tbl.customerId,
			scm_porequest_tbl.authorId,
			scm_porequest_tbl.salesmanId,
			scm_porequest_tbl.auditId,
			DATE_FORMAT(
				scm_porequest_tbl.auditTime,
				'%Y-%m-%d %T'
			) auditTime,
			scm_porequest_tbl.modifierId,
			scm_porequest_tbl.requesterId,
			DATE_FORMAT(
				scm_porequest_tbl.lastUpdateTime,
				'%Y-%m-%d %T'
			) lastUpdateTime,
			scm_porequest_tbl.erp_orderStatus,
			scm_porequest_tbl.rd1 f1,
			scm_porequest_tbl.rd2 f2,
			scm_porequest_tbl.rd3 f3,
			scm_porequest_tbl.rd4 f4,
			scm_porequest_tbl.rd5 f5,
			scm_porequest_tbl.rd6 f6,
			scm_porequest_tbl.rd7 f7,
			scm_porequest_tbl.rd8 f8,
			scm_porequest_tbl.rd9 f9,
			scm_porequest_tbl.rd10 f10,
			scm_porequest_tbl.rd11 f11,
			scm_porequest_tbl.rd12 f12,
			scm_porequest_tbl.rd13 f13,
			scm_porequest_tbl.rd14 f14,
			scm_porequest_tbl.rd15 f15,
			scm_porequest_tbl.rd16 f16,
			scm_company_tbl.companyName,
			scm_porequest_product_tbl.id,
			scm_porequest_product_tbl.productId,
			scm_porequest_product_tbl.entryId,	
			scm_porequest_product_tbl.orderEntry,
			scm_porequest_product_tbl.productName,
			scm_porequest_product_tbl.productType,
			scm_porequest_product_tbl.productSize,
			scm_porequest_product_tbl.productAddress,
			scm_porequest_product_tbl.batch,
			scm_porequest_product_tbl.standardLen,
			scm_porequest_product_tbl.wareHouse,
			scm_porequest_product_tbl.count,
			scm_porequest_product_tbl.weight,
			scm_porequest_product_tbl.countUnit,
			scm_porequest_product_tbl.weightUnit,
			scm_porequest_product_tbl.auditCount,
			scm_porequest_product_tbl.unorderedCount,
			scm_porequest_product_tbl.confirmCount,
			scm_porequest_product_tbl.orderedCount,
			scm_porequest_product_tbl.assCoefficient,
			scm_porequest_product_tbl.cost,
			scm_porequest_product_tbl.detailStatus,
			DATE_FORMAT(scm_porequest_product_tbl.planedDeliveryDate, '%Y-%m-%d') planedDeliveryDate,
			DATE_FORMAT(scm_porequest_product_tbl.planedPurchaseDate, '%Y-%m-%d') planedPurchaseDate,
			scm_porequest_product_tbl.price,
			scm_porequest_product_tbl.realPrice,
			scm_porequest_product_tbl.amount,
			scm_porequest_product_tbl.note,
			DATE_FORMAT(scm_porequest_product_tbl.toDate, '%Y-%m-%d') toDate,
			scm_porequest_product_tbl.companyId,
			scm_porequest_product_tbl.taxRate,
			scm_porequest_product_tbl.taxAmount,
			scm_porequest_product_tbl.inCart,
			scm_porequest_product_tbl.erp_detail_orderStatus,
			scm_porequest_product_tbl.rd1,
			scm_porequest_product_tbl.rd2,
			scm_porequest_product_tbl.rd3,
			scm_porequest_product_tbl.rd4,
			scm_porequest_product_tbl.rd5,
			scm_porequest_product_tbl.rd6,
			scm_porequest_product_tbl.rd7,
			scm_porequest_product_tbl.rd8,
			scm_porequest_product_tbl.rd9,
			scm_porequest_product_tbl.rd10,
			scm_porequest_product_tbl.rd11,
			scm_porequest_product_tbl.rd12,
			scm_porequest_product_tbl.rd13,
			scm_porequest_product_tbl.rd14,
			scm_porequest_product_tbl.rd15,
			scm_porequest_product_tbl.rd16,
			scm_porequest_product_tbl.rd17,
			scm_porequest_product_tbl.rd18,
			scm_porequest_product_tbl.rd19,
			scm_porequest_product_tbl.rd20,
			scm_porequest_product_tbl.rd21,
			scm_porequest_product_tbl.rd22,
			scm_porequest_product_tbl.rd23,
			scm_porequest_product_tbl.rd24,
			scm_porequest_product_tbl.rd25,
			scm_porequest_product_tbl.rd26,
			scm_porequest_product_tbl.rd27,
			scm_porequest_product_tbl.rd28,
			scm_porequest_product_tbl.rd29,
			scm_porequest_product_tbl.rd30,
			DATE_FORMAT(
				scm_porequest_tbl.createTime,
				'%Y-%m-%d %T'
			) createTime,
			DATE_FORMAT(scm_porequest_tbl.createTime, '%Y-%m-%d') createDate,
			scm_account_tbl.userName
		FROM
			 scm_porequest_product_tbl
		LEFT JOIN scm_porequest_tbl  ON scm_porequest_tbl.id = scm_porequest_product_tbl.poorderId
		LEFT JOIN scm_company_tbl  ON scm_porequest_tbl.companyId = scm_company_tbl.companyId
		LEFT JOIN scm_account_tbl  ON scm_porequest_tbl.userId = scm_account_tbl.id
		WHERE 1=1
			<if test="userId != null and userId != ''">
				AND scm_porequest_tbl.userId = #{userId}	
			</if>
			<if test="userIds != null">
				and scm_porequest_tbl.userId in
				<foreach item="item" index="index" collection="userIds" open="(" separator="," close=")">
				 	#{item}
				</foreach>
			</if>
			<if test="CONDITION != null">
				AND ${CONDITION}
			</if>
		ORDER BY scm_porequest_tbl.createTime desc, scm_porequest_product_tbl.orderEntry
	</select>
	
	<!-- 删除本地的备货计划表-->
	<delete id="deletePorequestOrder">
		DELETE FROM scm_porequest_tbl
	</delete>
	
	<!-- 删除本地的备货计划产品表-->
	<delete id="deletePorequestProductInfo">
		DELETE FROM scm_porequest_product_tbl
	</delete>
	
	<!--  查询订单信息 -->
	<select id="findPorequestId" resultType="String">
		select 
			id
		from 
			scm_porequest_tbl ot 
		where
			ot.orderNo = #{orderNo}
	</select>
	
	<!-- 修改发货单 -->
	<update id="updatePorequest">
		UPDATE scm_porequest_tbl
			<set>				
				orderNo=#{orderNo}
				<if test="createTime !=null and createTime !=''">,createTime=#{createTime}</if>
				<if test="orderTime !=null and orderTime !=''">,orderTime=#{orderTime}</if>
				<if test="orderStatus !=null">,orderStatus=#{orderStatus}</if>
				<if test="erp_orderStatus !=null">,erp_orderStatus=#{erp_orderStatus}</if>
				<if test="orderSource !=null">,orderSource=#{orderSource}</if>
				<if test="compactNo !=null">,compactNo=#{compactNo}</if>
				<if test="companyId !=null">,companyId=#{companyId}</if>
				<if test="address !=null">,address=#{address}</if>
				<if test="note !=null">,note=#{note}</if>
				<if test="orderAmount !=null and orderAmount !=''">,orderAmount=#{orderAmount}</if>
				<if test="shippingMethod !=null and shippingMethod !=''">,shippingMethod=#{shippingMethod}</if>
				<if test="shippingFee !=null and shippingFee !=''">,shippingFee=#{shippingFee}</if>
				<if test="deposit !=null and deposit !=''">,deposit=#{deposit}</if>
				<if test="userId !=null and userId !=''">,userId=#{userId}</if>
				<if test="customerId !=null">,customerId=#{customerId}</if>
				<if test="authorId !=null and authorId !=''">,authorId=#{authorId}</if>
				<if test="auditId !=null and auditId !=''">,auditId=#{auditId}</if>
				<if test="auditTime !=null and auditTime !=''">,auditTime=#{auditTime}</if>
				<if test="salesmanId !=null and salesmanId !=''">,salesmanId=#{salesmanId}</if>
				<if test="modifierId !=null and modifierId !=''">,modifierId=#{modifierId}</if>
				<if test="lastUpdateTime !=null and lastUpdateTime !=''">,lastUpdateTime=#{lastUpdateTime}</if>
				<if test="requesterId !=null and requesterId !=''">,requesterId=#{requesterId}</if>
				<if test="rd1 !=null">,rd1=#{rd1}</if>
				<if test="rd2 !=null">,rd2=#{rd2}</if>
				<if test="rd3 !=null">,rd3=#{rd3}</if>
				<if test="rd4 !=null">,rd4=#{rd4}</if>
				<if test="rd5 !=null">,rd5=#{rd5}</if>
				<if test="rd6 !=null">,rd6=#{rd6}</if>
				<if test="rd7 !=null">,rd7=#{rd7}</if>
				<if test="rd8 !=null">,rd8=#{rd8}</if>
				<if test="rd9 !=null">,rd9=#{rd9}</if>
				<if test="rd10 !=null">,rd10=#{rd10}</if>
				<if test="rd11 !=null">,rd11=#{rd11}</if>
				<if test="rd12 !=null">,rd12=#{rd12}</if>
				<if test="rd13 !=null">,rd13=#{rd13}</if>
				<if test="rd14 !=null">,rd14=#{rd14}</if>
				<if test="rd15 !=null">,rd15=#{rd15}</if>
				<if test="rd16 !=null">,rd16=#{rd16}</if>
				<if test="hrsv1 !=null">,hrsv1=#{hrsv1}</if>
				<if test="hrsv2 !=null">,hrsv2=#{hrsv2}</if>
				<if test="hrsv3 !=null">,hrsv3=#{hrsv3}</if>
    		</set>
    	where  id = #{id}
	</update>
	
	<!-- 删除产品信息 -->
	<delete id="deletePorequestProductById" >
		DELETE FROM scm_porequest_product_tbl WHERE poorderId = #{id}
   	</delete>  
	
	
	<!-- 插入备货计划信息 -->
	<insert id="insertPorequestInfo" >
	    <selectKey resultType="java.lang.Long" order="AFTER" keyProperty="id" >
			select LAST_INSERT_ID() as id
		</selectKey>
		INSERT INTO 
			scm_porequest_tbl 
			(			
			orderNo
			<if test="createTime !=null and createTime !=''">,createTime</if>
			<if test="orderTime !=null and orderTime !=''">,orderTime</if>
			<if test="orderStatus !=null">,orderStatus</if>
			<if test="erp_orderStatus !=null">,erp_orderStatus</if>
			<if test="orderSource !=null">,orderSource</if>
			<if test="compactNo !=null">,compactNo</if>
			<if test="companyId !=null">,companyId</if>
			<if test="address !=null">,address</if>
			<if test="note !=null">,note</if>
			<if test="orderAmount !=null and orderAmount !=''">,orderAmount</if>
			<if test="shippingMethod !=null and shippingMethod !=''">,shippingMethod</if>
			<if test="shippingFee !=null and shippingFee !=''">,shippingFee</if>
			<if test="deposit !=null and deposit !=''">,deposit</if>
			<if test="userId !=null and userId !=''">,userId</if>
			<if test="customerId !=null">,customerId</if>
			<if test="authorId !=null and authorId !=''">,authorId</if>
			<if test="auditId !=null and auditId !=''">,auditId</if>
			<if test="auditTime !=null and auditTime!=''">,auditTime</if>
			<if test="salesmanId !=null and salesmanId !=''">,salesmanId</if>
			<if test="modifierId !=null and modifierId !=''">,modifierId</if>
			<if test="lastUpdateTime !=null and lastUpdateTime !=''">,lastUpdateTime</if>
			<if test="requesterId !=null and requesterId !=''">,requesterId</if>
			<if test="rd1 !=null">,rd1</if>
			<if test="rd2 !=null">,rd2</if>
			<if test="rd3 !=null">,rd3</if>
			<if test="rd4 !=null">,rd4</if>
			<if test="rd5 !=null">,rd5</if>
			<if test="rd6 !=null">,rd6</if>
			<if test="rd7 !=null">,rd7</if>
			<if test="rd8 !=null">,rd8</if>
			<if test="rd9 !=null">,rd9</if>
			<if test="rd10 !=null">,rd10</if>
			<if test="rd11 !=null">,rd11</if>
			<if test="rd12 !=null">,rd12</if>
			<if test="rd13 !=null">,rd13</if>
			<if test="rd14 !=null">,rd14</if>
			<if test="rd15 !=null">,rd15</if>
			<if test="rd16 !=null">,rd16</if>
			<if test="hrsv1 !=null">,hrsv1</if>
			<if test="hrsv2 !=null">,hrsv2</if>
			<if test="hrsv3 !=null">,hrsv3</if>				
			)
		Values
			(
				#{orderNo}
				<if test="createTime !=null and createTime !=''">,#{createTime}</if>
				<if test="orderTime !=null and orderTime !=''">,#{orderTime}</if>
				<if test="orderStatus !=null">,#{orderStatus}</if>
				<if test="erp_orderStatus !=null">,#{erp_orderStatus}</if>
				<if test="orderSource !=null">,#{orderSource}</if>
				<if test="compactNo !=null">,#{compactNo}</if>
				<if test="companyId !=null">,#{companyId}</if>
				<if test="address !=null">,#{address}</if>
				<if test="note !=null">,#{note}</if>
				<if test="orderAmount !=null and orderAmount !=''">,#{orderAmount}</if>
				<if test="shippingMethod !=null and shippingMethod !=''">,#{shippingMethod}</if>
				<if test="shippingFee !=null and shippingFee !=''">,#{shippingFee}</if>
				<if test="deposit !=null and deposit !=''">,#{deposit}</if>
				<if test="userId !=null and userId !=''">,#{userId}</if>
				<if test="customerId !=null">,#{customerId}</if>
				<if test="authorId !=null and authorId !=''">,#{authorId}</if>
				<if test="auditId !=null and auditId !=''">,#{auditId}</if>
				<if test="auditTime !=null and auditTime!=''">,#{auditTime}</if>
				<if test="salesmanId !=null and salesmanId !=''">,#{salesmanId}</if>
				<if test="modifierId !=null and modifierId !=''">,#{modifierId}</if>
				<if test="lastUpdateTime !=null and lastUpdateTime !=''">,#{lastUpdateTime}</if>
				<if test="requesterId !=null and requesterId !=''">,#{requesterId}</if>
				<if test="rd1 !=null">,#{rd1}</if>
				<if test="rd2 !=null">,#{rd2}</if>
				<if test="rd3 !=null">,#{rd3}</if>
				<if test="rd4 !=null">,#{rd4}</if>
				<if test="rd5 !=null">,#{rd5}</if>
				<if test="rd6 !=null">,#{rd6}</if>
				<if test="rd7 !=null">,#{rd7}</if>
				<if test="rd8 !=null">,#{rd8}</if>
				<if test="rd9 !=null">,#{rd9}</if>
				<if test="rd10 !=null">,#{rd10}</if>
				<if test="rd11 !=null">,#{rd11}</if>
				<if test="rd12 !=null">,#{rd12}</if>
				<if test="rd13 !=null">,#{rd13}</if>
				<if test="rd14 !=null">,#{rd14}</if>
				<if test="rd15 !=null">,#{rd15}</if>
				<if test="rd16 !=null">,#{rd16}</if>
				<if test="hrsv1 !=null">,#{hrsv1}</if>
				<if test="hrsv2 !=null">,#{hrsv2}</if>
				<if test="hrsv3 !=null">,#{hrsv3}</if>
			)
	</insert>
	
	<!-- 插入备货计划产品数据 -->
	<insert id="insertPoorderProductInfo">
		INSERT INTO scm_porequest_product_tbl(
			productId
			<if test="entryId !=null">,entryId</if>
			<if test="poorderId !=null and poorderId !=''">,poorderId</if>
			<if test="orderNo !=null">,orderNo</if>
			<if test="orderEntry !=null and orderEntry !=''">,orderEntry</if>
			<if test="detailStatus !=null">,detailStatus</if>
			<if test="wareHouse !=null">,wareHouse</if>
			<if test="productName !=null">,productName</if>
			<if test="productType !=null">,productType</if>
			<if test="productSize !=null">,productSize</if>
			<if test="productAddress !=null">,productAddress</if>
			<if test="batch !=null">,batch</if>
			<if test="standardLen !=null">,standardLen</if>
			<if test="count !=null and count !=''">,count</if>
			<if test="auditCount !=null and auditCount !=''">,auditCount</if>
			<if test="unorderedCount !=null and unorderedCount !=''">,unorderedCount</if>
			<if test="orderedCount !=null and orderedCount !=''">,orderedCount</if>
			<if test="weight !=null and weight !=''">,weight</if>
			<if test="countUnit !=null ">,countUnit</if>
			<if test="weightUnit !=null">,weightUnit</if>
			<if test="assCoefficient !=null and assCoefficient !=''">,assCoefficient</if>
			<if test="cost !=null and cost !=''">,cost</if>
			<if test="price !=null and price !=''">,price</if>
			<if test="amount !=null and amount !=''">,amount</if>
			<if test="realPrice !=null and realPrice !=''">,realPrice</if>
			<if test="note !=null">,note</if>
			<if test="toDate !=null and toDate !=''">,toDate</if>
			<if test="planedDeliveryDate !=null and planedDeliveryDate !=''">,planedDeliveryDate</if>
			<if test="planedPurchaseDate !=null and planedPurchaseDate !=''">,planedPurchaseDate</if>
			<if test="companyId !=null">,companyId</if>
			<if test="taxRate !=null and taxRate !=''">,taxRate</if>
			<if test="taxAmount !=null and taxAmount !=''">,taxAmount</if>
			<if test="confirmCount !=null and confirmCount !=''">,confirmCount</if>
			<if test="inCart !=null">,inCart</if>
			<if test="rd1 !=null">,rd1</if>
			<if test="rd2 !=null">,rd2</if>
			<if test="rd3 !=null">,rd3</if>
			<if test="rd4 !=null">,rd4</if>
			<if test="rd5 !=null">,rd5</if>
			<if test="rd6 !=null">,rd6</if>
			<if test="rd7 !=null">,rd7</if>
			<if test="rd8 !=null">,rd8</if>
			<if test="rd9 !=null">,rd9</if>
			<if test="rd10 !=null">,rd10</if>
			<if test="rd11 !=null">,rd11</if>
			<if test="rd12 !=null">,rd12</if>
			<if test="rd13 !=null">,rd13</if>
			<if test="rd14 !=null">,rd14</if>
			<if test="rd15 !=null">,rd15</if>
			<if test="rd16 !=null">,rd16</if>
			<if test="rd17 !=null">,rd17</if>
			<if test="rd18 !=null">,rd18</if>
			<if test="rd19 !=null">,rd19</if>
			<if test="rd20 !=null">,rd20</if>
			<if test="rd21 !=null">,rd21</if>
			<if test="rd22 !=null">,rd22</if>
			<if test="rd23 !=null">,rd23</if>
			<if test="rd24 !=null">,rd24</if>
			<if test="rd25 !=null">,rd25</if>
			<if test="rd26 !=null">,rd26</if>
			<if test="rd27 !=null">,rd27</if>
			<if test="rd28 !=null">,rd28</if>
			<if test="rd29 !=null">,rd29</if>
			<if test="rd30 !=null">,rd30</if>
			<if test="erp_detail_orderStatus !=null">,erp_detail_orderStatus</if>
			<if test="rsv1 !=null">,rsv1</if>
			<if test="rsv2 !=null">,rsv2</if>
			<if test="rsv3 !=null">,rsv3</if>
		)Values(
			#{productId}
			<if test="entryId !=null">,#{entryId}</if>
			<if test="poorderId !=null and poorderId !=''">,#{poorderId}</if>
			<if test="orderNo !=null">,#{orderNo}</if>
			<if test="orderEntry !=null and orderEntry !=''">,#{orderEntry}</if>
			<if test="detailStatus !=null">,#{detailStatus}</if>
			<if test="wareHouse !=null">,#{wareHouse}</if>
			<if test="productName !=null">,#{productName}</if>
			<if test="productType !=null">,#{productType}</if>
			<if test="productSize !=null">,#{productSize}</if>
			<if test="productAddress !=null">,#{productAddress}</if>
			<if test="batch !=null">,#{batch}</if>
			<if test="standardLen !=null">,#{standardLen}</if>
			<if test="count !=null and count !=''">,#{count}</if>
			<if test="auditCount !=null and auditCount !=''">,#{auditCount}</if>
			<if test="unorderedCount !=null and unorderedCount !=''">,#{unorderedCount}</if>
			<if test="orderedCount !=null and orderedCount !=''">,#{orderedCount}</if>
			<if test="weight !=null and weight !=''">,#{weight}</if>
			<if test="countUnit !=null">,#{countUnit}</if>
			<if test="weightUnit !=null">,#{weightUnit}</if>
			<if test="assCoefficient !=null and assCoefficient !=''">,#{assCoefficient}</if>
			<if test="cost !=null and cost !=''">,#{cost}</if>
			<if test="price !=null and price !=''">,#{price}</if>
			<if test="amount !=null and amount !=''">,#{amount}</if>
			<if test="realPrice !=null and realPrice !=''">,#{realPrice}</if>
			<if test="note !=null">,#{note}</if>
			<if test="toDate !=null and toDate !=''">,#{toDate}</if>
			<if test="planedDeliveryDate !=null and planedDeliveryDate !=''">,#{planedDeliveryDate}</if>
			<if test="planedPurchaseDate !=null and planedPurchaseDate !=''">,#{planedPurchaseDate}</if>
			<if test="companyId !=null">,#{companyId}</if>
			<if test="taxRate !=null and taxRate !=''">,#{taxRate}</if>
			<if test="taxAmount !=null and taxAmount !=''">,#{taxAmount}</if>
			<if test="confirmCount !=null and confirmCount !=''">,#{confirmCount}</if>
			<if test="inCart !=null">,#{inCart}</if>
			<if test="rd1 !=null">,#{rd1}</if>
			<if test="rd2 !=null">,#{rd2}</if>
			<if test="rd3 !=null">,#{rd3}</if>
			<if test="rd4 !=null">,#{rd4}</if>
			<if test="rd5 !=null">,#{rd5}</if>
			<if test="rd6 !=null">,#{rd6}</if>
			<if test="rd7 !=null">,#{rd7}</if>
			<if test="rd8 !=null">,#{rd8}</if>
			<if test="rd9 !=null">,#{rd9}</if>
			<if test="rd10 !=null">,#{rd10}</if>
			<if test="rd11 !=null">,#{rd11}</if>
			<if test="rd12 !=null">,#{rd12}</if>
			<if test="rd13 !=null">,#{rd13}</if>
			<if test="rd14 !=null">,#{rd14}</if>
			<if test="rd15 !=null">,#{rd15}</if>
			<if test="rd16 !=null">,#{rd16}</if>
			<if test="rd17 !=null">,#{rd17}</if>
			<if test="rd18 !=null">,#{rd18}</if>
			<if test="rd19 !=null">,#{rd19}</if>
			<if test="rd20 !=null">,#{rd20}</if>
			<if test="rd21 !=null">,#{rd21}</if>
			<if test="rd22 !=null">,#{rd22}</if>
			<if test="rd23 !=null">,#{rd23}</if>
			<if test="rd24 !=null">,#{rd24}</if>
			<if test="rd25 !=null">,#{rd25}</if>
			<if test="rd26 !=null">,#{rd26}</if>
			<if test="rd27 !=null">,#{rd27}</if>
			<if test="rd28 !=null">,#{rd28}</if>
			<if test="rd29 !=null">,#{rd29}</if>
			<if test="rd30 !=null">,#{rd30}</if>
			<if test="erp_detail_orderStatus !=null">,#{erp_detail_orderStatus}</if>
			<if test="rsv1 !=null">,#{rsv1}</if>
			<if test="rsv2 !=null">,#{rsv2}</if>
			<if test="rsv3 !=null">,#{rsv3}</if>
			
		)
	</insert>
	
		<!-- 按订单产品ID或者订单ID查询所有的订单及物料信息 -->
		<select id="getPorequestOrderProductListById" resultType="hashmap">
		SELECT
			scm_porequest_product_tbl.id,
			scm_porequest_product_tbl.productId,
			scm_porequest_product_tbl.poorderId,
			scm_porequest_product_tbl.orderNo,
			scm_porequest_product_tbl.orderEntry,
			scm_porequest_product_tbl.detailStatus,
			scm_porequest_product_tbl.wareHouse,
			scm_porequest_product_tbl.productName,
			scm_porequest_product_tbl.productType,
			scm_porequest_product_tbl.productSize,
			scm_porequest_product_tbl.productAddress,
			scm_porequest_product_tbl.batch,
			scm_porequest_product_tbl.standardLen,
			IFNULL(scm_porequest_product_tbl.count,0) as count,
			IFNULL( scm_porequest_product_tbl.auditCount,0) as auditCount,
			IFNULL( scm_porequest_product_tbl.unorderedCount,0) as unorderedCount,
			IFNULL(scm_porequest_product_tbl.orderedCount,0) orderedCount,
			IFNULL( scm_porequest_product_tbl.weight,0) as weight,
			scm_porequest_product_tbl.countUnit,
			scm_porequest_product_tbl.assCoefficient,
			scm_porequest_product_tbl.weightUnit,
			scm_porequest_product_tbl.cost,
			IFNULL(scm_porequest_product_tbl.price, 0) price, 
			scm_porequest_product_tbl.realPrice AS realPrice,
			scm_porequest_product_tbl.note,
			DATE_FORMAT(scm_porequest_product_tbl.toDate, '%Y-%m-%d') toDate,
			scm_porequest_product_tbl.companyId,
			scm_porequest_product_tbl.taxRate,
			scm_porequest_product_tbl.taxAmount,
			scm_porequest_product_tbl.confirmCount,
			DATE_FORMAT(
				scm_porequest_product_tbl.planedDeliveryDate,
				'%Y-%m-%d'
			) planedDeliveryDate,
			scm_porequest_product_tbl.rd1, scm_porequest_product_tbl.rd2, scm_porequest_product_tbl.rd3, scm_porequest_product_tbl.rd4, scm_porequest_product_tbl.rd5, scm_porequest_product_tbl.rd6, scm_porequest_product_tbl.rd7, scm_porequest_product_tbl.rd8, scm_porequest_product_tbl.rd9, scm_porequest_product_tbl.rd10, 
			scm_porequest_product_tbl.rd11, scm_porequest_product_tbl.rd12, scm_porequest_product_tbl.rd13, scm_porequest_product_tbl.rd14, scm_porequest_product_tbl.rd15, scm_porequest_product_tbl.rd16, scm_porequest_product_tbl.rd17, scm_porequest_product_tbl.rd18, scm_porequest_product_tbl.rd19,
			scm_porequest_product_tbl.rd20, scm_porequest_product_tbl.rd21, scm_porequest_product_tbl.rd22, scm_porequest_product_tbl.rd23, scm_porequest_product_tbl.rd24, scm_porequest_product_tbl.rd25, scm_porequest_product_tbl.rd26, scm_porequest_product_tbl.rd27, scm_porequest_product_tbl.rd28, 
			scm_porequest_product_tbl.rd29, scm_porequest_product_tbl.rd30, 
			DATE_FORMAT(
				scm_porequest_tbl.createTime,
				'%Y-%m-%d %T'
			) createTime,
			DATE_FORMAT(scm_porequest_tbl.createTime, '%Y-%m-%d') createDate,
			DATE_FORMAT(
				scm_porequest_tbl.orderTime,
				'%Y-%m-%d'
			) orderTime,
			scm_porequest_tbl.orderStatus,
			scm_porequest_tbl.erp_orderStatus,
			scm_porequest_tbl.orderSource,
			scm_porequest_tbl.compactNo,
			scm_porequest_tbl.companyId,
			scm_porequest_tbl.address,
			scm_porequest_tbl.note,
			scm_porequest_tbl.orderAmount,
			scm_porequest_tbl.shippingMethod,
			scm_porequest_tbl.shippingFee,
			scm_porequest_tbl.deposit,
			scm_porequest_tbl.userId,
			scm_porequest_tbl.customerId,
			scm_porequest_tbl.authorId,
			scm_porequest_tbl.auditId,
			scm_porequest_tbl.modifierId,
			scm_porequest_tbl.authorId,
			scm_porequest_tbl.requesterId,
			DATE_FORMAT(
				scm_porequest_tbl.auditTime,
				'%Y-%m-%d %T'
			) auditTime,
			DATE_FORMAT(
				scm_porequest_tbl.lastUpdateTime,
				'%Y-%m-%d %T'
			) lastUpdateTime,
			scm_porequest_tbl.rd1 f1, scm_porequest_tbl.rd2 f2, scm_porequest_tbl.rd3 f3, scm_porequest_tbl.rd4 f4, scm_porequest_tbl.rd5 f5,
			scm_porequest_tbl.rd6 f6, scm_porequest_tbl.rd7 f7, scm_porequest_tbl.rd8 f8, scm_porequest_tbl.rd9 f9, scm_porequest_tbl.rd10 f10,scm_porequest_tbl.rd11 f11,scm_porequest_tbl.rd12 f12,scm_porequest_tbl.rd13 f13,scm_porequest_tbl.rd14 f14,scm_porequest_tbl.rd15 f15,scm_porequest_tbl.rd16 f16,
			scm_company_tbl.companyName,
			scm_account_tbl.userName
		FROM
			scm_porequest_product_tbl 
		LEFT JOIN scm_porequest_tbl  ON scm_porequest_tbl.id = scm_porequest_product_tbl.poorderId
		LEFT JOIN scm_company_tbl  ON scm_porequest_tbl.companyId = scm_company_tbl.companyId
		LEFT JOIN scm_account_tbl  ON scm_porequest_tbl.userId = scm_account_tbl.id
		WHERE 1=1
		    <if test="userId != null">
			    and scm_porequest_tbl.userId = #{userId}
			</if>
			<if test="detailStatus != null">
			    and scm_porequest_product_tbl.detailStatus = #{detailStatus}
			</if>
			<if test="CONDITION != null">
				AND ${CONDITION}
			</if>
			<if test="isDeliveryCondition != null">
				AND count &gt;  IFNULL(scm_porequest_product_tbl.arrangedCount,0)
			</if>
			<!-- 订单产品id列 -->
			<if test="porequestOrderProductIdList != null">
			    and scm_porequest_product_tbl.id IN 
				<foreach item="item" index="index" collection="porequestOrderProductIdList" open="(" separator="," close=")">
				 	#{item}
				</foreach>
			</if>
			<!-- 订单id列 -->
			<if test="porequestOrderIdList != null">
			    and scm_porequest_tbl.id IN 
				<foreach item="item" index="index" collection="porequestOrderIdList" open="(" separator="," close=")">
				 	#{item}
				</foreach>
			</if>
		ORDER BY scm_porequest_tbl.createTime desc, scm_porequest_product_tbl.orderEntry
	</select>
	
	
		<!--  更新订单发货状态 -->
	<update id="updateConfirmInfo">
		update scm_porequest_product_tbl
		<set>
		 	confirmCount = #{confirmCount},
			toDate = #{toDate},
			detailStatus = #{detailStatus},
			note = #{note},
			erp_detail_orderStatus = #{erp_detail_orderStatus}
		</set>
		where id =  #{id}
	</update>
	
	<!-- 更新备货计划的状态  -->
	<update id="updatePorequestStatus">
		UPDATE 
			scm_porequest_tbl
		<set>
			lastUpdateTime=sysdate()  
			<if test="orderStatus !=null and orderStatus !=''">,orderStatus=#{orderStatus}</if>
			<if test="erp_orderStatus !=null and erp_orderStatus !=''">,erp_orderStatus=#{erp_orderStatus}</if>
		</set>
		WHERE
			id = #{porequestOrderId}
	</update>
	
	<!-- 获取企业单据状态 -->
	<select id="getErpStatus" resultType="String">
		SELECT 
			DISTINCT erp_orderStatus
		FROM 
			scm_porequest_tbl 
		WHERE 1=1
		<if test="userIds != null and userIds !=''">
			and scm_porequest_tbl.userId in
			<foreach item="item" index="index" collection="userIds" open="(" separator="," close=")">
				 #{item}
			</foreach>
		</if>
		ORDER BY scm_porequest_tbl.createTime desc
	</select>
	
	<!-- 获取企业单据状态 -->
	<select id="getErpDetailStatus" resultType="String">
		SELECT 
			DISTINCT scm_porequest_product_tbl.erp_detail_orderStatus
		FROM 
			scm_porequest_product_tbl 
		LEFT JOIN scm_porequest_tbl  ON scm_porequest_tbl.id = scm_porequest_product_tbl.poorderId
		WHERE 1=1
		<if test="userIds != null and userIds !=''">
			and scm_porequest_tbl.userId in
			<foreach item="item" index="index" collection="userIds" open="(" separator="," close=")">
				 #{item}
			</foreach>
		</if>
	</select>
	
	
</mapper>