<?xml version="1.0" encoding="UTF-8" ?>
<!DOCTYPE mapper PUBLIC "-//mybatis.org//DTD Mapper 3.0//EN" "http://mybatis.org/dtd/mybatis-3-mapper.dtd">

<mapper namespace="standardStock">
	<!-- 获得入库单列表 -->
	<select id="getStockList" resultType="hashmap">
	    select  scm_stock_tbl.stockNo, 
	    		scm_stock_tbl.id,
	    		scm_stock_tbl.customerId,
	    		scm_stock_tbl.createTime,
				scm_stock_tbl.amount,
				scm_stock_tbl.customerId,
				scm_stock_tbl.companyId,
				scm_stock_tbl.deliveryId,
				scm_stock_tbl.status,
				scm_stock_tbl.note,
	    		scm_stock_tbl.rd1,
	    		scm_stock_tbl.rd2,
	    		scm_stock_tbl.rd3,
	    		scm_stock_tbl.rd4,
	    		scm_stock_tbl.rd5,
	    		scm_stock_tbl.rd6,
	    		scm_stock_tbl.rd7,
	    		scm_stock_tbl.rd8,
	    		scm_stock_tbl.rd9,
	    		scm_stock_tbl.rd10,
	    		scm_stock_tbl.rd11,
	    		scm_stock_tbl.rd12,
	    		scm_stock_tbl.rd13,
	    		scm_stock_tbl.rd14,
	    		scm_stock_tbl.rd15,
	    		scm_stock_tbl.rd16,	    		
	    		scm_account_tbl.username, 
		        scm_stock_tbl.stockTime, 
		        scm_stock_tbl.erp_orderStatus,
		        co.companyName
	   	From scm_stock_tbl 
		  left join scm_account_tbl  on scm_stock_tbl.customerId=scm_account_tbl.customerId 
		  left join scm_company_tbl as co on scm_stock_tbl.companyId=co.companyId
		 where 1=1
			<if test="userIds != null">
				AND scm_stock_tbl.userId IN
				<foreach item="item" index="index" collection="userIds" open="(" separator="," close=")">
				 	#{item}
				</foreach>
			</if>
			<if test="CONDITION != null">
				and ${CONDITION}
			</if>
		    order by scm_stock_tbl.stockTime desc 
	</select>
	
	<!-- 获得入库单明细列表 -->
	<select id="getStockProductList" resultType="hashmap">
		select 
			scm_stock_tbl.id, 
			scm_stock_tbl.stockNo,
			scm_stock_tbl.stockTime,
			scm_stock_tbl.createTime,
			scm_stock_tbl.amount,
			scm_stock_tbl.customerId,
			scm_stock_tbl.companyId,
			scm_stock_tbl.deliveryId,
			scm_stock_tbl.userId,
			scm_stock_tbl.status,
			scm_stock_tbl.note as hnote,
			scm_stock_tbl.rd1 as f1,
    		scm_stock_tbl.rd2 as f2,
    		scm_stock_tbl.rd3 as f3,
    		scm_stock_tbl.rd4 as f4,
    		scm_stock_tbl.rd5 as f5,
    		scm_stock_tbl.rd6 as f6,
    		scm_stock_tbl.rd7 as f7,
    		scm_stock_tbl.rd8 as f8,
    		scm_stock_tbl.rd9 as f9,
    		scm_stock_tbl.rd10 as f10,
    		scm_stock_tbl.rd11 as f11,
    		scm_stock_tbl.rd12 as f12,
    		scm_stock_tbl.rd13 as f13,
    		scm_stock_tbl.rd14 as f14,
    		scm_stock_tbl.rd15 as f15,
    		scm_stock_tbl.rd16 as f16,
    		scm_stock_tbl.erp_orderStatus,	   
			scm_stock_product_tbl.weight, 
			scm_stock_product_tbl.countUnit, 
			scm_stock_product_tbl.weightUnit, 
			scm_stock_product_tbl.toDate, 
			scm_stock_product_tbl.taxRate, 
			scm_stock_product_tbl.taxAmount, 
			scm_stock_product_tbl.cost, 
			scm_stock_product_tbl.deliveryId, 
			scm_stock_product_tbl.deliveryEntry, 
			scm_stock_product_tbl.standardLen, 
			scm_stock_product_tbl.wareHouse, 
			scm_stock_product_tbl.productName,
			scm_stock_product_tbl.productId,
			scm_stock_product_tbl.Count,    
            scm_stock_product_tbl.batch,
            scm_stock_product_tbl.productAddress,
		    scm_stock_product_tbl.productSize,
		    scm_stock_product_tbl.productType,
		    scm_stock_product_tbl.price, 
		    scm_stock_product_tbl.id as aid,
		    scm_stock_product_tbl.detailStatus,
		    scm_stock_product_tbl.rd1,
		    scm_stock_product_tbl.rd2,
		    scm_stock_product_tbl.rd3,
		    scm_stock_product_tbl.rd4,
		    scm_stock_product_tbl.rd5,
		    scm_stock_product_tbl.rd6,
		    scm_stock_product_tbl.rd7,
		    scm_stock_product_tbl.rd8,
		    scm_stock_product_tbl.rd9,
		    scm_stock_product_tbl.rd10,
		    scm_stock_product_tbl.rd11,
		    scm_stock_product_tbl.rd12,
		    scm_stock_product_tbl.rd13,
		    scm_stock_product_tbl.rd14,
		    scm_stock_product_tbl.rd15,
		    scm_stock_product_tbl.rd16,
		    scm_stock_product_tbl.rd17,
		    scm_stock_product_tbl.rd18,
		    scm_stock_product_tbl.rd19,
		    scm_stock_product_tbl.rd20,
		    scm_stock_product_tbl.rd21,
		    scm_stock_product_tbl.rd22,
		    scm_stock_product_tbl.rd23,
		    scm_stock_product_tbl.rd24,
		    scm_stock_product_tbl.rd25,
		    scm_stock_product_tbl.rd26,
		    scm_stock_product_tbl.rd27,
		    scm_stock_product_tbl.rd28,
		    scm_stock_product_tbl.rd29,
		    scm_stock_product_tbl.rd30,
		    scm_stock_product_tbl.note,
		    scm_account_tbl.username,
		    scm_stock_product_tbl.erp_detail_orderStatus
		From scm_stock_tbl 
		left join scm_account_tbl  on scm_stock_tbl.customerId=scm_account_tbl.customerId 
		join scm_stock_product_tbl on scm_stock_product_tbl.stockId = scm_stock_tbl.id  
		where 1 = 1     
			<if test="userIds != null">
					AND scm_stock_tbl.userId IN
					<foreach item="item" index="index" collection="userIds" open="(" separator="," close=")">
					 	#{item}
					</foreach>
				</if>	   
			<if test="CONDITION != null">
					and ${CONDITION}
			</if>	
			order by scm_stock_tbl.stockTime desc 
	</select>
	
	<!-- 入库单产品信息 -->
	<select id="getproDetailList" resultType="hashmap">
	  select 
			scm_stock_tbl.id, 
			scm_stock_tbl.stockNo,
			scm_stock_tbl.userId,
			scm_stock_tbl.status,
			scm_stock_tbl.erp_orderStatus,
			scm_stock_tbl.rd1 as f1,
    		scm_stock_tbl.rd2 as f2,
    		scm_stock_tbl.rd3 as f3,
    		scm_stock_tbl.rd4 as f4,
    		scm_stock_tbl.rd5 as f5,
    		scm_stock_tbl.rd6 as f6,
    		scm_stock_tbl.rd7 as f7,
    		scm_stock_tbl.rd8 as f8,
    		scm_stock_tbl.rd9 as f9,
    		scm_stock_tbl.rd10 as f10,
    		scm_stock_tbl.rd11 as f11,
    		scm_stock_tbl.rd12 as f12,
    		scm_stock_tbl.rd13 as f13,
    		scm_stock_tbl.rd14 as f14,
    		scm_stock_tbl.rd15 as f15,
    		scm_stock_tbl.rd16 as f16,	   
			stp.productId, 
			stp.productName,
			stp.productEntry,
			stp.entryId,
			stp.detailStatus,
			stp.orderNo,
			stp.deliveryId,
			stp.deliveryEntry,
			stp.deliveryNo,
			stp.standardLen,
			stp.weight,
			stp.count,
			stp.countUnit,
			stp.weightUnit,
			stp.cost,
			stp.note,
			stp.toDate,
			stp.taxRate,
			stp.taxAmount,
			stp.productName,    
            stp.batch,
            stp.productAddress,
            stp.wareHouse,
		    stp.productSize,
		    stp.productType,
		    stp.price, 
		    stp.id as aid,
		    stp.erp_detail_orderStatus,
		    stp.rd1,
		    stp.rd2,
		    stp.rd3,
		    stp.rd4,
		    stp.rd5,
		    stp.rd6,
		    stp.rd7,
		    stp.rd8,
		    stp.rd9,
		    stp.rd10,
		    stp.rd11,
		    stp.rd12,
		    stp.rd13,
		    stp.rd14,
		    stp.rd15,
		    stp.rd16,
		    stp.rd17,
		    stp.rd18,
		    stp.rd19,
		    stp.rd20,
		    stp.rd21,
		    stp.rd22,
		    stp.rd23,
		    stp.rd24,
		    stp.rd25,
		    stp.rd26,
		    stp.rd27,
		    stp.rd28,
		    stp.rd29,
		    stp.rd30
		From scm_stock_tbl 
		join scm_stock_product_tbl as stp on stp.stockId = scm_stock_tbl.id  
		where 1 = 1     	   
		<if test="CONDITION != null">
				and ${CONDITION}
		</if>	
	</select>
	
	<!-- 查询入库单的基本信息  -->
	<select id="selectStockDetail" resultType="hashmap">
		SELECT scm_stock_tbl.id,
			   scm_stock_tbl.stockNo,
			   scm_stock_tbl.stockTime,
			   scm_stock_tbl.amount,
			   scm_stock_tbl.customerId,
			   scm_stock_tbl.userId,
			   scm_stock_tbl.companyId,
			   scm_stock_tbl.rd1,
	    	   scm_stock_tbl.rd2,
	    	   scm_stock_tbl.rd3,
	    	   scm_stock_tbl.rd4,
	    	   scm_stock_tbl.rd5,
	    	   scm_stock_tbl.rd6,
	    	   scm_stock_tbl.rd7,
	    	   scm_stock_tbl.rd8,
	    	   scm_stock_tbl.rd9,
	    	   scm_stock_tbl.rd10,
	    	   scm_stock_tbl.rd11,
	    	   scm_stock_tbl.rd12,
	    	   scm_stock_tbl.rd13,
	    	   scm_stock_tbl.rd14,
	    	   scm_stock_tbl.rd15,
	    	   scm_stock_tbl.rd16,	 
			   scm_stock_tbl.note,
			   scm_stock_tbl.erp_orderStatus,
			   co.companyName	   
		FROM scm_stock_tbl 
		left join scm_company_tbl as co on scm_stock_tbl.companyId=co.companyId
		where 1=1
		<if test="CONDITION != null">
				and ${CONDITION}
		</if>
	</select>
	
	<!-- 查询上次同步成功的时间，cursor位置 -->
	<select id="getInterFaceInfo" resultType="hashmap" >
		SELECT
			scm_interface_record_tbl.cursor,
			date_format(scm_interface_record_tbl.lastUpdateTime,'%Y-%m-%d %T') AS StartTime,
			date_format(now(),'%Y-%m-%d %T') AS EndTime
		FROM
			scm_interface_record_tbl
		WHERE
			interfaceid = 'S00702'
	</select>
	
	<!-- 查询入库单是否存在 -->
	<select id="findCountBystockNo"  resultType="int">
		SELECT
			COUNT(s.id)
		FROM scm_stock_tbl s
		WHERE s.stockNo = #{stockNo}
	</select>
	
	<!-- 根据stockNo，查询入库单的id -->
	<select id="findIdBystockNo"  resultType="int">
		SELECT
			s.id
		FROM scm_stock_tbl s
		WHERE s.stockNo = #{stockNo}
	</select>
	
	<!-- 插入入库单信息 -->
	<insert id="insertStockInfo">
		<selectKey resultType="java.lang.Long" order="AFTER" keyProperty="id" >
			select LAST_INSERT_ID() as id
		</selectKey>
			INSERT INTO scm_stock_tbl (
					stockNo
				<if test="deliveryId !=null and deliveryId !=''">,deliveryId</if>
				<if test="status !=null and status !=''">,status</if>
				<if test="createTime !=null and createTime !=''">,createTime</if>
				<if test="stockTime !=null and stockTime !=''">,stockTime</if>
				<if test="amount !=null and amount !=''">,amount</if>
				<if test="authorId !=null and authorId !=''">,authorId</if>
				<if test="salesmanId !=null and salesmanId !=''">,salesmanId</if>
				<if test="userId !=null and userId !=''">,userId</if>
				<if test="customerId !=null and customerId !=''">,customerId</if>
				<if test="companyId !=null and companyId !=''">,companyId</if>
				<if test="note !=null and note !=''">,note</if>
				<if test="modifierId !=null and modifierId !=''">,modifierId</if>
				<if test="lastUpdateTime !=null and lastUpdateTime !=''">,lastUpdateTime</if>
				<if test="rd1 !=null and rd1 !=''">,rd1</if>
				<if test="rd2 !=null and rd2 !=''">,rd2</if>
				<if test="rd3 !=null and rd3 !=''">,rd3</if>
				<if test="rd4 !=null and rd4 !=''">,rd4</if>
				<if test="rd5 !=null and rd5 !=''">,rd5</if>
				<if test="rd6 !=null and rd6 !=''">,rd6</if>
				<if test="rd7 !=null and rd7 !=''">,rd7</if>
				<if test="rd8 !=null and rd8 !=''">,rd8</if>
				<if test="rd9 !=null and rd9 !=''">,rd9</if>
				<if test="rd10 !=null and rd10 !=''">,rd10</if>
				<if test="rd11 !=null and rd11 !=''">,rd11</if>
				<if test="rd12 !=null and rd12 !=''">,rd12</if>
				<if test="rd13 !=null and rd13 !=''">,rd13</if>
				<if test="rd14 !=null and rd14 !=''">,rd14</if>
				<if test="rd15 !=null and rd15 !=''">,rd15</if>
				<if test="rd16 !=null and rd16 !=''">,rd16</if>
				<if test="hrsv1 !=null">,hrsv1</if>
				<if test="hrsv2 !=null">,hrsv2</if>
				<if test="hrsv3 !=null">,hrsv3</if>
			)
			VALUES
			(
			#{stockNo}
			<if test="deliveryId !=null and deliveryId !=''">,#{deliveryId}</if>
			<if test="status !=null and status !=''">,#{status}</if>
			<if test="createTime !=null and createTime !=''">,#{createTime}</if>
			<if test="stockTime !=null and stockTime !=''">,#{stockTime}</if>
			<if test="amount !=null and amount !=''">,#{amount}</if>
			<if test="authorId !=null and authorId !=''">,#{authorId}</if>
			<if test="salesmanId !=null and salesmanId !=''">,#{salesmanId}</if>
			<if test="userId !=null and userId !=''">,#{userId}</if>
			<if test="customerId !=null and customerId !=''">,#{customerId}</if>
			<if test="companyId !=null and companyId !=''">,#{companyId}</if>
			<if test="note !=null and note !=''">,#{note}</if>
			<if test="modifierId !=null and modifierId !=''">,#{modifierId}</if>
			<if test="lastUpdateTime !=null and lastUpdateTime !=''">,#{lastUpdateTime}</if>
			<if test="rd1 !=null and rd1 !=''">,#{rd1}</if>
			<if test="rd2 !=null and rd2 !=''">,#{rd2}</if>
			<if test="rd3 !=null and rd3 !=''">,#{rd3}</if>
			<if test="rd4 !=null and rd4 !=''">,#{rd4}</if>
			<if test="rd5 !=null and rd5 !=''">,#{rd5}</if>
			<if test="rd6 !=null and rd6 !=''">,#{rd6}</if>
			<if test="rd7 !=null and rd7 !=''">,#{rd7}</if>
			<if test="rd8 !=null and rd8 !=''">,#{rd8}</if>
			<if test="rd9 !=null and rd9 !=''">,#{rd9}</if>
			<if test="rd10 !=null and rd10 !=''">,#{rd10}</if>
			<if test="rd11 !=null and rd11 !=''">,#{rd11}</if>
			<if test="rd12 !=null and rd12 !=''">,#{rd12}</if>
			<if test="rd13 !=null and rd13 !=''">,#{rd13}</if>
			<if test="rd14 !=null and rd14 !=''">,#{rd14}</if>
			<if test="rd15 !=null and rd15 !=''">,#{rd15}</if>
			<if test="rd16 !=null and rd16 !=''">,#{rd16}</if>
			<if test="hrsv1 !=null">,#{hrsv1}</if>
			<if test="hrsv2 !=null">,#{hrsv2}</if>
			<if test="hrsv3 !=null">,#{hrsv3}</if>
			)
	</insert>
	
	<!-- 更新入库单信息 -->
	<update id="updateStockInfo">
		UPDATE 
			scm_stock_tbl
		SET
			stockNo = #{stockNo}
			,lastUpdateTime = sysdate()
			<if test="deliveryId !=null and deliveryId !=''">,deliveryId=#{deliveryId}</if>
			<if test="status !=null and status !=''">,status=#{status}</if>
			<if test="createTime !=null and createTime !=''">,createTime=#{createTime}</if>
			<if test="stockTime !=null and stockTime !=''">,stockTime=#{stockTime}</if>
			<if test="amount !=null and amount !=''">,amount=#{amount}</if>
			<if test="authorId !=null and authorId !=''">,authorId=#{authorId}</if>
			<if test="salesmanId !=null and salesmanId !=''">,salesmanId=#{salesmanId}</if>
			<if test="userId !=null and userId !=''">,userId=#{userId}</if>
			<if test="customerId !=null and customerId !=''">,customerId=#{customerId}</if>
			<if test="companyId !=null and companyId !=''">,companyId=#{companyId}</if>
			<if test="note !=null and note !=''">,note=#{note}</if>
			<if test="modifierId !=null and modifierId !=''">,modifierId=#{modifierId}</if>
			<if test="rd1 !=null and rd1 !=''">,rd1=#{rd1}</if>
			<if test="rd2 !=null and rd2 !=''">,rd2=#{rd2}</if>
			<if test="rd3 !=null and rd3 !=''">,rd3=#{rd3}</if>
			<if test="rd4 !=null and rd4 !=''">,rd4=#{rd4}</if>
			<if test="rd5 !=null and rd5 !=''">,rd5=#{rd5}</if>
			<if test="rd6 !=null and rd6 !=''">,rd6=#{rd6}</if>
			<if test="rd7 !=null and rd7 !=''">,rd7=#{rd7}</if>
			<if test="rd8 !=null and rd8 !=''">,rd8=#{rd8}</if>
			<if test="rd9 !=null and rd9 !=''">,rd9=#{rd9}</if>
			<if test="rd10 !=null and rd10 !=''">,rd10=#{rd10}</if>
			<if test="rd11 !=null and rd11 !=''">,rd11=#{rd11}</if>
			<if test="rd12 !=null and rd12 !=''">,rd12=#{rd12}</if>
			<if test="rd13 !=null and rd13 !=''">,rd13=#{rd13}</if>
			<if test="rd14 !=null and rd14 !=''">,rd14=#{rd14}</if>
			<if test="rd15 !=null and rd15 !=''">,rd15=#{rd15}</if>
			<if test="rd16 !=null and rd16 !=''">,rd16=#{rd16}</if>
			<if test="hrsv1 !=null">,hrsv1=#{hrsv1}</if>
			<if test="hrsv2 !=null">,hrsv2=#{hrsv2}</if>
			<if test="hrsv3 !=null">,hrsv3=#{hrsv3}</if>
		WHERE	id=#{id}
	</update>
	
	<!-- 删除对应的产品数据 -->
	<delete id="deleteProduct">
		DELETE FROM scm_stock_product_tbl WHERE stockId = #{id}
	</delete>
	
	<!-- 插入产品数据 -->
	<insert id="insertProduct">
	INSERT INTO scm_stock_product_tbl(				
				stockId
				<if test="productId !=null and productId !=''">,productId</if>
				<if test="wareHouse !=null and wareHouse !=''">,wareHouse</if>
				<if test="entryId !=null and entryId !=''">,entryId</if>
				<if test="productEntry !=null and productEntry !=''">,productEntry</if>
				<if test="detailStatus !=null and detailStatus !=''">,detailStatus</if>
				<if test="orderId !=null and orderId !=''">,orderId</if>
				<if test="deliveryId !=null and deliveryId !=''">,deliveryId</if>
				<if test="deliveryEntry !=null and deliveryEntry !=''">,deliveryEntry</if>
				<if test="orderNo !=null and orderNo !=''">,orderNo</if>
				<if test="deliveryNo !=null and deliveryNo !=''">,deliveryNo</if>
				<if test="otherNo !=null and otherNo !=''">,otherNo</if>
				<if test="productName !=null and productName !=''">,productName</if>
				<if test="productType !=null and productType !=''">,productType</if>
				<if test="productSize !=null and productSize !=''">,productSize</if>
				<if test="productAddress !=null and productAddress !=''">,productAddress</if>
				<if test="batch !=null and batch !=''">,batch</if>
				<if test="standardLen !=null and standardLen !=''">,standardLen</if>
				<if test="count !=null and count !=''">,count</if>
				<if test="weight !=null and weight !=''">,weight</if>
				<if test="countUnit !=null and countUnit !=''">,countUnit</if>
				<if test="weightUnit !=null and weightUnit !=''">,weightUnit</if>
				<if test="cost !=null and cost !=''">,cost</if>
				<if test="price !=null and price !=''">,price</if>
				<if test="note !=null and note !=''">,note</if>
				<if test="toDate !=null and toDate !=''">,toDate</if>
				<if test="taxRate !=null and taxRate !=''">,taxRate</if>
				<if test="taxAmount !=null and taxAmount !=''">,taxAmount</if>
				<if test="rd1 !=null and rd1 !=''">,rd1</if>
				<if test="rd2 !=null and rd2 !=''">,rd2</if>
				<if test="rd3 !=null and rd3 !=''">,rd3</if>
				<if test="rd4 !=null and rd4 !=''">,rd4</if>
				<if test="rd5 !=null and rd5 !=''">,rd5</if>
				<if test="rd6 !=null and rd6 !=''">,rd6</if>
				<if test="rd7 !=null and rd7 !=''">,rd7</if>
				<if test="rd8 !=null and rd8 !=''">,rd8</if>
				<if test="rd9 !=null and rd9 !=''">,rd9</if>
				<if test="rd10 !=null and rd10 !=''">,rd10</if>
				<if test="rd11 !=null and rd11 !=''">,rd11</if>
				<if test="rd12 !=null and rd12 !=''">,rd12</if>
				<if test="rd13 !=null and rd13 !=''">,rd13</if>
				<if test="rd14 !=null and rd14 !=''">,rd14</if>
				<if test="rd15 !=null and rd15 !=''">,rd15</if>
				<if test="rd16 !=null and rd16 !=''">,rd16</if>
				<if test="rd17 !=null and rd17 !=''">,rd17</if>
				<if test="rd18 !=null and rd18 !=''">,rd18</if>
				<if test="rd19 !=null and rd19 !=''">,rd19</if>
				<if test="rd20 !=null and rd20 !=''">,rd20</if>
				<if test="rd21 !=null and rd21 !=''">,rd21</if>
				<if test="rd22 !=null and rd22 !=''">,rd22</if>
				<if test="rd23 !=null and rd23 !=''">,rd23</if>
				<if test="rd24 !=null and rd24 !=''">,rd24</if>
				<if test="rd25 !=null and rd25 !=''">,rd25</if>
				<if test="rd26 !=null and rd26 !=''">,rd26</if>
				<if test="rd27 !=null and rd27 !=''">,rd27</if>
				<if test="rd28 !=null and rd28 !=''">,rd28</if>
				<if test="rd29 !=null and rd29 !=''">,rd29</if>
				<if test="rd30 !=null and rd30 !=''">,rd30</if>
				<if test="erp_detail_orderStatus !=null">,erp_detail_orderStatus</if>
				<if test="rsv1 !=null">,rsv1</if>
				<if test="rsv2 !=null">,rsv2</if>
				<if test="rsv3 !=null">,rsv3</if>	
				)Values(
				#{stockId}
				<if test="productId !=null and productId !=''">,#{productId}</if>
				<if test="wareHouse !=null and wareHouse !=''">,#{wareHouse}</if>
				<if test="entryId !=null and entryId !=''">,#{entryId}</if>
				<if test="productEntry !=null and productEntry !=''">,#{productEntry}</if>
				<if test="detailStatus !=null and detailStatus !=''">,#{detailStatus}</if>
				<if test="orderId !=null and orderId !=''">,#{orderId}</if>
				<if test="deliveryId !=null and deliveryId !=''">,#{deliveryId}</if>
				<if test="deliveryEntry !=null and deliveryEntry !=''">,#{deliveryEntry}</if>
				<if test="orderNo !=null and orderNo !=''">,#{orderNo}</if>
				<if test="deliveryNo !=null and deliveryNo !=''">,#{deliveryNo}</if>
				<if test="otherNo !=null and otherNo !=''">,#{otherNo}</if>
				<if test="productName !=null and productName !=''">,#{productName}</if>
				<if test="productType !=null and productType !=''">,#{productType}</if>
				<if test="productSize !=null and productSize !=''">,#{productSize}</if>
				<if test="productAddress !=null and productAddress !=''">,#{productAddress}</if>
				<if test="batch !=null and batch !=''">,#{batch}</if>
				<if test="standardLen !=null and standardLen !=''">,#{standardLen}</if>
				<if test="count !=null and count !=''">,#{count}</if>
				<if test="weight !=null and weight !=''">,#{weight}</if>
				<if test="countUnit !=null and countUnit !=''">,#{countUnit}</if>
				<if test="weightUnit !=null and weightUnit !=''">,#{weightUnit}</if>
				<if test="cost !=null and cost !=''">,#{cost}</if>
				<if test="price !=null and price !=''">,#{price}</if>
				<if test="note !=null and note !=''">,#{note}</if>
				<if test="toDate !=null and toDate !=''">,#{toDate}</if>
				<if test="taxRate !=null and taxRate !=''">,#{taxRate}</if>
				<if test="taxAmount !=null and taxAmount !=''">,#{taxAmount}</if>
				<if test="rd1 !=null and rd1 !=''">,#{rd1}</if>
				<if test="rd2 !=null and rd2 !=''">,#{rd2}</if>
				<if test="rd3 !=null and rd3 !=''">,#{rd3}</if>
				<if test="rd4 !=null and rd4 !=''">,#{rd4}</if>
				<if test="rd5 !=null and rd5 !=''">,#{rd5}</if>
				<if test="rd6 !=null and rd6 !=''">,#{rd6}</if>
				<if test="rd7 !=null and rd7 !=''">,#{rd7}</if>
				<if test="rd8 !=null and rd8 !=''">,#{rd8}</if>
				<if test="rd9 !=null and rd9 !=''">,#{rd9}</if>
				<if test="rd10 !=null and rd10 !=''">,#{rd10}</if>
				<if test="rd11 !=null and rd11 !=''">,#{rd11}</if>
				<if test="rd12 !=null and rd12 !=''">,#{rd12}</if>
				<if test="rd13 !=null and rd13 !=''">,#{rd13}</if>
				<if test="rd14 !=null and rd14 !=''">,#{rd14}</if>
				<if test="rd15 !=null and rd15 !=''">,#{rd15}</if>
				<if test="rd16 !=null and rd16 !=''">,#{rd16}</if>
				<if test="rd17 !=null and rd17 !=''">,#{rd17}</if>
				<if test="rd18 !=null and rd18 !=''">,#{rd18}</if>
				<if test="rd19 !=null and rd19 !=''">,#{rd19}</if>
				<if test="rd20 !=null and rd20 !=''">,#{rd20}</if>
				<if test="rd21 !=null and rd21 !=''">,#{rd21}</if>
				<if test="rd22 !=null and rd22 !=''">,#{rd22}</if>
				<if test="rd23 !=null and rd23 !=''">,#{rd23}</if>
				<if test="rd24 !=null and rd24 !=''">,#{rd24}</if>
				<if test="rd25 !=null and rd25 !=''">,#{rd25}</if>
				<if test="rd26 !=null and rd26 !=''">,#{rd26}</if>
				<if test="rd27 !=null and rd27 !=''">,#{rd27}</if>
				<if test="rd28 !=null and rd28 !=''">,#{rd28}</if>
				<if test="rd29 !=null and rd29 !=''">,#{rd29}</if>
				<if test="rd30 !=null and rd30 !=''">,#{rd30}</if>
				<if test="erp_detail_orderStatus !=null">,#{erp_detail_orderStatus}</if>
				<if test="rsv1 !=null">,#{rsv1}</if>
				<if test="rsv2 !=null">,#{rsv2}</if>
				<if test="rsv3 !=null">,#{rsv3}</if>
		)
	</insert>
	
	<!-- 查询采购订单的id -->
	<select id="getOrderId"  resultType="String">
	  SELECT id 
      FROM scm_poorder_tbl 
      WHERE orderNo = #{orderId}
	</select>
	<!-- 查询发货单的id -->
	<select id="getDeliveryId"  resultType="String">
	  SELECT id 
      FROM scm_instock_tbl 
      WHERE deliveryNo = #{deliveryId}
	</select>

	<!-- 查询采购订单明细的数量信息 -->
	<select id="getOrderProCount"  resultType="hashmap">
		SELECT  IFNULL(pp.commitQty,0) as commitQty,
		IFNULL(pp.count,0) as count,
		IFNULL(pp.inwayQty,0) as inwayQty,
		pp.detailStatus
        FROM scm_poorder_product_tbl as pp
        WHERE pp.productId = #{productId}
        AND pp.poorderId = #{orderId}
	</select>
	<!-- 更新采购订单信息 -->
	<update id="updatePoorderProduct">
		UPDATE scm_poorder_product_tbl as pp
		SET pp.commitQty=#{commitQty},
		    pp.inwayQty=#{inwayQty},
		    pp.detailStatus=#{detailStatus}
		WHERE pp.productId = #{productId}
        AND pp.poorderId = #{orderId}
	</update>	
	
	<!-- 查询发货单明细的信息 -->
	<select id="getInstockProCount"  resultType="hashmap">
		SELECT IFNULL(ip.commitQty,0) as commitQty,
		IFNULL(ip.count,0) as count,
		ip.detailStatus
		FROM scm_instock_product_tbl as ip
		WHERE ip.productId = #{productId}
		AND ip.orderId = #{orderId}
        AND ip.deliveryId = #{deliveryId}
	</select>
	<!-- 更新发货单信息 -->
	<update id="updateInstockProduct">
		UPDATE scm_instock_product_tbl as ip
		SET ip.commitQty=#{commitQty} ,
		    ip.detailStatus=#{detailStatus}
		WHERE ip.productId = #{productId}
        AND ip.orderId = #{orderId}
        AND ip.deliveryId = #{deliveryId}
	</update>
	
   <!-- 导出查询 -->
	<select id="selectExportData" resultType="com.ultimate.common.StockExportEntity">
		SELECT
			scm_stock_tbl.id,
			scm_stock_tbl.stockNo,
			scm_stock_tbl.deliveryId,
			date_format(
				scm_stock_tbl.stockTime,
				'%Y-%m-%d %T'
			) stockTime,
			scm_stock_tbl.amount,
			scm_stock_tbl.salesmanId,
			scm_stock_tbl.authorId,
			scm_stock_tbl.userId,
			scm_stock_tbl.customerId,
			scm_stock_tbl.companyId,
			scm_stock_tbl.erp_orderStatus,
			scm_stock_tbl.rd1 AS F1,
			scm_stock_tbl.rd2 AS F2,
			scm_stock_tbl.rd3 AS F3,
			scm_stock_tbl.rd4 AS F4,
			scm_stock_tbl.rd5 AS F5,
			scm_stock_tbl.rd6 AS F6,
			scm_stock_tbl.rd7 AS F7,
			scm_stock_tbl.rd8 AS F8,
			scm_stock_tbl.rd9 AS F9,
			scm_stock_tbl.rd10 AS F10,
			scm_stock_tbl.rd11 AS F11,
			scm_stock_tbl.rd12 AS F12,
			scm_stock_tbl.rd13 AS F13,
			scm_stock_tbl.rd14 AS F14,
			scm_stock_tbl.rd15 AS F15,
			scm_stock_tbl.rd16 AS F16,
			co.companyName,
			scm_account_tbl.userName AS dealerName,
			scm_stock_product_tbl.productId,
			scm_stock_product_tbl.productEntry,
			scm_stock_product_tbl.productName,
			scm_stock_product_tbl.count,
			scm_stock_product_tbl.price,
			scm_stock_product_tbl.productSize,
			scm_stock_product_tbl.productAddress,
			scm_stock_product_tbl.standardLen,
			scm_stock_product_tbl.batch,
			scm_stock_product_tbl.erp_detail_orderStatus,
			scm_stock_product_tbl.rd1,
			scm_stock_product_tbl.rd2,
			scm_stock_product_tbl.rd3,
			scm_stock_product_tbl.rd4,
			scm_stock_product_tbl.rd5,
			scm_stock_product_tbl.rd6,
			scm_stock_product_tbl.rd7,
			scm_stock_product_tbl.rd8,
			scm_stock_product_tbl.rd9,
			scm_stock_product_tbl.rd10,
			scm_stock_product_tbl.rd11,
			scm_stock_product_tbl.rd12,
			scm_stock_product_tbl.rd13,
			scm_stock_product_tbl.rd14,
			scm_stock_product_tbl.rd15,
			scm_stock_product_tbl.rd16,
			scm_stock_product_tbl.rd17,
			scm_stock_product_tbl.rd18,
			scm_stock_product_tbl.rd19,
			scm_stock_product_tbl.rd20,
			scm_stock_product_tbl.rd21,
			scm_stock_product_tbl.rd22,
			scm_stock_product_tbl.rd23,
			scm_stock_product_tbl.rd24,
			scm_stock_product_tbl.rd25,
			scm_stock_product_tbl.rd26,
			scm_stock_product_tbl.rd27,
			scm_stock_product_tbl.rd28,
			scm_stock_product_tbl.rd29,
			scm_stock_product_tbl.rd30
		FROM
			scm_stock_tbl
		LEFT JOIN scm_stock_product_tbl ON scm_stock_tbl.id = scm_stock_product_tbl.stockId
		LEFT JOIN scm_account_tbl ON scm_stock_tbl.customerId = scm_account_tbl.customerId
		LEFT JOIN scm_company_tbl AS co ON scm_stock_tbl.companyId = co.companyId
		 where 1=1 
		 	<if test="userIds != null">
		 		and scm_stock_tbl.userId IN 
			 <foreach item="item" index="index" collection="userIds" open="(" separator="," close=")">
			 	#{item}
			 </foreach> 
			 </if>
			<if test="CONDITION != null">
				and ${CONDITION}
			</if>
		  order by scm_stock_tbl.stockTime desc	
	</select>
	<resultMap id="stockInfo" type="com.icbc.client.StockInfo">
	  <result column="stockNo" property="stockNo"/>
	  <result column="stockTime" property="StockTime"/>
	  <result column="customerId" property="CustomerId"/>
	  <result column="deliveryId" property="DeliveryId"/>
	  <result column="rd1" property="Rd1"/>
	  <result column="rd2" property="Rd2"/>
	  <result column="rd3" property="Rd3"/>
	  <collection property="ProductInfo" ofType="com.icbc.client.StockProductInfo">	
	    <result column="productId" property="ProductId"/>
	    <result column="productEntry" property="ProductEntry"/>
	    <result column="productName" property="ProductName"/>
	    <result column="count" property="Count"/>
	    <result column="productSize" property="Specification"/>
	    <result column="batch" property="Batch"/>	
	    <result column="F1" property="F1"/>
	    <result column="F2" property="F2"/>
	    <result column="F3" property="F3"/>
	    <result column="F4" property="F4"/>
	    <result column="F5" property="F5"/>
	    <result column="F6" property="F6"/>
	    <result column="F7" property="F7"/>
	    <result column="F8" property="F8"/>
	    <result column="F9" property="F9"/>
	    <result column="F10" property="F10"/>
	    <result column="F11" property="F11"/>
	    <result column="F12" property="F12"/>
	    <result column="F13" property="F13"/>
	    <result column="F14" property="F14"/>
	    <result column="F15" property="F15"/>
	    <result column="F16" property="F16"/>
	    <result column="F17" property="F17"/>
	    <result column="F18" property="F18"/>
	    <result column="F19" property="F19"/>
	    <result column="F20" property="F20"/>
	    <result column="F21" property="F21"/>
	    <result column="F22" property="F22"/>
	    <result column="F23" property="F23"/>
	    <result column="F24" property="F24"/>
	    <result column="F25" property="F25"/>
	    <result column="F26" property="F26"/>
	    <result column="F27" property="F27"/>
	    <result column="F28" property="F28"/>
	    <result column="F29" property="F29"/>
	    <result column="F30" property="F30"/>
	  </collection>
	</resultMap>
	
	
	<!-- 获取企业单据状态 -->
	<select id="getErpStatus" resultType="String">
		SELECT 
			DISTINCT erp_orderStatus
		FROM 
			scm_stock_tbl 
		WHERE 1=1
		<if test="userIds != null and userIds !=''">
			and scm_stock_tbl.userId in
			<foreach item="item" index="index" collection="userIds" open="(" separator="," close=")">
				 #{item}
			</foreach>
		</if>
		ORDER BY scm_stock_tbl.createTime desc
	</select>
	
	<!-- 获取企业单据状态 -->
	<select id="getErpDetailStatus" resultType="String">
		SELECT 
			DISTINCT scm_stock_product_tbl.erp_detail_orderStatus
		FROM 
			scm_stock_product_tbl
		left JOIN scm_stock_tbl  ON scm_stock_tbl.id = scm_stock_product_tbl.stockId
		WHERE 1=1
		<if test="userIds != null and userIds !=''">
			and scm_stock_tbl.userId in
			<foreach item="item" index="index" collection="userIds" open="(" separator="," close=")">
				 #{item}
			</foreach>
		</if>
	</select>
</mapper>

		