<?xml version="1.0" encoding="UTF-8"?>
<!DOCTYPE mapper
  PUBLIC "-//mybatis.org//DTD Mapper 3.0//EN"
    "http://mybatis.org/dtd/mybatis-3-mapper.dtd">
 
<mapper namespace="standardProduct">
   
   	<!-- 产品维护相关sql by：yupan -->
   	<select id="findAll" resultType="com.ultimate.common.ProductEntity">
   		SELECT
			a.productId,
			a.entryId,
			a.productName,
			a.productType,
			a.productSize,
			a.productAddress,
			a.batch,
			a.standardLen,
			a.countUnit,
			a.weightUnit,
			a.onSale,
			a.stock,
			a.cost,
			a.price,
			a.categoryId,
			date_format(a.createTime,'%Y-%m-%d %T') AS createTime,
			a.picFilePath,
			a.picFileName,
			a.shipFee,
			a.companyId,
			a.salesmanId,
			a.parentId,
			date_format(a.lastUpdateTime,'%Y-%m-%d %T') AS lastUpdateTime,
			a.rd1,
			a.rd2,
			a.rd3,
			a.rd4,
			a.rd5,
			a.rd6,
			a.rd7,
			a.rd8,
			a.rd9,
			a.rd10,
			a.rd11,
			a.rd12,
			a.rd13,
			a.rd14,
			a.rd15,
			a.rd16,
			a.rd17,
			a.rd18,
			a.rd19,
			a.rd20,
			a.rd21,
			a.rd22,
			a.rd23,
			a.rd24,
			a.rd25,
			a.rd26,
			a.rd27,
			a.rd28,
			a.rd29,
			a.rd30
		FROM
			scm_product_tbl a
		<where>
			<if test="productId != null and productId != ''">
				a.productId=#{productId}
			</if>
		</where>
   	</select>
	<!-- 查询 单个产品信息 -->
	<select id="selectOneProductById" resultType="hashmap">
		select 
		productId,
		entryId,
		productName,
		productType,
		productAddress,
		productSize,
		batch,
		standardLen,
		countUnit as productCountUnit,
		countUnit as countUnit,
		weightUnit,
		onSale,
		ifnull(stock,0) as stock,
		cost,
		price as productPrice,
		price as price,
		categoryId as productCateGory,
		categoryId as categoryId,
		DATE_FORMAT(
			createTime,
			'%Y-%m-%d %T'
		) createTime,
		picFilePath,
		picFileName,
		ifnull(shipFee,0) as shipFee,
		companyId,
		salesmanId,
		parentId,
		DATE_FORMAT(
			lastUpdateTime,
			'%Y-%m-%d %T'
		) lastUpdateTime,
			rd1,
			rd2,
			rd3,
			rd4,
			rd5,
			rd6,
			rd7,
			rd8,
			rd9,
			rd10,
			rd11,
			rd12,
			rd13,
			rd14,
			rd15,
			rd16,
			rd17,
			rd18,
			rd19,
			rd20,
			rd21,
			rd22,
			rd23,
			rd24,
			rd25,
			rd26,
			rd27,
			rd28,
			rd29,
			rd30
		from
		scm_product_tbl where productId=#{productId}
	</select>
   	<!-- 保存产品信息 by tc 2015-04-13 -->
	<insert id="saveProduct">
		INSERT INTO scm_product_tbl (
		<if test="productName != null and productName != ''">
			productName,
		</if>
		<if test="productPrice != null and productPrice != ''">
			price,
		</if>
		<if test="productAddress != null and productAddress != ''">
			productAddress,
		</if>
		<if test="productSize != null and productSize != ''">
			productSize,
		</if>
		<if test="productCountUnit != null and productCountUnit != ''">
			countUnit,
		</if>
		<if test="picFilePath != null and picFilePath != ''">
			picFilePath,
		</if>
		<if test="picFileName != null and picFileName != ''">
			picFileName,
		</if>
		<if test="productStock != null and productStock != ''">
			stock,
		</if>
		<if test="productOnSale != null and productOnSale != ''">
			onSale,
		</if>
		<if test="productBatch != null and productBatch != ''">
			batch,
		</if>
		<if test="entryId != null and entryId !=''">
			entryId,
		</if>
		<if test="productType != null and productType !=''">
			productType,
		</if>
		<if test="standardLen != null and standardLen !=''">
			standardLen,
		</if>
		<if test="weightUnit != null and weightUnit !=''">
			weightUnit,
		</if>
		<if test="cost != null and cost !=''">
			cost,
		</if>
		<if test="createTime != null and createTime !=''">
			createTime,
		</if>
		<if test="shipFee != null and shipFee !=''">
			shipFee,
		</if>
		<if test="companyId != null and companyId !=''">
			companyId,
		</if>
		<if test="salesmanId != null and salesmanId !=''">
			salesmanId,
		</if>
		<if test="parentId != null and parentId !=''">
			parentId,
		</if>
		<if test="lastUpdateTime != null and lastUpdateTime !=''">
			lastUpdateTime,
		</if>
		<if test="rd1 != null and rd1 !=''">
			rd1,
		</if>
		<if test="rd2 != null and rd2 !=''">
			rd2,
		</if>
		<if test="rd3 != null and rd3 !=''">
			rd3,
		</if>
		<if test="rd4 != null and rd4 !=''">
			rd4,
		</if>
		<if test="rd5 != null and rd5 !=''">
			rd5,
		</if>
		<if test="rd6 != null and rd6 !=''">
			rd6,
		</if>
		<if test="rd7 != null and rd7 !=''">
			rd7,
		</if>
		<if test="rd8 != null and rd8 !=''">
			rd8,
		</if>
		<if test="rd9 != null and rd9 !=''">
			rd9,
		</if>
		<if test="rd10 != null and rd10 !=''">
			rd10,
		</if>
		<if test="rd11 != null and rd11 !=''">
			rd11,
		</if>
		<if test="rd12 != null and rd12 !=''">
			rd12,
		</if>
		<if test="rd13 != null and rd13 !=''">
			rd13,
		</if>
		<if test="rd14 != null and rd14 !=''">
			rd14,
		</if>
		<if test="rd15 != null and rd15 !=''">
			rd15,
		</if>
		<if test="rd16 != null and rd16 !=''">
			rd16,
		</if>
		<if test="rd17 != null and rd17 !=''">
			rd17,
		</if>
		<if test="rd18 != null and rd18 !=''">
			rd18,
		</if>
		<if test="rd19 != null and rd19 !=''">
			rd19,
		</if>
		<if test="rd20 != null and rd20 !=''">
			rd20,
		</if>
		<if test="rd21 != null and rd21 !=''">
			rd21,
		</if>
		<if test="rd22 != null and rd22 !=''">
			rd22,
		</if>
		<if test="rd23 != null and rd23 !=''">
			rd23,
		</if>
		<if test="rd24 != null and rd24 !=''">
			rd24,
		</if>
		<if test="rd25 != null and rd25 !=''">
			rd25,
		</if>
		<if test="rd26 != null and rd26 !=''">
			rd26,
		</if>
		<if test="rd27 != null and rd27 !=''">
			rd27,
		</if>
		<if test="rd28 != null and rd28 !=''">
			rd28,
		</if>
		<if test="rd29 != null and rd29 !=''">
			rd29,
		</if>
		<if test="rd30 != null and rd30 !=''">
			rd30,
		</if>
		productId,
		categoryId
		)
		VALUE
		(
		<if test="productName != null and productName != ''">
			#{productName},
		</if>
		<if test="productPrice != null and productPrice != ''">
			#{productPrice},
		</if>
		<if test="productAddress != null and productAddress != ''">
			#{productAddress},
		</if>
		<if test="productSize != null and productSize != ''">
			#{productSize},
		</if>
		<if test="productCountUnit != null and productCountUnit != ''">
			#{productCountUnit},
		</if>
		<if test="picFilePath != null and picFilePath != ''">
			#{picFilePath},
		</if>
		<if test="picFileName != null and picFileName != ''">
			#{picFileName},
		</if>
		<if test="productStock != null and productStock != ''">
			#{productStock},
		</if>
		<if test="productOnSale != null and productOnSale != ''">
			#{productOnSale},
		</if>
		<if test="productBatch != null and productBatch != ''">
			#{productBatch},
		</if>
		<if test="entryId != null and entryId !=''">
			#{entryId},
		</if>
		<if test="productType != null and productType !=''">
			#{productType},
		</if>
		<if test="standardLen != null and standardLen !=''">
			#{standardLen},
		</if>
		<if test="weightUnit != null and weightUnit !=''">
			#{weightUnit},
		</if>
		<if test="cost != null and cost !=''">
			#{cost},
		</if>
		<if test="createTime != null and createTime !=''">
			#{createTime},
		</if>
		<if test="shipFee != null and shipFee !=''">
			#{shipFee},
		</if>
		<if test="companyId != null and companyId !=''">
			#{companyId},
		</if>
		<if test="salesmanId != null and salesmanId !=''">
			#{salesmanId},
		</if>
		<if test="parentId != null and parentId !=''">
			#{parentId},
		</if>
		<if test="lastUpdateTime != null and lastUpdateTime !=''">
			#{lastUpdateTime},
		</if>
		<if test="rd1 != null and rd1 !=''">
			#{rd1},
		</if>
		<if test="rd2 != null and rd2 !=''">
			#{rd2},
		</if>
		<if test="rd3 != null and rd3 !=''">
			#{rd3},
		</if>
		<if test="rd4 != null and rd4 !=''">
			#{rd4},
		</if>
		<if test="rd5 != null and rd5 !=''">
			#{rd5},
		</if>
		<if test="rd6 != null and rd6 !=''">
			#{rd6},
		</if>
		<if test="rd7 != null and rd7 !=''">
			#{rd7},
		</if>
		<if test="rd8 != null and rd8 !=''">
			#{rd8},
		</if>
		<if test="rd9 != null and rd9 !=''">
			#{rd9},
		</if>
		<if test="rd10 != null and rd10 !=''">
			#{rd10},
		</if>
		<if test="rd11 != null and rd11 !=''">
			#{rd11},
		</if>
		<if test="rd12 != null and rd12 !=''">
			#{rd12},
		</if>
		<if test="rd13 != null and rd13 !=''">
			#{rd13},
		</if>
		<if test="rd14 != null and rd14 !=''">
			#{rd14},
		</if>
		<if test="rd15 != null and rd15 !=''">
			#{rd15},
		</if>
		<if test="rd16 != null and rd16 !=''">
			#{rd16},
		</if>
		<if test="rd17 != null and rd17 !=''">
			#{rd17},
		</if>
		<if test="rd18 != null and rd18 !=''">
			#{rd18},
		</if>
		<if test="rd19 != null and rd19 !=''">
			#{rd19},
		</if>
		<if test="rd20 != null and rd20 !=''">
			#{rd20},
		</if>
		<if test="rd21 != null and rd21 !=''">
			#{rd21},
		</if>
		<if test="rd22 != null and rd22 !=''">
			#{rd22},
		</if>
		<if test="rd23 != null and rd23 !=''">
			#{rd23},
		</if>
		<if test="rd24 != null and rd24 !=''">
			#{rd24},
		</if>
		<if test="rd25 != null and rd25 !=''">
			#{rd25},
		</if>
		<if test="rd26 != null and rd26 !=''">
			#{rd26},
		</if>
		<if test="rd27 != null and rd27 !=''">
			#{rd27},
		</if>
		<if test="rd28 != null and rd28 !=''">
			#{rd28},
		</if>
		<if test="rd29 != null and rd29 !=''">
			#{rd29},
		</if>
		<if test="rd30 != null and rd30 !=''">
			#{rd30},
		</if>
		#{productId},
		#{productCateGory}
		)
	</insert>
	<!-- 修改 单个产品信息 -->
	<update id="updateProductById">
		update
		scm_product_tbl set
		<if test="productName != null and productName != ''">
			productName=#{productName},
		</if>
		<if test="productPrice != null and productPrice != ''">
			price=#{productPrice},
		</if>
		<if test="productAddress != null and productAddress != ''">
			productAddress=#{productAddress},
		</if>
		<if test="productSize != null and productSize != ''">
			productSize=#{productSize},
		</if>
		<if test="productCountUnit != null and productCountUnit != ''">
			countUnit=#{productCountUnit},
		</if>
		<if test="picFileName != null and picFileName != ''">
			picFileName=#{picFileName},
		</if>
		<if test="picFilePath != null and picFilePath != ''">
			picFilePath=#{picFilePath},
		</if>
		<if test="productStock != null and productStock != ''">
			stock=#{productStock},
		</if>
		<if test="productOnSale != null and productOnSale != ''">
			onSale=#{productOnSale},
		</if>
		<if test="productBatch != null and productBatch != ''">
			batch=#{productBatch},
		</if>
		<if test="productCategory != null and productCategory != ''">
			categoryId=#{productCategory},
		</if>
		<if test="entryId != null and entryId !=''">
			entryId=#{entryId},
		</if>
		<if test="productType != null and productType !=''">
			productType=#{productType},
		</if>
		<if test="standardLen != null and standardLen !=''">
			standardLen=#{standardLen},
		</if>
		<if test="weightUnit != null and weightUnit !=''">
			weightUnit=#{weightUnit},
		</if>
		<if test="cost != null and cost !=''">
			cost=#{cost},
		</if>
		<if test="shipFee != null and shipFee !=''">
			shipFee=#{shipFee},
		</if>
		<if test="companyId != null and companyId !=''">
			companyId=#{companyId},
		</if>
		<if test="salesmanId != null and salesmanId !=''">
			salesmanId=#{salesmanId},
		</if>
		<if test="parentId != null and parentId !=''">
			parentId=#{parentId},
		</if>
		<if test="lastUpdateTime != null and lastUpdateTime !=''">
			lastUpdateTime=#{lastUpdateTime},
		</if>
		<if test="rd1 != null and rd1 !=''">
			rd1=#{rd1},
		</if>
		<if test="rd2 != null and rd2 !=''">
			rd2=#{rd2},
		</if>
		<if test="rd3 != null and rd3 !=''">
			rd3=#{rd3},
		</if>
		<if test="rd4 != null and rd4 !=''">
			rd4=#{rd4},
		</if>
		<if test="rd5 != null and rd5 !=''">
			rd5=#{rd5},
		</if>
		<if test="rd6 != null and rd6 !=''">
			rd6=#{rd6},
		</if>
		<if test="rd7 != null and rd7 !=''">
			rd7=#{rd7},
		</if>
		<if test="rd8 != null and rd8 !=''">
			rd8=#{rd8},
		</if>
		<if test="rd9 != null and rd9 !=''">
			rd9=#{rd9},
		</if>
		<if test="rd10 != null and rd10 !=''">
			rd10=#{rd10},
		</if>
		<if test="rd11 != null and rd11 !=''">
			rd11=#{rd11},
		</if>
		<if test="rd12 != null and rd12 !=''">
			rd12=#{rd12},
		</if>
		<if test="rd13 != null and rd13 !=''">
			rd13=#{rd13},
		</if>
		<if test="rd14 != null and rd14 !=''">
			rd14=#{rd14},
		</if>
		<if test="rd15 != null and rd15 !=''">
			rd15=#{rd15},
		</if>
		<if test="rd16 != null and rd16 !=''">
			rd16=#{rd16},
		</if>
		<if test="rd17 != null and rd17 !=''">
			rd17=#{rd17},
		</if>
		<if test="rd18 != null and rd18 !=''">
			rd18=#{rd18},
		</if>
		<if test="rd19 != null and rd19 !=''">
			rd19=#{rd19},
		</if>
		<if test="rd20 != null and rd20 !=''">
			rd20=#{rd20},
		</if>
		<if test="rd21 != null and rd21 !=''">
			rd21=#{rd21},
		</if>
		<if test="rd22 != null and rd22 !=''">
			rd22=#{rd22},
		</if>
		<if test="rd23 != null and rd23 !=''">
			rd23=#{rd23},
		</if>
		<if test="rd24 != null and rd24 !=''">
			rd24=#{rd24},
		</if>
		<if test="rd25 != null and rd25 !=''">
			rd25=#{rd25},
		</if>
		<if test="rd26 != null and rd26 !=''">
			rd26=#{rd26},
		</if>
		<if test="rd27 != null and rd27 !=''">
			rd27=#{rd27},
		</if>
		<if test="rd28 != null and rd28 !=''">
			rd28=#{rd28},
		</if>
		<if test="rd29 != null and rd29 !=''">
			rd29=#{rd29},
		</if>
		<if test="rd30 != null and rd30 !=''">
			rd30=#{rd30},
		</if>
		productId = #{productId}
		where productId=#{productId}
	</update>
	
	<!-- 删除产品信息 -->
	<delete id="deleteProductByid">
		delete from scm_product_tbl
		where productId in (
		<foreach collection="list" item="item" index="index"
			separator=",">
			#{item}
		</foreach>
		)
	</delete>

   	<!-- 产品分类信息维护相关sql by：yupan -->
   	<!-- 查询产品分类信息 -->
	<select id="getProCategory" resultType="hashmap">
		SELECT
		cgt.id,
		cgt.parentId AS pId,
		cgt.parentId AS parentId,
		cgt.level,
		cgt.title,
		concat(cgt.title, '(', cgt.id, ')') AS name,
		cgt.rd1,
		cgt.rd2,
		cgt.rd3,
		cgt.rd4
		FROM
		scm_category_tbl cgt
		WHERE
		cgt.delFlag = 1
	</select>
	<!-- 根据分类编号查询数据 -->
	<select id="getCategoryInfoById" resultType="hashmap">
		SELECT
		ct.id,
		ct.title,
		ct.hasChild,
		ct.`level`,
		ct.parentId,
		ct.rd1,
		ct.rd2,
		ct.rd3,
		ct.rd4
		FROM
		scm_category_tbl ct
		WHERE
		ct.id = #{categoryId}
		and ct.delFlag = 1
	</select>
	<!-- 添加产品分类信息 -->
	<insert id="addCategoryInfo">
		INSERT INTO scm_category_tbl
		(
		id,
		title,
		haschild,
		`LEVEL`,
		parentId,
		rd1,
		rd2,
		rd3,
		rd4
		)
		VALUES
		(
		#{categoryId},
		#{categoryName},
		#{hasChild},
		#{level},
		#{parentCategoryId},
		#{rd1},
		#{rd2},
		#{rd3},
		#{rd4}
		)
	</insert>
	<!-- 修改产品分类信息 -->
	<update id="updateCategoryInfo">
		UPDATE scm_category_tbl SET
		<if test="categoryName != null and categoryName != ''">
			title = #{categoryName},
		</if>
		<if test="delFlag != null and delFlag != ''">
			delFlag = #{delFlag},
		</if>
		<if test="hasChild != null and hasChild != ''">
			hasChild = #{hasChild},
		</if>
		<if test="level != null and level != ''">
			`level` = #{level},
		</if>
		<if test="parentCategoryId != null and parentCategoryId != ''">
			parentId = #{parentCategoryId},
		</if>
		<if test="rd1 != null and rd1 != ''">
			rd1 = #{rd1},
		</if>
		<if test="rd2 != null and rd2 != ''">
			rd2 = #{rd2},
		</if>
		<if test="rd3 != null and rd3 != ''">
			rd3 = #{rd3},
		</if>
		<if test="rd4 != null and rd4 != ''">
			rd4 = #{rd4},
		</if>
		id = #{categoryId}
		where id = #{categoryId}
	</update>
	<!-- 删除产品分类信息 -->
	<delete id="deleteCategoryInfo">
		DELETE FROM scm_category_tbl WHERE ID=#{categoryId}
	</delete>
	<!-- 修改与分类信息相关联的产品 -->
	<update id="updateProductCategoryId">
		UPDATE scm_product_tbl SET categoryId=NULL WHERE
		categoryId=#{categoryId}
	</update>

	<!-- 获取客户最常购买的产品 -->
	<select id="getOftenProList"  resultType="hashmap">
	 	SELECT
			opt.productId AS pId,
			opt.productId AS productId,
			count(opt.productId) AS num,
			ifnull(pt.productName, '') AS data1,
			ifnull(pt.productName, '') AS productName,
			ifnull(pt.productSize, '') AS data2,
			ifnull(pt.productSize, '') AS productSize,
			pt.standardLen,
			ot.companyId
		FROM
			scm_order_product_tbl opt
		JOIN scm_order_tbl ot ON ot.id = opt.orderId
		JOIN scm_product_tbl pt ON opt.productId = pt.productId
		WHERE
			ot.orderType = '00'
			AND pt.onSale= 1
			AND ot.userId = #{userId}
			AND ot.authorId = #{authorId}
		<if test = "queryTime != null and queryTime != ''" >
			AND DATE_FORMAT(opt.createTime,'%Y-%m-%d') <![CDATA[>=]]> #{queryTime}
		</if >
		<if test="companyId != null and companyId != ''">
			AND ot.companyId = #{companyId}
		</if>
		GROUP BY
			opt.productId
		ORDER BY
			num DESC
	</select>

	<!--  查询产品名称、产品规格等信息-->
	<select id="getProductsById" resultType="hashmap">
	   select opt.id, 
	   	      opt.productName, 
	   	      opt.productSize,
	   	      opt.rd1,
	   	      opt.stock,
	   	      opt.productId
		 from scm_product_tbl opt 
		where opt.productId in 
		<foreach item="item" index="index" collection="productId" open="(" separator="," close=")">
   			#{item}
		</foreach>
	</select>

	<!-- 清空scm_product_tmp_tbl表 -->
	<delete id="deleteSynProductTmpInfo">
	   	delete from scm_product_tmp_tbl
	</delete>
	
	<!-- 清空scm_product_tbl表 -->
	<delete id="deleteSynProductInfo">
	   	delete from scm_product_tbl
	</delete>

	<!-- 同步线程 往yg_product_tmp_tbl表批量插入数据 -->
	<insert id="insertSynProductTmpInfo" >
		insert into scm_product_tmp_tbl
		(
			productId,
			productName,
			productType,
			productSize,
			productAddress,
			batch,
			standardLen,
			countUnit,
			price,
			categoryId,
			companyId,
			createTime,
			entryId,
			weightUnit,
			onSale,
			stock,
			cost,
			picFilePath,
			picFileName,
			shipFee,
			salesmanId,
			parentId,
			rd1,rd2,rd3,rd4,rd5,rd6,rd7,rd8,
			rd9,rd10,rd11,rd12,rd13,rd14,rd15,
			rd16,rd17,rd18,rd19,rd20,rd21,rd22,rd23,
			rd24,rd25,rd26,rd27,rd28,rd29,rd30
		)
		values
		<foreach collection="list" item="item" index="index" separator=",">
			(
			#{item.productId},
			#{item.productName},
			#{item.productType},
			#{item.productSize},
			#{item.productAddress},
			#{item.batch},
			#{item.standardLen},
			#{item.countUnit},
			#{item.price},
			#{item.categoryId},
			#{item.companyId},
			#{item.createTime},
			#{item.entryId},
			#{item.weightUnit},
			#{item.onSale},
			#{item.stock},
			#{item.cost},
			#{item.picFilePath},
			#{item.picFileName},
			#{item.shipFee},
			#{item.salesmanId},
			#{item.parentId},
			#{item.rd1},#{item.rd2},#{item.rd3},#{item.rd4},#{item.rd5},#{item.rd6},#{item.rd7},#{item.rd8},
			#{item.rd9},#{item.rd10},#{item.rd11},#{item.rd12},#{item.rd13},#{item.rd14},#{item.rd15},
			#{item.rd16},#{item.rd17},#{item.rd18},#{item.rd19},#{item.rd20},#{item.rd21},#{item.rd22},
			#{item.rd23},#{item.rd24},#{item.rd25},#{item.rd26},#{item.rd27},#{item.rd28},#{item.rd29},#{item.rd30}
			)
		</foreach>						  
	</insert>
	
	<!-- 同步线程 将scm_product_tmp_tbl表数据复制到scm_product_tbl表 -->
	<insert id="insertSynProductInfo" > 
		INSERT INTO scm_product_tbl (
			productId,
			productName,
			productType,
			productSize,
			productAddress,
			batch,
			standardLen,
			countUnit,
			price,
			categoryId,
			companyId,
			createTime,
			entryId,
			weightUnit,
			onSale,
			stock,
			cost,
			picFilePath,
			picFileName,
			shipFee,			
			salesmanId,
			parentId,
			rd1,rd2,rd3,rd4,rd5,rd6,rd7,rd8,
			rd9,rd10,rd11,rd12,rd13,rd14,rd15,
			rd16,rd17,rd18,rd19,rd20,rd21,rd22,
			rd23,rd24,rd25,rd26,rd27,rd28,rd29,rd30
		) SELECT
			productId,
			productName,
			productType,
			productSize,
			productAddress,
			batch,
			standardLen,
			countUnit,			
			price,
			categoryId,
			companyId,
			createTime,
			entryId,
			weightUnit,
			onSale,
			stock,
			cost,
			picFilePath,
			picFileName,
			shipFee,
			salesmanId,
			parentId,
			rd1,rd2,rd3,rd4,rd5,rd6,rd7,rd8,
			rd9,rd10,rd11,rd12,rd13,rd14,rd15,
			rd16,rd17,rd18,rd19,rd20,rd21,rd22,rd23,
			rd24,rd25,rd26,rd27,rd28,rd29,rd30
		FROM
			scm_product_tmp_tbl
	</insert>
	
	<!-- 清空scm_category_tmp_tbl表 -->
	<delete id="deleteSynCategoryTmpInfo">
	   	delete from scm_category_tmp_tbl
	</delete>
	
	<!-- 清空scm_category_tbl表 -->
	<delete id="deleteSynCategoryInfo">
		delete from scm_category_tbl
	</delete>
	
	<!-- 同步线程 往scm_category_tmp_tbl表批量插入数据 -->
	<insert id="insertSynCategoryTmpInfo" >
		insert into scm_category_tmp_tbl
			(
				id,
				title,
				delFlag,
				parentId,
				level,
				hasChild,
				defaultChild,
				rd1,
				rd2,
				rd3,
				rd4
			)
		values
		<foreach collection="list" item="item" index="index" separator=",">
			(
				#{item.id},
				#{item.title},
				#{item.delFlag},
				#{item.parentId},
				#{item.level},
				#{item.hasChild},
				#{item.defaultChild},
				#{item.rd1},
				#{item.rd2},
				#{item.rd3},
				#{item.rd4}
			)
		</foreach>						  
	</insert>

	<!-- 同步线程 将scm_category_tmp_tbl表数据复制到scm_category_tbl表 -->
	<insert id="insertSynCategoryInfo" > 
		INSERT INTO scm_category_tbl (
			id,
			title,
			delFlag,
			parentId,
			level,
			hasChild,
			defaultChild,
			rd1,
			rd2,
			rd3,
			rd4
		) SELECT
			id,
			title,
			delFlag,
			parentId,
			level,
			hasChild,
			defaultChild,
			rd1,
			rd2,
			rd3,
			rd4
		FROM
			scm_category_tmp_tbl
	</insert>	
	
   <!-- 根据产品id更新产品价格  D00102接口调用 -->
   <update id="updateProPrice">
   		update scm_product_tbl 
   				<set>rd1 = #{taxPrice}</set> 
   			  where productId = #{productId}
   </update>
   
  <!-- 根据产品编号查询产品信息 add by yangf 2015-02-04 -->
  <select id="selectProductById" resultType="hashmap">
  		select p.* from scm_product_tbl p where p.productId = #{productId} and p.onSale='1'
  </select>
  
  <!-- 查找最大的产品id -->
  <select id="maxProductId" resultType="String">
		 SELECT
			productId
		 FROM
			scm_product_tbl
		 WHERE
			id = (SELECT max(id) FROM scm_product_tbl WHERE categoryId =#{productCateGory})
  </select>
  <select id="selectProductByCartId" resultType="hashmap">
	   select a.count,b.id as pid,b.id as id,a.productId FROM scm_cart_tbl as a join scm_product_tbl as b 
       on b.productId=a.productId 
       WHERE a.id in 
	   			<foreach item="item" index="index" collection="cartId" open="(" separator="," close=")">
        			#{item}
  				</foreach>
 			and a.userId = #{userId}
	     <if test="companyId!=null and companyId !=''">
	     	and a.companyId = #{companyId}
	     </if>
	    order by toDate desc
  </select>
  <select id="productRowLock" resultType="hashmap">
	   select id as pid ,id as id,productId,stock from scm_product_tbl where id in 
	    <foreach item="item" index="index" collection="pids" open="(" separator="," close=")">
        	#{item}
  		</foreach>
	    for update 
  </select>
  <update id="updateStock">
      update 
         scm_product_tbl set  
		 stock= stock-#{cartCount} 
       where  id = #{pid}
  </update>
  <select id="productPageByDatabase" resultMap="productEntity">
  		select 	
            pt.productId as productId,
            pt.productId as pId,
            pt.entryId,
            pt.picFilePath,
            pt.picFileName,
			pt.productName,
			pt.productType,
			pt.productSize,
			pt.productAddress,
			pt.batch,
			pt.countUnit,
			pt.weightUnit,
			pt.cost,
			pt.price,
			pt.categoryId,
			pt.companyId,
			DATE_FORMAT(
				pt.createTime,
				'%Y-%m-%d %T'
			) createTime,
            pt.stock,
            pt.onSale,
            pt.batch,
            pt.standardLen,
            pt.shipFee,
            pt.companyId,
            pt.salesmanId,
            pt.parentId,
            DATE_FORMAT(
				pt.lastUpdateTime,
				'%Y-%m-%d %T'
			) lastUpdateTime,
            pt.rd1,
	        pt.rd2,
	        pt.rd3,
	        pt.rd4,
	        pt.rd5,
	        pt.rd6,
	        pt.rd7,
	        pt.rd8,
	        pt.rd9,
	        pt.rd10,
	        pt.rd11,
	        pt.rd12,
	        pt.rd13,
	        pt.rd14,
	        pt.rd15,
	        pt.rd16,
	        pt.rd17,
	        pt.rd18,
	        pt.rd19,
	        pt.rd20,
	        pt.rd21,
	        pt.rd22,
	        pt.rd23,
	        pt.rd24,
	        pt.rd25,
	        pt.rd26,
	        pt.rd27,
	        pt.rd28,
	        pt.rd29,
	        pt.rd30
  from scm_product_tbl pt left join scm_category_tbl ct ON pt.categoryId = ct.id
  <choose>
		<when test="searchKey != null and searchKey != '' ">
			where (  pt.productSize like concat('%',#{searchKeyValue},'%') 
	     		or pt.productName like concat('%',#{searchKeyValue},'%') 
	    		or pt.productId like concat('%',#{searchKeyValue},'%') 
	    		<if test="searchList != null and searchList !=''">
			   	<foreach item="item" index="index" collection="searchList">
		        	or pt.${item} like concat('%',#{searchKeyValue},'%') 
		  		</foreach>
		 		</if>
	  	  	)
	  	  <if test="companyId!=null and companyId !=''">
	      		and pt.companyId like concat(#{companyId},'%') 
	  	  </if>
	  	  <if test="categoryId!=null and categoryId !=''">
	     	 and pt.categoryId like concat(#{categoryId},'%') 
	  	  </if>
	  	  <if test="onSale!=null and onSale !=''">
    		and pt.onSale = #{onSale} 
     	  </if>
     	       
       <if test="categoryIds != null and productIds == null">
			and pt.categoryId in 
			   	<foreach item="item" index="index" collection="categoryIds" open="(" separator="," close=")">
		        	#{item}
		  		</foreach>
		  </if>
		  
		  <if test="productIds != null and categoryIds == null">
			and pt.productId in 
			   	<foreach item="item" index="index" collection="productIds" open="(" separator="," close=")">
		        	#{item}
		  		</foreach>
		  </if>
		  
		  <if test="productIds != null and categoryIds != null">
			and (pt.productId in 
			   	<foreach item="item" index="index" collection="productIds" open="(" separator="," close=")">
		        	#{item}
		  		</foreach>
		  		or pt.categoryId in 
			   	<foreach item="item" index="index" collection="categoryIds" open="(" separator="," close=")">
		        	#{item}
		  		</foreach>
		  		)
		  </if>
		  <if test="CONDITION != null">
				and ${CONDITION}
		 </if>	
		</when>
		<otherwise>
			 where  1=1
      <if test="companyId!=null and companyId !=''">
	      and pt.companyId like concat(#{companyId},'%') 
	  </if>
	  
      <if test="categoryId!=null and categoryId !=''">
	      and pt.categoryId like concat(#{categoryId},'%') 
	  </if>
	  
      <if test="productId !=null and productId !=''">
	      and pt.productId like concat('%',#{productId},'%')
	  </if>
	  
      <if test="productName !=null and productName !=''">
	      and pt.productName like concat('%',#{productName},'%')
	  </if>
	  
	  <if test="productSize !=null and productSize !=''">
	      and pt.productSize like concat('%',#{productSize},'%')
	  </if>
	  
      <if test="productAddress !=null and productAddress !=''">
	      and pt.productAddress like concat('%',#{productAddress},'%')
	  </if>
	  
	  <if test="picFileName !=null and picFileName !=''">
	      and pt.picFileName like concat('%',#{picFileName},'%')
	  </if>
	  
      <if test="batch !=null and batch !=''">
	      and pt.batch like concat('%',#{batch},'%')
	  </if>
	  <if test="onSale!=null and onSale !=''">
    	and onSale = #{onSale} 
      </if>	
      
       <if test="categoryIds != null and productIds == null">
			and pt.categoryId in 
			   	<foreach item="item" index="index" collection="categoryIds" open="(" separator="," close=")">
		        	#{item}
		  		</foreach>
		  </if>
		  
		  <if test="productIds != null and categoryIds == null">
			and pt.productId in 
			   	<foreach item="item" index="index" collection="productIds" open="(" separator="," close=")">
		        	#{item}
		  		</foreach>
		  </if>
		  
		  <if test="productIds != null and categoryIds != null">
			and (pt.productId in 
			   	<foreach item="item" index="index" collection="productIds" open="(" separator="," close=")">
		        	#{item}
		  		</foreach>
		  		or pt.categoryId in 
			   	<foreach item="item" index="index" collection="categoryIds" open="(" separator="," close=")">
		        	#{item}
		  		</foreach>
		  		)
		  </if>
		  <if test="CONDITION != null">
				and ${CONDITION}
		 </if>	
		</otherwise>
  </choose>
   
    order by pt.id asc
    
  </select>
  
  <select id="getProductListByPic" resultMap="productEntity">
  		select 	
            pt.productId as productId,
            pt.productId as pId,
            pt.picFilePath,
            pt.picFileName,
			pt.productName,
			pt.productType,
			pt.productSize,
			pt.productAddress,
			pt.batch,
			pt.countUnit,
			pt.price,
			pt.categoryId,
			pt.companyId,
			DATE_FORMAT(
				pt.createTime,
				'%Y-%m-%d %T'
			) createTime,
            pt.stock,
            pt.onSale,
            pt.batch,
            pt.standardLen,
            pt.companyId,
            pt.rd1,
	        pt.rd2,
	        pt.rd3,
	        pt.rd4,
	        pt.rd5,
	        pt.rd6,
	        pt.rd7,
	        pt.rd8,
	        pt.rd9,
	        pt.rd10,
	        pt.rd11,
	        pt.rd12,
	        pt.rd13,
	        pt.rd14,
	        pt.rd15,
	        pt.rd16,
	        pt.rd17,
	        pt.rd18,
	        pt.rd19,
	        pt.rd20,
	        pt.rd21,
	        pt.rd22,
	        pt.rd23,
	        pt.rd24,
	        pt.rd25,
	        pt.rd26,
	        pt.rd27,
	        pt.rd28,
	        pt.rd29,
	        pt.rd30
  from scm_product_tbl pt left join scm_category_tbl ct ON pt.categoryId = ct.id
    where  1=1
      <if test="companyId!=null and companyId !=''">
	      and (pt.companyId like concat(#{companyId},'%') or pt.companyId = #{companyId})
	  </if>
	  
      <if test="categoryId!=null and categoryId !=''">
	      and (pt.categoryId like concat(#{categoryId},'%') or ct.parentId = #{categoryId})
	  </if>
	  
      <if test="productId !=null and productId !=''">
	      and pt.productId like concat('%',#{productId},'%')
	  </if>
	  
      <if test="productName !=null and productName !=''">
	      and pt.productName like concat('%',#{productName},'%')
	  </if>
	  
	  <if test="productSize !=null and productSize !=''">
	      and pt.productSize like concat('%',#{productSize},'%')
	  </if>
	  
      <if test="productAddress !=null and productAddress !=''">
	      and pt.productAddress like concat('%',#{productAddress},'%')
	  </if>
	  
	  <if test="picFileName !=null and picFileName !=''">
	      and pt.picFileName like concat('%',#{picFileName},'%')
	  </if>
	  
      <if test="batch !=null and batch !=''">
	      and pt.batch like concat('%',#{batch},'%')
	  </if>
	  <if test="onSale!=null and onSale !=''">
    	and onSale = #{onSale}
      </if>
      and pt.picFilePath is not null	
    order by pt.id asc 
  </select>
  
  <!-- 根据 分类ID，查询其子分类相关信息-->
  <select id="getCategoryInfo" resultType="hashmap">
  		SELECT
			ct.id,
			ct.title,
			ct.hasChild,
			ct.`level`,
			ct.parentId,
			ct.rd1,
			ct.rd2,
			ct.rd3,
			ct.rd4
		FROM
			scm_category_tbl ct
		WHERE
			ct.delFlag = 1
		<if test="level != null and level != ''">
			and ct.`level` = #{level}
		</if>
		<if test="categoryId != null and categoryId != ''">
			and ct.parentId = #{categoryId}
		</if>
  </select>
  
  <!-- 查询分类最多有多少级 -->
  <select id="getMCategoryMaxLevel" resultType="string">
  		select MAX(`level`) from scm_category_tbl
  </select>
  
	<select id="getProductInfoByCategoryId" resultType="hashmap">
			SELECT
				productId,
				productName,
				productType,
				productSize,
				productAddress,
				batch,
				standardLen,
				countUnit,
				weightUnit,
				onSale,
				stock,
				cost,
				price,
				categoryId,
				createTime,
				picFilePath,
				picFileName,
				shipFee,
				companyId,
				salesmanId,
				parentId,
				lastUpdateTime,
				rd1,
				rd2,
				rd3,
				rd4,
				rd5,
				rd6,
				rd7,
				rd8,
				rd9,
				rd10,
				rd11,
				rd12,
				rd13,
				rd14,
				rd15,
				rd16,
				rd17,
				rd18,
				rd19,
				rd20,
				rd21,
				rd22,
				rd23,
				rd24,
				rd25,
				rd26,
				rd27,
				rd28,
				rd29,
				rd30
				
			FROM
				scm_product_tbl pt
			WHERE
				1 = 1
				<if test="categoryIds != null">
			   		and pt.categoryId in 
			   			<foreach item="item" index="index" collection="categoryIds" open="(" separator="," close=")">
		        			#{item}
		  				</foreach>
		  		</if>
	</select>
	
	<select id="checkProductId" resultType="Map">
	  select *
	  from scm_product_tbl
	  where 1=1
	  <if test="productId != null and productId != ''">
			  and productId=#{productId}
	  </if>
    </select>
	
	<select id="checkProductFields" resultType="int">
		select count(productId)
		from scm_product_tbl
		where 1=1
			<if test="ProductName != null and ProductName != ''">
			  and productName=#{ProductName}
			</if>
			<if test="Price != null and Price != ''">
			  and price=#{Price}
			</if>
			<if test="ProductAddress != null">
			  and productAddress=#{ProductAddress}
			</if>
			<if test="ProductSize != null">
			  and productSize=#{ProductSize}
			</if>
			<if test="ProductCountUnit != null">
			  and countUnit=#{ProductCountUnit}
			</if>
			<if test="ProductStock != null and ProductStock != ''">
			  and stock=#{ProductStock}
			</if>
			<if test="ProductOnSale != null and ProductOnSale != ''">
			  and onSale=#{ProductOnSale}
			</if>
			<if test="ProductBatch != null">
			  and batch=#{ProductBatch}
			</if>
			<if test="productCategory != null">
			  and categoryId=#{ProductCategory}
			</if>
	</select>
	
	<select id="getProductOnSale" resultMap="productEntity">
		select p.*
		from scm_product_tbl p
		where p.onSale=1
			<if test="productIdList != null">
	   			and p.productId in 
	   			<foreach item="item" index="index" collection="productIdList" open="(" separator="," close=")">
        			#{item}
  				</foreach>
  			</if>
	</select>
	
	
	<!--获取经销商可购买的产品-->
  <select id="getLimitProduct" resultType="hashmap">
  		SELECT
			categoryId,
			productId
		FROM
			scm_product_customer_tbl 
		WHERE
			customerId = #{customerId}
  </select>
  
  
  <!-- 清空scm_product_customer_tbl表 -->
	<delete id="deleteProductCustomer">
	   	delete from scm_product_customer_tbl
	</delete>
	
	<!-- 清空scm_product_customer_tmp_tbl表 -->
	<delete id="deleteProductCustomerTmp">
	   	delete from scm_product_customer_tmp_tbl
	</delete>
	
	<!-- 同步线程 往scm_product_customer_tmp_tbl表批量插入数据 -->
	<insert id="insertSynProductCustomerTmpInfo" >
		insert into scm_product_customer_tmp_tbl
		(
			categoryId,
			productId,
			customerId,
			createTime,
			lastUpdateTime,
			rsv1,
			rsv2,
			rsv3,
			rd1,rd2,rd3
		)
		values
		<foreach collection="list" item="item" index="index" separator=",">
			(
			#{item.categoryId},
			#{item.productId},
			#{item.customerId},
			#{item.createTime},
			#{item.lastUpdateTime},
			#{item.rsv1},
			#{item.rsv2},
			#{item.rsv3},
			#{item.rd1},#{item.rd2},#{item.rd3}
			)
		</foreach>						  
	</insert>
	
	<!-- 同步线程 将scm_materials_tmp_tbl表数据复制到scm_materials_tbl表 -->
	<insert id="insertSynProductCustomerInfo" > 
		INSERT INTO scm_product_customer_tbl (
			categoryId,
			productId,
			customerId,
			createTime,
			lastUpdateTime,
			rsv1,
			rsv2,
			rsv3,
			rd1,rd2,rd3
		) SELECT
			categoryId,
			productId,
			customerId,
			createTime,
			lastUpdateTime,
			rsv1,
			rsv2,
			rsv3,
			rd1,rd2,rd3
		FROM
			scm_product_customer_tmp_tbl
	</insert>
	
	<resultMap type="com.ultimate.common.ProductEntity" id="productEntity">
	</resultMap>
	
</mapper>