<?xml version="1.0" encoding="UTF-8"?>
<!DOCTYPE mapper
  PUBLIC "-//mybatis.org//DTD Mapper 3.0//EN"
    "http://mybatis.org/dtd/mybatis-3-mapper.dtd">
    
  <mapper namespace="invoiceCart">
    
    
    <!-- 查询结账清单产品信息 -->
   <select id="selectSettleOrderProduct"  resultType="hashmap">
SELECT
			a.*,
		<choose>
			<when test="useTotalCount != null and useTotalCount != '' ">
				SUM(a.detailCount) as count,
				SUM(a.rd7) AS totalAmount,
				SUM(
					IFNULL(a.detailCount, 0) - IFNULL(a.rd4, 0) - IFNULL(a.rd5, 0)
				) AS ableCount,
				SUM(
					IFNULL(a.rd7, 0) - IFNULL(a.rd8, 0) - IFNULL(a.rd9, 0)
				) AS ableAmount,
				SUM(a.rd5) as veriCount,
 				SUM(a.rd4) as unveriCount,
 				SUM(a.rd9) as veriAmount,
 				SUM(a.rd8) as unveriAmount
			</when>
			<otherwise>
				a.detailCount as count
			</otherwise>
		</choose>

FROM
	(
		SELECT
			pp.id,
			pp.productId,
			pp.wareHouse,
			pp.entryId,
			pp.stockId,
			pp.detailStatus,
			pp.orderId,
			pp.orderNo,
			pp.otherNo,
			pp.purOrderEntry,
			pp.productEntry,
			pp.productName,
			pp.model,
			pp.specification,
			pp.productAddress,
			pp.batch,
			pp.standardLen,
			date_Format(
				pp.toDate,
				'%Y-%m-%d %H:%i:%S '
			) AS toDate,
			pp.count AS detailCount,
			pp.weight,
			pp.countUnit,
			pp.currency,
			pp.arrangedQty,
			pp.affirmQty,
			pp.commitQty,
			pp.cost,
			pp.price,
			pp.note,
			pp.taxRate,
			pp.taxAmount,
			pp.rd1,
			pp.rd2,
			pp.rd3,
			pp.rd4,
			pp.rd5,
			pp.rd6,
			pp.rd7,
			pp.rd8,
			pp.rd9,
			pp.rd10,
			pp.rd11,
			pp.rd12,
			pp.rd13,
			pp.rd14,
			pp.rd15,
			pp.rd16,
			pp.rd17,
			pp.rd18,
			pp.rd19,
			pp.rd20,
			pp.rd21,
			pp.rd22,
			pp.rd23,
			pp.rd24,
			pp.rd25,
			pp.rd26,
			pp.rd27,
			pp.rd28,
			pp.rd29,
			pp.rd30,
			po.authorId,
			po.salesmanId,
			po.userId,
			po.customerId,
			DATE_FORMAT(
				po.lastUpdateTime,
				'%Y-%m-%d'
			) lastUpdateTime
		FROM
			scm_checklist_product_tbl AS pp
		LEFT JOIN scm_checklist_tbl AS po ON pp.orderId = po.orderId
		WHERE
		<!-- 
			<![CDATA[pp.rd6 > 0]]>
			 -->
			<![CDATA[IFNULL(pp.count, 0) - IFNULL(pp.rd4, 0) - IFNULL(pp.rd5, 0) > 0]]>
			and po.userId = #{userId}
			<if test="entryId != null and entryId != ''">
			and pp.entryId in 
			<foreach item="item" index="index" collection="entryId" open="(" separator="," close=")">
	        	#{item}
	  		</foreach> 
	  		</if>
	  		<if test="CONDITION != null">
				and ${CONDITION}
			</if>
			) a
			<if test="useGroupBy != null">
	  		group by a.productId,a.price,a.currency
	  		</if>
				ORDER BY
 				a.productId
   </select>
   
   
   
   
   
   <!-- 添加产品信息到发料车表  -->
  <insert id="addUserCart" >
	insert into scm_invoicecart_tbl (	                      
	                            productId,
	                            entryId,
								hashCode,
								checkId,
								orderNo,
								otherNo,
								detailStatus,				
								productName,
								productType,
								productSize,
								productAddress,
								batch,
								standardLen,
								weight,
								countUnit,
								weightUnit,
								count,
								price,
								amount,
								drewAmount,
								auditAmount,
								inputAmount,
								note,
								toDate,
								taxRate,
								taxAmount,
								authorId,
								salesmanId,
								userId,
								customerId,
								companyId,
								lastUpdateTime,
								currency,
								createTime,
								rd1,
								rd2,
								rd3,
								rd4,
								rd5,
								rd6,
								rd7,
								rd8,
								rd9,
								rd10,
								rd11,
								rd12,
								rd13,
								rd14,
								rd15,
								rd16,
								rd17,
								rd18,
								rd19,
								rd20,
								rd21,
								rd22,
								rd23,
								rd24,
								rd25,
								rd26,
								rd27,
								rd28,
								rd29,
								rd30)
					   values(
							  #{productId},	
							  #{entryId},
							  #{hashCode},
							  #{stockId},	
							  #{orderNo},
							  #{otherNo},
							  #{detailStatus},							  							
							  #{productName},
							  #{productType},
							  #{productSize},
							  #{productAddress},
							  #{batch},
							  #{standardLen},
							  #{weight},
							  #{countUnit},
							  #{weightUnit},
							  #{count},
							  #{price},
							  #{amount},
							  #{drewAmount},
							  #{auditAmount},
							  #{inputAmount},
							  #{note},
							  #{toDate},
							  #{taxRate},
							  #{taxAmount},
							  #{authorId},
							  #{salesmanId},
							  #{userId},
							  #{customerId},
							  #{companyId},
							  #{lastUpdateTime},
							  #{currency},
							  #{createTime},
							  #{rd1},
							  #{rd2},
							  #{rd3},
							  #{rd4},
							  #{rd5},
							  #{rd6},
							  #{rd7},
							  #{rd8},
							  #{rd9},
							  #{rd10},
							  #{rd11},
							  #{rd12},
							  #{rd13},
							  #{rd14},
							  #{rd15},
							  #{rd16},
							  #{rd17},
							  #{rd18},
							  #{rd19},
							  #{rd20},
							  #{rd21},
							  #{rd22},
							  #{rd23},
							  #{rd24},
							  #{rd25},
							  #{rd26},
							  #{rd27},
							  #{rd28},
							  #{rd29},
							  #{rd30})
   </insert>
   
   <!-- 新增发票明细  -->
  <insert id="insertPurchaseProduct" >
	insert into scm_purchase_product_tbl (	                      
	                            productId,
	                            entryId,
								detailStatus,
								orderId,
								deliveryId,				
								stockId,
								productEntry,
								purchaseId,
								productName,
								productType,
								productSize,
								productAddress,
								wareHouse,
								batch,
								standardLen,
								count,
								weight,
								countUnit,
								weightUnit,
								cost,
								price,
								amount,
								note,
								toDate,
								stockDate,
								taxRate,
								taxAmount,
								rd1,
								rd2,
								rd3,
								rd4,
								rd5,
								rd6,
								rd7,
								rd8,
								rd9,
								rd10,
								rd11,
								rd12,
								rd13,
								rd14,
								rd15,
								rd16,
								rd17,
								rd18,
								rd19,
								rd20,
								rd21,
								rd22,
								rd23,
								rd24,
								rd25,
								rd26,
								rd27,
								rd28,
								rd29,
								rd30)
					   values(
							  	#{productId},
	                            #{entryId},
								#{detailStatus},
								#{orderId},
								#{deliveryId},				
								#{stockId},
								#{productEntry},
								#{purchaseId},
								#{productName},
								#{productType},
								#{productSize},
								#{productAddress},
								#{wareHouse},
								#{batch},
								#{standardLen},
								#{count},
								#{weight},
								#{countUnit},
								#{weightUnit},
								#{cost},
								#{price},
								#{amount},
								#{note},
								#{toDate},
								#{stockDate},
								#{taxRate},
								#{taxAmount},
							  #{purNo},
							  #{purNum},
							  #{rd3},
							  #{rd4},
							  #{rd5},
							  #{rd6},
							  #{rd7},
							  #{rd8},
							  #{rd9},
							  #{rd10},
							  #{rd11},
							  #{rd12},
							  #{rd13},
							  #{rd14},
							  #{rd15},
							  #{rd16},
							  #{rd17},
							  #{rd18},
							  #{rd19},
							  #{rd20},
							  #{rd21},
							  #{rd22},
							  #{rd23},
							  #{rd24},
							  #{rd25},
							  #{rd26},
							  #{rd27},
							  #{rd28},
							  #{rd29},
							  #{rd30})
   </insert>
   
   
   
   <!-- 新增发票主体 -->
  <insert id="insertPurchaseInfo" >
  		<selectKey resultType="java.lang.Integer" order="AFTER" keyProperty="id" >
			select LAST_INSERT_ID() as id
		</selectKey>
	insert into scm_purchase_tbl (	                      
	                            purchaseNo,
								purchaseDate,				
								totalAmount,
								marker,
								markerId,
								userId,
								customerId,
								note,
								purchaseStatus,
								companyId,
								companyName,
								lastUpdateTime,
								rd1,
								rd2,
								rd3,
								rd4,
								rd5,
								rd6,
								rd7,
								rd8,
								rd9,
								rd10,
								rd11,
								rd12,
								rd13,
								rd14,
								rd15,
								rd16)
					   values(
							  	#{purchaseNo},
								#{purchaseDate},				
								#{totalAmount},
								#{marker},
								#{markerId},
								#{userId},
								#{customerId},
								#{note},
								#{purchaseStatus},
								#{companyId},
								#{companyName},
								#{lastUpdateTime},
							  #{rd1},
							  #{currency},
							  #{purchaseCode},
							  #{rd4},
							  #{rd5},
							  #{rd6},
							  #{rd7},
							  #{rd8},
							  #{rd9},
							  #{rd10},
							  #{rd11},
							  #{rd12},
							  #{rd13},
							  #{rd14},
							  #{rd15},
							  #{rd16})
   </insert>
  
    
    
    
    
 <!-- 获取发料车信息 -->
 <select id="searchCartProduct" resultType="hashmap"> 	     
          SELECT  
          			<!--  SUM(IFNULL((IFNULL(op.amount,0)-IFNULL(op.auditAmount,0)-IFNULL(op.drewAmount,0)),0)) as  inputAmountTotal,
		            SUM(IFNULL(op.drewAmount,0)) as  drewAmountTotal,
		            SUM(IFNULL(op.auditAmount,0)) as  auditAmountTotal,
		            SUM(IFNULL(op.amount,0)) as  amountTotal,
		            SUM(IFNULL(op.count,0)) as totalCount,
		            SUM(IFNULL(op.weight,0)) as totalWeight,-->
			<if test="isGroupHashCode != null and isGroupHashCode != '' ">
				SUM(dct.rd3) as totalCount,
				SUM(dct.rd7) AS totalAmount,
				SUM(
					IFNULL(dct.rd3, 0) - IFNULL(dct.rd4, 0) - IFNULL(dct.rd5, 0)
				) AS ableCount,
				SUM(
					IFNULL(dct.rd7, 0) - IFNULL(dct.rd8, 0) - IFNULL(dct.rd9, 0)
				) AS ableAmount,
				SUM(dct.rd5) as veriCount,
 				SUM(dct.rd4) as unveriCount,
 				SUM(dct.rd9) as veriAmount,
 				SUM(dct.rd8) as unveriAmount,
			</if>
		            dct.checkId,
 	                dct.productId,	   
 	                dct.entryId,            
					dct.hashCode,								
					dct.orderNo,								
					dct.otherNo,								
					dct.productName,
					dct.productType,
					dct.productSize,
					dct.productAddress,
					dct.batch,
					dct.standardLen,
					dct.count,
					dct.amount,
					dct.weight,
					dct.countUnit,
					dct.weightUnit,
					dct.price,
					dct.note,
					date_Format(dct.toDate,'%Y-%m-%d %H:%i:%S ') as toDate, 
					dct.taxRate,
					dct.taxAmount,
					dct.authorId,
					dct.salesmanId,
					dct.userId,
					dct.customerId,
					dct.companyId,
					dct.currency,
					dct.createTime,
					date_format(dct.lastUpdateTime,'%Y-%m-%d') lastUpdateTime,
					dct.rd1,
					dct.rd2,
					dct.rd3,
					dct.rd4,
					dct.rd5,
					dct.rd6,
					dct.rd7,
					dct.rd8,
					dct.rd9,
					dct.rd10,
					dct.rd11,
					dct.rd12,
					dct.rd13,
					dct.rd14,
					dct.rd15,
					dct.rd16,
					dct.rd17,
					dct.rd18,
					dct.rd19,
					dct.rd20,
					dct.rd21,
					dct.rd22,
					dct.rd23,
					dct.rd24,
					dct.rd25,
					dct.rd26,
					dct.rd27,
					dct.rd28,
					dct.rd29,
				    dct.rd30
	  FROM scm_invoicecart_tbl dct
		<where>
			1=1
		<if test="userId != null">
			and dct.userId = #{userId}
		</if>
			<if test="userIds != null">
				and dct.userId IN
				<foreach item="item" index="index" collection="userIds"
					open="(" separator="," close=")">
					#{item}
				</foreach>
			</if>
			<if test="cartIds != null">
				and dct.id IN
				<foreach item="item" index="index" collection="cartIds"
					open="(" separator="," close=")">
					#{item}
				</foreach>
			</if>
			<if test="hashCodes != null">
				and dct.hashCode IN
				<foreach item="item" index="index" collection="hashCodes"
					open="(" separator="," close=")">
					#{item}
				</foreach>
			</if>
			<if test="CONDITION != null">
				and ${CONDITION}
			</if>
		</where>
		<if test="isGroupHashCode != null">
			GROUP BY dct.hashCode
		</if>
		<choose>
			<when test="useOrderbyNum != null and useOrderbyNum != '' ">
				ORDER BY
 				dct.hashCode,dct.rd12
			</when>
			<otherwise>
				order by dct.createTime desc
			</otherwise>
		</choose>

 </select>
 
    <!-- 删除发料车中的产品信息-->
   <delete id="deleteCartPro">
   		delete from scm_invoicecart_tbl where hashCode in  
		   	<foreach item="item" index="index" collection="hashCodes" open="(" separator="," close=")">
	        	#{item}
	  		</foreach> 
	  		    and userId=#{userId}
   </delete>
   
    <!--修改发票车明细信息-->
   <update id="updateInCart">
   		update scm_checklist_product_tbl set rd20=#{inCart} where id=#{id}
   </update>
   <!--更新结账清单明细信息-->
   <update id="updateCheckListProduct">
   		update scm_checklist_product_tbl 
   		set rd20=#{inCart},rd4= IFNULL(rd4,0) + #{purchaseCount}
   		where orderNo=#{purNo} and rd11=#{purNum}
   </update>
   
    <!--修改发票车信息-->
   <update id="updateCartInfo">
   		update sh_checkcart_tbl set 
		<if test="thisCount != null">
			rd6 = #{thisCount},
		</if>
		<if test="thisAmount != null">
			rd10 = #{thisAmount}
		</if>
   		where hashCode=#{hashCode}
   </update>
	

 	
    </mapper>