<?xml version="1.0" encoding="UTF-8"?>
<!DOCTYPE mapper
  PUBLIC "-//mybatis.org//DTD Mapper 3.0//EN"
    "http://mybatis.org/dtd/mybatis-3-mapper.dtd">

<mapper namespace="standardPurchaseOrder">
		<!-- 获取采购订单数据  -->
	<select id="getPurchaseOrder" resultType="com.ultimate.common.PurOrderEntity">
		SELECT 
			scm_poorder_tbl.id,
			scm_poorder_tbl.orderNo,
			DATE_FORMAT(
				scm_poorder_tbl.createTime,
				'%Y-%m-%d %T'
			) createTime,
			DATE_FORMAT(
				scm_poorder_tbl.createTime,
				'%Y-%m-%d'
			) createDate,
			DATE_FORMAT(
				scm_poorder_tbl.orderTime,
				'%Y-%m-%d'
			) orderTime,
			DATE_FORMAT(
				scm_poorder_tbl.confirmTime,
				'%Y-%m-%d'
			) confirmTime,
			scm_poorder_tbl.orderStatus,
			scm_poorder_tbl.erp_orderStatus,
			scm_poorder_tbl.orderType,
			scm_poorder_tbl.orderSource,
			scm_poorder_tbl.compactNo,
			scm_poorder_tbl.companyId,
			scm_poorder_tbl.address,
			scm_poorder_tbl.remark,
			scm_poorder_tbl.orderAmount orderAmount,
			scm_poorder_tbl.orderAmount totalTaxValue,
			scm_poorder_tbl.shippingMethod,
			scm_poorder_tbl.shippingFee,
			scm_poorder_tbl.deposit,
			scm_poorder_tbl.userId,
			scm_poorder_tbl.customerId,
			scm_poorder_tbl.oldOrderId,
			scm_poorder_tbl.parentId,
			scm_poorder_tbl.hasChild,
			scm_poorder_tbl.authorId,
			scm_poorder_tbl.salesmanId,
			scm_poorder_tbl.modifierId,
			DATE_FORMAT(
				scm_poorder_tbl.lastUpdateTime,
				'%Y-%m-%d %T'
			) lastUpdateTime,
			scm_poorder_tbl.deliveryStatus,
			scm_poorder_tbl.note,
			scm_poorder_tbl.rd1,
			scm_poorder_tbl.rd2,
			scm_poorder_tbl.rd3,
			scm_poorder_tbl.rd4,
			scm_poorder_tbl.rd5,
			scm_poorder_tbl.rd6,
			scm_poorder_tbl.rd7,
			scm_poorder_tbl.rd8,
			scm_poorder_tbl.rd9,
			scm_poorder_tbl.rd10,
			scm_poorder_tbl.rd11,
			scm_poorder_tbl.rd12,
			scm_poorder_tbl.rd13,
			scm_poorder_tbl.rd14,
			scm_poorder_tbl.rd15,
			scm_poorder_tbl.rd16,
			scm_poorder_tbl.hrsv1,
			scm_poorder_tbl.hrsv2,
			scm_poorder_tbl.hrsv3,
			scm_company_tbl.companyName,
			scm_account_tbl.userName
		FROM scm_poorder_tbl 
		LEFT JOIN scm_company_tbl  ON scm_poorder_tbl.companyId = scm_company_tbl.companyId
		LEFT JOIN scm_account_tbl  ON scm_poorder_tbl.userId=scm_account_tbl.id
		<if test="searchForDelivery != null and searchForDelivery != ''">
			LEFT JOIN scm_poorder_product_tbl ON scm_poorder_tbl.id = scm_poorder_product_tbl.poorderId
		</if>
		WHERE 1=1
		<if test="userId != null and userId != ''">
			AND scm_poorder_tbl.userId = #{userId}
		</if>
		<if test="userIds != null">
				and scm_poorder_tbl.userId in
				<foreach item="item" index="index" collection="userIds" open="(" separator="," close=")">
				 	#{item}
				</foreach>
			</if>
		<if test="searchForDelivery != null and searchForDelivery != ''">
			AND IFNULL(scm_poorder_product_tbl.count,0) > IFNULL(scm_poorder_product_tbl.arrangedCount,0)
			AND scm_poorder_product_tbl.detailStatus = '1'		
		</if>
		<if test="orderType != null and orderType != ''">
				AND scm_poorder_tbl.orderType = #{orderType} 
		</if>
		
		<if test="CONDITION != null">
			AND ${CONDITION}
		</if>
		GROUP BY scm_poorder_tbl.id
		ORDER BY scm_poorder_tbl.createTime desc
	</select>
	
	<select id="getUndonePurchaseOrder" resultType="com.ultimate.common.PurOrderEntity">
		SELECT 
			scm_poorder_tbl.id,
			scm_poorder_tbl.orderNo,
			DATE_FORMAT(
				scm_poorder_tbl.createTime,
				'%Y-%m-%d %T'
			) createTime,
			DATE_FORMAT(
				scm_poorder_tbl.createTime,
				'%Y-%m-%d'
			) createDate,
			DATE_FORMAT(
				scm_poorder_tbl.orderTime,
				'%Y-%m-%d'
			) orderTime,
			DATE_FORMAT(
				scm_poorder_tbl.confirmTime,
				'%Y-%m-%d'
			) confirmTime,
			scm_poorder_tbl.orderStatus,
			scm_poorder_tbl.erp_orderStatus,
			scm_poorder_tbl.orderType,
			scm_poorder_tbl.orderSource,
			scm_poorder_tbl.compactNo,
			scm_poorder_tbl.companyId,
			scm_poorder_tbl.address,
			scm_poorder_tbl.remark,
			scm_poorder_tbl.orderAmount orderAmount,
			scm_poorder_tbl.orderAmount totalTaxValue,
			scm_poorder_tbl.shippingMethod,
			scm_poorder_tbl.shippingFee,
			scm_poorder_tbl.deposit,
			scm_poorder_tbl.userId,
			scm_poorder_tbl.customerId,
			scm_poorder_tbl.oldOrderId,
			scm_poorder_tbl.parentId,
			scm_poorder_tbl.hasChild,
			scm_poorder_tbl.authorId,
			scm_poorder_tbl.salesmanId,
			scm_poorder_tbl.modifierId,
			DATE_FORMAT(
				scm_poorder_tbl.lastUpdateTime,
				'%Y-%m-%d %T'
			) lastUpdateTime,
			scm_poorder_tbl.deliveryStatus,
			scm_poorder_tbl.note,
			scm_poorder_tbl.rd1,
			scm_poorder_tbl.rd2,
			scm_poorder_tbl.rd3,
			scm_poorder_tbl.rd4,
			scm_poorder_tbl.rd5,
			scm_poorder_tbl.rd6,
			scm_poorder_tbl.rd7,
			scm_poorder_tbl.rd8,
			scm_poorder_tbl.rd9,
			scm_poorder_tbl.rd10,
			scm_poorder_tbl.rd11,
			scm_poorder_tbl.rd12,
			scm_poorder_tbl.rd13,
			scm_poorder_tbl.rd14,
			scm_poorder_tbl.rd15,
			scm_poorder_tbl.rd16,
			scm_poorder_tbl.hrsv1,
			scm_poorder_tbl.hrsv2,
			scm_poorder_tbl.hrsv3,
			scm_company_tbl.companyName,
			scm_account_tbl.userName
		FROM scm_poorder_tbl 
		LEFT JOIN scm_company_tbl  ON scm_poorder_tbl.companyId = scm_company_tbl.companyId
		LEFT JOIN scm_account_tbl  ON scm_poorder_tbl.userId=scm_account_tbl.id
		RIGHT JOIN scm_poorder_product_tbl ON scm_poorder_product_tbl.poorderId = scm_poorder_tbl.id
		<where>
			<if test="userId != null and userId != ''">
				AND scm_poorder_tbl.userId = #{userId}
			</if>
			<if test="userIds != null">
				AND scm_poorder_tbl.userId IN
				<foreach item="item" index="index" collection="userIds" open="(" separator="," close=")">
				 	#{item}
				</foreach>
			</if>
			<if test="CONDITION != null">
				AND ${CONDITION}
			</if>
		</where>
		GROUP BY scm_poorder_tbl.id
		ORDER BY scm_poorder_tbl.createTime desc
	</select>
	
	
	
	<!-- 根据采购订单编号查询采购订产品详情数据 -->
	<select id="doGetPurchaseOrderDetail" resultType="com.ultimate.common.PurOrderProductEntity">
		select
			ppt.id,
			ppt.productId,
			ppt.poorderId,
			ppt.entryId,
			ppt.orderNo,
			ppt.orderEntry,
			ppt.detailStatus,
			ppt.wareHouse,
			ppt.productName,
			ppt.productType,
			ppt.productSize,
			ppt.productAddress,
			ppt.batch,
			ppt.standardLen,
			ppt.count,
			ppt.commitQty,
			ppt.arrangedCount,
			ppt.weight,
			ppt.countUnit,
			ppt.weightUnit,
			ppt.cost,
			ppt.price,
			ppt.amount,
			ppt.realPrice AS realPrice,
			ppt.note,
			DATE_FORMAT(
				ppt.toDate,
				'%Y-%m-%d'
			) toDate,
			ppt.companyId,
			ppt.taxRate,
			ppt.taxAmount,
			ppt.hashCode,
			ppt.deliveryStatus,
			DATE_FORMAT(ppt.deliveryDate,'%Y-%m-%d') AS deliveryDate,
			ppt.deliveryStatus AS detailDeliveryStatus,
			DATE_FORMAT(ppt.deliveryDate,'%Y-%m-%d') AS detailDeliveryDate,
			ppt.confirmCount,
			ppt.inwayQty,
			ppt.settlementQty,
			ppt.erp_detail_orderStatus,
			ppt.rsv1,
			ppt.rsv2,
			ppt.rsv3,
			ppt.rd1,
			ppt.rd2,
			ppt.rd3,
			ppt.rd4,
			ppt.rd5,
			ppt.rd6,
			ppt.rd7,
			ppt.rd8,
			ppt.rd9,
			ppt.rd10,
			ppt.rd11,
			ppt.rd12,
			ppt.rd13,
			ppt.rd14,
			ppt.rd15,
			ppt.rd16,
			ppt.rd17,
			ppt.rd18,
			ppt.rd19,
			ppt.rd20,
			ppt.rd21,
			ppt.rd22,
			ppt.rd23,
			ppt.rd24,
			ppt.rd25,
			ppt.rd26,
			ppt.rd27,
			ppt.rd28,
			ppt.rd29,
			ppt.rd30			
		from scm_poorder_product_tbl ppt
		where ppt.poorderId=#{purchaseOrderId}
	</select>
	
	
	<!-- 根据采购订单编号 和行号查询采购订单详情数据 -->
	<select id="getPurchaseOrderDetailByEntry" resultType="hashmap">
		select
			ppt.id,
			ppt.productId,
			ppt.poorderId,
			ppt.entryId,
			ppt.orderNo,
			ppt.orderEntry,
			ppt.detailStatus,
			ppt.wareHouse,
			ppt.productName,
			ppt.productType,
			ppt.productSize,
			ppt.productAddress,
			ppt.batch,
			ppt.standardLen,
			ppt.count,
			ppt.commitQty,
			ppt.arrangedCount,
			ppt.weight,
			ppt.countUnit,
			ppt.weightUnit,
			ppt.cost,
			ppt.price,
			ppt.amount,
			ppt.realPrice AS realPrice,
			ppt.note,
			DATE_FORMAT(
				ppt.toDate,
				'%Y-%m-%d'
			) toDate,
			ppt.companyId,
			ppt.taxRate,
			ppt.taxAmount,
			ppt.hashCode,
			ppt.deliveryStatus,
			DATE_FORMAT(ppt.deliveryDate,'%Y-%m-%d') AS deliveryDate,
			ppt.deliveryStatus AS detailDeliveryStatus,
			DATE_FORMAT(ppt.deliveryDate,'%Y-%m-%d') AS detailDeliveryDate,
			ppt.confirmCount,
			ppt.inwayQty,
			ppt.settlementQty,
			ppt.rd1,
			ppt.rd2,
			ppt.rd3,
			ppt.rd4,
			ppt.rd5,
			ppt.rd6,
			ppt.rd7,
			ppt.rd8,
			ppt.rd9,
			ppt.rd10,
			ppt.rd11,
			ppt.rd12,
			ppt.rd13,
			ppt.rd14,
			ppt.rd15,
			ppt.rd16,
			ppt.rd17,
			ppt.rd18,
			ppt.rd19,
			ppt.rd20,
			ppt.rd21,
			ppt.rd22,
			ppt.rd23,
			ppt.rd24,
			ppt.rd25,
			ppt.rd26,
			ppt.rd27,
			ppt.rd28,
			ppt.rd29,
			ppt.rd30,
			ppt.rsv1,
			ppt.rsv2,
			ppt.rsv3						
		from scm_poorder_product_tbl ppt
		where ppt.poorderId=#{poorderId}
		AND ppt.orderEntry = #{purOrderEntry}
	</select>
	
	<!--  查询订单状态信息 -->
	<select id="getPurOrderStatus" resultType="hashmap">
		select 
			id, ot.orderStatus
		from 
			scm_poorder_tbl ot 
		where
			ot.orderNo = #{orderNo} and orderType != #{orderType}
	</select>
	
	<!--  查询订单信息 -->
	<select id="getPurOrderInfo" resultType="hashmap">
		select 
			*
		from 
			scm_poorder_tbl ot 
		where
			ot.orderNo = #{orderNo} and orderType = #{orderType}
	</select>
	
	<!-- 查询总订单信息 -->
	<select id = "getParentPoorderInfo" resultType = "hashmap">
		select 
			ot.id,
			ot.orderNo,
			ot.orderStatus,
			ot.erp_orderStatus,
			ot.orderType,
			ot.orderSource,
			ot.compactNo,
			ot.companyId,
			ot.address,
			ot.remark,
			ot.orderAmount,
			ot.shippingMethod,
			ot.shippingFee,
			ot.deposit,
			ot.userId,
			ot.customerId,
			ot.oldOrderId,
			ot.parentId,
			ot.hasChild,
			ot.authorId,
			ot.salesmanId
		from 
			scm_poorder_tbl ot
		where
			ot.orderNo = #{parentOrderNo} and ot.orderType = '00'
	</select>
	
	<!-- 插入采购订单信息 -->
	<insert id="insertPoorderInfo" >
		<selectKey resultType="java.lang.Long" order="AFTER" keyProperty="id" >
			select LAST_INSERT_ID() as id
		</selectKey>
		INSERT INTO 
			scm_poorder_tbl 
			(
				orderNo
				<if test="createTime !=null and createTime !=''">,createTime</if>
				<if test="orderTime !=null and orderTime !=''">,orderTime</if>
				<if test="confirmTime !=null and confirmTime !=''">,confirmTime</if>
				<if test="orderStatus !=null and orderStatus !=''">,orderStatus</if>
				<if test="erp_orderStatus !=null and erp_orderStatus !=''">,erp_orderStatus</if>
				<if test="orderType !=null and orderType !=''">,orderType</if>
				<if test="orderSource !=null and orderSource !=''">,orderSource</if>
				<if test="compactNo !=null and compactNo !=''">,compactNo</if>
				<if test="companyId !=null and companyId !=''">,companyId</if>
				<if test="address !=null and address !=''">,address</if>
				<if test="note !=null and note !=''">,note</if>
				<if test="remark !=null and remark !=''">,remark</if>
				<if test="orderAmount !=null and orderAmount !=''">,orderAmount</if>
				<if test="shippingMethod !=null and shippingMethod !=''">,shippingMethod</if>
				<if test="shippingFee !=null and shippingFee !=''">,shippingFee</if>
				<if test="deposit !=null and deposit !=''">,deposit</if>
				<if test="userId !=null and userId !=''">,userId</if>
				<if test="customerId !=null and customerId !=''">,customerId</if>
				<if test="oldOrderId !=null and oldOrderId !=''">,oldOrderId</if>
				<if test="parentId !=null and parentId !=''">,parentId</if>
				<if test="hasChild !=null and hasChild !=''">,hasChild</if>
				<if test="authorId !=null and authorId !=''">,authorId</if>
				<if test="salesmanId !=null and salesmanId !=''">,salesmanId</if>
				<if test="modifierId !=null and modifierId !=''">,modifierId</if>
				<if test="lastUpdateTime !=null and lastUpdateTime !=''">,lastUpdateTime</if>
				<if test="deliveryStatus !=null and deliveryStatus !=''">,deliveryStatus</if>
				<if test="rd1 !=null and rd1 !=''">,rd1</if>
				<if test="rd2 !=null and rd2 !=''">,rd2</if>
				<if test="rd3 !=null and rd3 !=''">,rd3</if>
				<if test="rd4 !=null and rd4 !=''">,rd4</if>
				<if test="rd5 !=null and rd5 !=''">,rd5</if>
				<if test="rd6 !=null and rd6 !=''">,rd6</if>
				<if test="rd7 !=null and rd7 !=''">,rd7</if>
				<if test="rd8 !=null and rd8 !=''">,rd8</if>
				<if test="rd9 !=null and rd9 !=''">,rd9</if>
				<if test="rd10 !=null and rd10 !=''">,rd10</if>
				<if test="rd11 !=null and rd11 !=''">,rd11</if>
				<if test="rd12 !=null and rd12 !=''">,rd12</if>
				<if test="rd13 !=null and rd13 !=''">,rd13</if>
				<if test="rd14 !=null and rd14 !=''">,rd14</if>
				<if test="rd15 !=null and rd15 !=''">,rd15</if>
				<if test="rd16 !=null and rd16 !=''">,rd16</if>
				<if test="hrsv1 !=null and hrsv1 !=''">,hrsv1</if>
				<if test="hrsv2 !=null and hrsv2 !=''">,hrsv2</if>
				<if test="hrsv3 !=null and hrsv3 !=''">,hrsv3</if>				
			)
		Values
			(
				#{orderNo}
				<if test="createTime !=null and createTime !=''">,#{createTime}</if>
				<if test="orderTime !=null and orderTime !=''">,#{orderTime}</if>
				<if test="confirmTime !=null and confirmTime !=''">,#{confirmTime}</if>
				<if test="orderStatus !=null and orderStatus !=''">,#{orderStatus}</if>
				<if test="erp_orderStatus !=null and erp_orderStatus !=''">,#{erp_orderStatus}</if>
				<if test="orderType !=null and orderType !=''">,#{orderType}</if>
				<if test="orderSource !=null and orderSource !=''">,#{orderSource}</if>
				<if test="compactNo !=null and compactNo !=''">,#{compactNo}</if>
				<if test="companyId !=null and companyId !=''">,#{companyId}</if>
				<if test="address !=null and address !=''">,#{address}</if>
				<if test="note !=null and note !=''">,#{note}</if>
				<if test="remark !=null and remark !=''">,#{remark}</if>
				<if test="orderAmount !=null and orderAmount !=''">,#{orderAmount}</if>
				<if test="shippingMethod !=null and shippingMethod !=''">,#{shippingMethod}</if>
				<if test="shippingFee !=null and shippingFee !=''">,#{shippingFee}</if>
				<if test="deposit !=null and deposit !=''">,#{deposit}</if>
				<if test="userId !=null and userId !=''">,#{userId}</if>
				<if test="customerId !=null and customerId !=''">,#{customerId}</if>
				<if test="oldOrderId !=null and oldOrderId !=''">,#{oldOrderId}</if>
				<if test="parentId !=null and parentId !=''">,#{parentId}</if>
				<if test="hasChild !=null and hasChild !=''">,#{hasChild}</if>
				<if test="authorId !=null and authorId !=''">,#{authorId}</if>
				<if test="salesmanId !=null and salesmanId !=''">,#{salesmanId}</if>
				<if test="modifierId !=null and modifierId !=''">,#{modifierId}</if>
				<if test="lastUpdateTime !=null and lastUpdateTime !=''">,#{lastUpdateTime}</if>
				<if test="deliveryStatus !=null and deliveryStatus !=''">,#{deliveryStatus}</if>
				<if test="rd1 !=null and rd1 !=''">,#{rd1}</if>
				<if test="rd2 !=null and rd2 !=''">,#{rd2}</if>
				<if test="rd3 !=null and rd3 !=''">,#{rd3}</if>
				<if test="rd4 !=null and rd4 !=''">,#{rd4}</if>
				<if test="rd5 !=null and rd5 !=''">,#{rd5}</if>
				<if test="rd6 !=null and rd6 !=''">,#{rd6}</if>
				<if test="rd7 !=null and rd7 !=''">,#{rd7}</if>
				<if test="rd8 !=null and rd8 !=''">,#{rd8}</if>
				<if test="rd9 !=null and rd9 !=''">,#{rd9}</if>
				<if test="rd10 !=null and rd10 !=''">,#{rd10}</if>
				<if test="rd11 !=null and rd11 !=''">,#{rd11}</if>
				<if test="rd12 !=null and rd12 !=''">,#{rd12}</if>
				<if test="rd13 !=null and rd13 !=''">,#{rd13}</if>
				<if test="rd14 !=null and rd14 !=''">,#{rd14}</if>
				<if test="rd15 !=null and rd15 !=''">,#{rd15}</if>
				<if test="rd16 !=null and rd16 !=''">,#{rd16}</if>
				<if test="hrsv1 !=null and hrsv1 !=''">,#{hrsv1}</if>
				<if test="hrsv2 !=null and hrsv2 !=''">,#{hrsv2}</if>
				<if test="hrsv3 !=null and hrsv3 !=''">,#{hrsv3}</if>

			)
	</insert>
	<!-- 更新采购订单信息 -->
	<update id="updatePoorderInfo">
		UPDATE 
			scm_poorder_tbl
		SET 
			lastUpdateTime=sysdate()
			<if test="createTime !=null and createTime !=''">,createTime=#{createTime}</if>
			<if test="orderTime !=null and orderTime !=''">,orderTime=#{orderTime}</if>
			<if test="confirmTime !=null and confirmTime !=''">,confirmTime=#{confirmTime}</if>
			<if test="orderStatus !=null and orderStatus !=''">,orderStatus=#{orderStatus}</if>
			<if test="erp_orderStatus !=null and erp_orderStatus !=''">,erp_orderStatus=#{erp_orderStatus}</if>
			<if test="orderType !=null and orderType !=''">,orderType=#{orderType}</if>
			<if test="orderSource !=null and orderSource !=''">,orderSource=#{orderSource}</if>
			<if test="compactNo !=null and compactNo !=''">,compactNo=#{compactNo}</if>
			<if test="companyId !=null and companyId !=''">,companyId=#{companyId}</if>
			<if test="address !=null and address !=''">,address=#{address}</if>
			<if test="note !=null and note !=''">,note=#{note}</if>
			<if test="remark !=null and remark !=''">,remark=#{remark}</if>
			<if test="orderAmount !=null and orderAmount !=''">,orderAmount=#{orderAmount}</if>
			<if test="shippingMethod !=null and shippingMethod !=''">,shippingMethod=#{shippingMethod}</if>
			<if test="shippingFee !=null and shippingFee !=''">,shippingFee=#{shippingFee}</if>
			<if test="deposit !=null and deposit !=''">,deposit=#{deposit}</if>
			<if test="userId !=null and userId !=''">,userId=#{userId}</if>
			<if test="customerId !=null and customerId !=''">,customerId=#{customerId}</if>
			<if test="oldOrderId !=null and oldOrderId !=''">,oldOrderId=#{oldOrderId}</if>
			<if test="parentId !=null and parentId !=''">,parentId=#{parentId}</if>
			<if test="hasChild !=null and hasChild !=''">,hasChild=#{hasChild}</if>
			<if test="authorId !=null and authorId !=''">,authorId=#{authorId}</if>
			<if test="salesmanId !=null and salesmanId !=''">,salesmanId=#{salesmanId}</if>
			<if test="modifierId !=null and modifierId !=''">,modifierId=#{modifierId}</if>
			<if test="deliveryStatus !=null and deliveryStatus !=''">,deliveryStatus=#{deliveryStatus}</if>
			<if test="rd1 !=null and rd1 !=''">,rd1=#{rd1}</if>
			<if test="rd2 !=null and rd2 !=''">,rd2=#{rd2}</if>
			<if test="rd3 !=null and rd3 !=''">,rd3=#{rd3}</if>
			<if test="rd4 !=null and rd4 !=''">,rd4=#{rd4}</if>
			<if test="rd5 !=null and rd5 !=''">,rd5=#{rd5}</if>
			<if test="rd6 !=null and rd6 !=''">,rd6=#{rd6}</if>
			<if test="rd7 !=null and rd7 !=''">,rd7=#{rd7}</if>
			<if test="rd8 !=null and rd8 !=''">,rd8=#{rd8}</if>
			<if test="rd9 !=null and rd9 !=''">,rd9=#{rd9}</if>
			<if test="rd10 !=null and rd10 !=''">,rd10=#{rd10}</if>
			<if test="rd11 !=null and rd11 !=''">,rd11=#{rd11}</if>
			<if test="rd12 !=null and rd12 !=''">,rd12=#{rd12}</if>
			<if test="rd13 !=null and rd13 !=''">,rd13=#{rd13}</if>
			<if test="rd14 !=null and rd14 !=''">,rd14=#{rd14}</if>
			<if test="rd15 !=null and rd15 !=''">,rd15=#{rd15}</if>
			<if test="rd16 !=null and rd16 !=''">,rd16=#{rd16}</if>
			<if test="hrsv1 !=null and hrsv1 !=''">,hrsv1=#{hrsv1}</if>
			<if test="hrsv2 !=null and hrsv2 !=''">,hrsv2=#{hrsv2}</if>
			<if test="hrsv3 !=null and hrsv3 !=''">,hrsv3=#{hrsv3}</if>
		WHERE
			id = #{id}
	</update>
	
	<!-- 更新采购订单的状态  -->
	<update id="updatePoorderStatus">
		UPDATE 
			scm_poorder_tbl
		<set>
			lastUpdateTime=sysdate() 
			,confirmTime=sysdate()
			<if test="orderStatus !=null and orderStatus !=''">,orderStatus=#{orderStatus}</if>
			<if test="erp_orderStatus !=null and erp_orderStatus !=''">,erp_orderStatus=#{erp_orderStatus}</if>
		</set>
		WHERE
			id = #{purchaseOrderId}
		OR
			parentId = #{parentId}
	</update>
	
	<!-- 更新采购订单的状态1  -->
	<update id="updatePoorderStatus1">
		UPDATE 
			scm_poorder_tbl
		set
			lastUpdateTime=sysdate(), 
			confirmTime=sysdate(),
			orderStatus=#{orderStatus},
			erp_orderStatus = #{erp_orderStatus}
		WHERE
			id = #{purchaseOrderId}
	</update>
	
	<!-- 删除对应的采购订单产品数据 -->
	<delete id="deletePoorderProductInfo">
		DELETE FROM scm_poorder_product_tbl WHERE poorderId=#{purchaseOrderId}
	</delete>
	
	<!-- 插入采购订单产品数据 -->
	<insert id="insertPoorderProductInfo">
		INSERT INTO scm_poorder_product_tbl(
			productId
			<if test="entryId !=null and entryId !=''">,entryId</if>
			<if test="poorderId !=null and poorderId !=''">,poorderId</if>
			<if test="orderNo !=null and orderNo !=''">,orderNo</if>
			<if test="orderEntry !=null and orderEntry !=''">,orderEntry</if>
			<if test="detailStatus !=null and detailStatus !=''">,detailStatus</if>
			<if test="deliveryStatus !=null and deliveryStatus !=''">,deliveryStatus</if>
			<if test="deliveryDate !=null and deliveryDate !=''">,deliveryDate</if>
			<if test="wareHouse !=null and wareHouse !=''">,wareHouse</if>
			<if test="productName !=null and productName !=''">,productName</if>
			<if test="productType !=null and productType !=''">,productType</if>
			<if test="productSize !=null and productSize !=''">,productSize</if>
			<if test="productAddress !=null and productAddress !=''">,productAddress</if>
			<if test="batch !=null and batch !=''">,batch</if>
			<if test="standardLen !=null and standardLen !=''">,standardLen</if>
			<if test="count !=null and count !=''">,count</if>
			<if test="confirmCount !=null and confirmCount !=''">,confirmCount</if>
			<if test="inwayQty !=null and inwayQty !=''">,inwayQty</if>
			<if test="commitQty !=null and commitQty !=''">,commitQty</if>
			<if test="arrangedCount !=null and arrangedCount !=''">,arrangedCount</if>
			<if test="settlementQty !=null and settlementQty !=''">,settlementQty</if>
			<if test="weight !=null and weight !=''">,weight</if>
			<if test="countUnit !=null and countUnit !=''">,countUnit</if>
			<if test="weightUnit !=null and weightUnit !=''">,weightUnit</if>
			<if test="cost !=null and cost !=''">,cost</if>
			<if test="price !=null and price !=''">,price</if>
			<if test="amount !=null and amount !=''">,amount</if>
			<if test="realPrice !=null and realPrice !=''">,realPrice</if>
			<if test="note !=null and note !=''">,note</if>
			<if test="toDate !=null and toDate !=''">,toDate</if>
			<if test="companyId !=null and companyId !=''">,companyId</if>
			<if test="taxRate !=null and taxRate !=''">,taxRate</if>
			<if test="taxAmount !=null and taxAmount !=''">,taxAmount</if>
			<if test="inCart !=null and inCart !=''">,inCart</if>
			<if test="hashCode !=null and hashCode !=''">,hashCode</if>
			
			<if test="erp_detail_orderStatus !=null and erp_detail_orderStatus !=''">,erp_detail_orderStatus</if>
			<if test="rsv1 !=null and rsv1 !=''">,rsv1</if>
			<if test="rsv2 !=null and rsv2 !=''">,rsv2</if>
			<if test="rsv3 !=null and rsv3 !=''">,rsv3</if>
			
			<if test="rd1 !=null and rd1 !=''">,rd1</if>
			<if test="rd2 !=null and rd2 !=''">,rd2</if>
			<if test="rd3 !=null and rd3 !=''">,rd3</if>
			<if test="rd4 !=null and rd4 !=''">,rd4</if>
			<if test="rd5 !=null and rd5 !=''">,rd5</if>
			<if test="rd6 !=null and rd6 !=''">,rd6</if>
			<if test="rd7 !=null and rd7 !=''">,rd7</if>
			<if test="rd8 !=null and rd8 !=''">,rd8</if>
			<if test="rd9 !=null and rd9 !=''">,rd9</if>
			<if test="rd10 !=null and rd10 !=''">,rd10</if>
			<if test="rd11 !=null and rd11 !=''">,rd11</if>
			<if test="rd12 !=null and rd12 !=''">,rd12</if>
			<if test="rd13 !=null and rd13 !=''">,rd13</if>
			<if test="rd14 !=null and rd14 !=''">,rd14</if>
			<if test="rd15 !=null and rd15 !=''">,rd15</if>
			<if test="rd16 !=null and rd16 !=''">,rd16</if>
			<if test="rd17 !=null and rd17 !=''">,rd17</if>
			<if test="rd18 !=null and rd18 !=''">,rd18</if>
			<if test="rd19 !=null and rd19 !=''">,rd19</if>
			<if test="rd20 !=null and rd20 !=''">,rd20</if>
			<if test="rd21 !=null and rd21 !=''">,rd21</if>
			<if test="rd22 !=null and rd22 !=''">,rd22</if>
			<if test="rd23 !=null and rd23 !=''">,rd23</if>
			<if test="rd24 !=null and rd24 !=''">,rd24</if>
			<if test="rd25 !=null and rd25 !=''">,rd25</if>
			<if test="rd26 !=null and rd26 !=''">,rd26</if>
			<if test="rd27 !=null and rd27 !=''">,rd27</if>
			<if test="rd28 !=null and rd28 !=''">,rd28</if>
			<if test="rd29 !=null and rd29 !=''">,rd29</if>
			<if test="rd30 !=null and rd30 !=''">,rd30</if>
									
			
		)Values(
			#{productId}
			<if test="entryId !=null and entryId !=''">,#{entryId}</if>
			<if test="poorderId !=null and poorderId !=''">,#{poorderId}</if>
			<if test="orderNo !=null and orderNo !=''">,#{orderNo}</if>
			<if test="orderEntry !=null and orderEntry !=''">,#{orderEntry}</if>
			<if test="detailStatus !=null and detailStatus !=''">,#{detailStatus}</if>
			<if test="deliveryStatus !=null and deliveryStatus !=''">,#{deliveryStatus}</if>
			<if test="deliveryDate !=null and deliveryDate !=''">,#{deliveryDate}</if>
			<if test="wareHouse !=null and wareHouse !=''">,#{wareHouse}</if>
			<if test="productName !=null and productName !=''">,#{productName}</if>
			<if test="productType !=null and productType !=''">,#{productType}</if>
			<if test="productSize !=null and productSize !=''">,#{productSize}</if>
			<if test="productAddress !=null and productAddress !=''">,#{productAddress}</if>
			<if test="batch !=null and batch !=''">,#{batch}</if>
			<if test="standardLen !=null and standardLen !=''">,#{standardLen}</if>
			<if test="count !=null and count !=''">,#{count}</if>
			<if test="confirmCount !=null and confirmCount !=''">,#{confirmCount}</if>
			<if test="inwayQty !=null and inwayQty !=''">,#{inwayQty}</if>
			<if test="commitQty !=null and commitQty !=''">,#{commitQty}</if>
			<if test="arrangedCount !=null and arrangedCount !=''">,#{arrangedCount}</if>
			<if test="settlementQty !=null and settlementQty !=''">,#{settlementQty}</if>
			<if test="weight !=null and weight !=''">,#{weight}</if>
			<if test="countUnit !=null and countUnit !=''">,#{countUnit}</if>
			<if test="weightUnit !=null and weightUnit !=''">,#{weightUnit}</if>
			<if test="cost !=null and cost !=''">,#{cost}</if>
			<if test="price !=null and price !=''">,#{price}</if>
			<if test="amount !=null and amount !=''">,#{amount}</if>
			<if test="realPrice !=null and realPrice !=''">,#{realPrice}</if>
			<if test="note !=null and note !=''">,#{note}</if>
			<if test="toDate !=null and toDate !=''">,#{toDate}</if>
			<if test="companyId !=null and companyId !=''">,#{companyId}</if>
			<if test="taxRate !=null and taxRate !=''">,#{taxRate}</if>
			<if test="taxAmount !=null and taxAmount !=''">,#{taxAmount}</if>
			<if test="inCart !=null and inCart !=''">,#{inCart}</if>
			<if test="hashCode !=null and hashCode !=''">,#{hashCode}</if>
			
			<if test="erp_detail_orderStatus !=null and erp_detail_orderStatus !=''">,#{erp_detail_orderStatus}</if>
			<if test="rsv1 !=null and rsv1 !=''">,#{rsv1}</if>
			<if test="rsv2 !=null and rsv2 !=''">,#{rsv2}</if>
			<if test="rsv3 !=null and rsv3 !=''">,#{rsv3}</if>
			
			<if test="rd1 !=null and rd1 !=''">,#{rd1}</if>
			<if test="rd2 !=null and rd2 !=''">,#{rd2}</if>
			<if test="rd3 !=null and rd3 !=''">,#{rd3}</if>
			<if test="rd4 !=null and rd4 !=''">,#{rd4}</if>
			<if test="rd5 !=null and rd5 !=''">,#{rd5}</if>
			<if test="rd6 !=null and rd6 !=''">,#{rd6}</if>
			<if test="rd7 !=null and rd7 !=''">,#{rd7}</if>
			<if test="rd8 !=null and rd8 !=''">,#{rd8}</if>
			<if test="rd9 !=null and rd9 !=''">,#{rd9}</if>
			<if test="rd10 !=null and rd10 !=''">,#{rd10}</if>
			<if test="rd11 !=null and rd11 !=''">,#{rd11}</if>
			<if test="rd12 !=null and rd12 !=''">,#{rd12}</if>
			<if test="rd13 !=null and rd13 !=''">,#{rd13}</if>
			<if test="rd14 !=null and rd14 !=''">,#{rd14}</if>
			<if test="rd15 !=null and rd15 !=''">,#{rd15}</if>
			<if test="rd16 !=null and rd16 !=''">,#{rd16}</if>
			<if test="rd17 !=null and rd17 !=''">,#{rd17}</if>
			<if test="rd18 !=null and rd18 !=''">,#{rd18}</if>
			<if test="rd19 !=null and rd19 !=''">,#{rd19}</if>
			<if test="rd20 !=null and rd20 !=''">,#{rd20}</if>
			<if test="rd21 !=null and rd21 !=''">,#{rd21}</if>
			<if test="rd22 !=null and rd22 !=''">,#{rd22}</if>
			<if test="rd23 !=null and rd23 !=''">,#{rd23}</if>
			<if test="rd24 !=null and rd24 !=''">,#{rd24}</if>
			<if test="rd25 !=null and rd25 !=''">,#{rd25}</if>
			<if test="rd26 !=null and rd26 !=''">,#{rd26}</if>
			<if test="rd27 !=null and rd27 !=''">,#{rd27}</if>
			<if test="rd28 !=null and rd28 !=''">,#{rd28}</if>
			<if test="rd29 !=null and rd29 !=''">,#{rd29}</if>
			<if test="rd30 !=null and rd30 !=''">,#{rd30}</if>
		
		)
	</insert>
	
	<!-- 更新采购订单表的字段 -->
	<update id="updatePoorderFields">
		update
			scm_poorder_tbl
		set
			hasChild = 1
		where
			id=#{id}
	</update>
	<!-- 修改采购订单物料的交期 -->
	<update id="updatePoorderPorductField">
		UPDATE 
			scm_poorder_product_tbl
		SET 
			toDate = #{toDate}
		WHERE
			id = #{id}
			<!--
		AND 
			productId = #{productId}
			-->
		AND 
			poorderId = #{orderId}	
	</update>
	
	
		<!-- 按物料查询所有的订单及物料信息 -->
	<select id="getPurOrderProductList" resultType="com.ultimate.common.PurOrderProductEntity">
		SELECT
			scm_poorder_product_tbl.id,
			scm_poorder_product_tbl.productId,
			scm_poorder_product_tbl.poorderId,
			scm_poorder_product_tbl.orderNo,
			scm_poorder_product_tbl.orderEntry,
			scm_poorder_product_tbl.detailStatus,
			scm_poorder_product_tbl.erp_detail_orderStatus,
			scm_poorder_product_tbl.deliveryStatus,
			scm_poorder_product_tbl.wareHouse,
			scm_poorder_product_tbl.productName,
			scm_poorder_product_tbl.productType,
			scm_poorder_product_tbl.productSize,
			scm_poorder_product_tbl.productAddress,
			scm_poorder_product_tbl.batch,
			scm_poorder_product_tbl.standardLen,
			DATE_FORMAT(scm_poorder_product_tbl.deliveryDate, '%Y-%m-%d %T') deliveryDate,
			A.count,
			A.surplusCount,
			A.arrangedCount,
			IFNULL( scm_poorder_product_tbl.inwayQty,0) as inwayQty,
			IFNULL( scm_poorder_product_tbl.commitQty,0) as commitQty,
			<!-- IFNULL((scm_poorder_product_tbl.count-IFNULL(scm_poorder_product_tbl.arrangedCount,0)),0) as surplusCount, -->
			<!-- IFNULL(scm_poorder_product_tbl.arrangedCount,0) arrangedCount,-->
			IFNULL( scm_poorder_product_tbl.weight,0) as weight,
			scm_poorder_product_tbl.countUnit,
			IFNULL( scm_poorder_product_tbl.inCart,0) as inCart,
			scm_poorder_product_tbl.weightUnit,
			scm_poorder_product_tbl.cost,
			scm_poorder_product_tbl.price,
			scm_poorder_product_tbl.amount,
			scm_poorder_product_tbl.realPrice AS realPrice,
			scm_poorder_product_tbl.note,
			DATE_FORMAT(scm_poorder_product_tbl.toDate, '%Y-%m-%d') toDate,
			scm_poorder_product_tbl.companyId,
			scm_poorder_product_tbl.taxRate,
			scm_poorder_product_tbl.taxAmount,
			scm_poorder_product_tbl.deliveryStatus as detailDeliveryStatus,
			DATE_FORMAT(scm_poorder_product_tbl.deliveryDate, '%Y-%m-%d') as detailDeliveryDate,
			scm_poorder_product_tbl.confirmCount,
			scm_poorder_product_tbl.settlementQty,
			scm_poorder_product_tbl.rd1, scm_poorder_product_tbl.rd2, scm_poorder_product_tbl.rd3, scm_poorder_product_tbl.rd4, scm_poorder_product_tbl.rd5, scm_poorder_product_tbl.rd6, scm_poorder_product_tbl.rd7, scm_poorder_product_tbl.rd8, scm_poorder_product_tbl.rd9, scm_poorder_product_tbl.rd10, 
			scm_poorder_product_tbl.rd11, scm_poorder_product_tbl.rd12, scm_poorder_product_tbl.rd13, scm_poorder_product_tbl.rd14, scm_poorder_product_tbl.rd15, scm_poorder_product_tbl.rd16, scm_poorder_product_tbl.rd17, scm_poorder_product_tbl.rd18, scm_poorder_product_tbl.rd19,
			scm_poorder_product_tbl.rd20, scm_poorder_product_tbl.rd21, scm_poorder_product_tbl.rd22, scm_poorder_product_tbl.rd23, scm_poorder_product_tbl.rd24, scm_poorder_product_tbl.rd25, scm_poorder_product_tbl.rd26, scm_poorder_product_tbl.rd27, scm_poorder_product_tbl.rd28, 
			scm_poorder_product_tbl.rd29, scm_poorder_product_tbl.rd30, 
			DATE_FORMAT(
				scm_poorder_tbl.createTime,
				'%Y-%m-%d %T'
			) createTime,
			DATE_FORMAT(scm_poorder_tbl.createTime, '%Y-%m-%d') createDate,
			DATE_FORMAT(
				scm_poorder_tbl.orderTime,
				'%Y-%m-%d'
			) orderTime,
			DATE_FORMAT(
				scm_poorder_tbl.confirmTime,
				'%Y-%m-%d'
			) confirmTime,
			scm_poorder_tbl.orderStatus,
			scm_poorder_tbl.erp_orderStatus,
			scm_poorder_tbl.orderType,
			scm_poorder_tbl.orderSource,
			scm_poorder_tbl.compactNo,
			scm_poorder_tbl.address,
			scm_poorder_tbl.remark,
			scm_poorder_tbl.orderAmount,
			scm_poorder_tbl.shippingMethod,
			scm_poorder_tbl.shippingFee,
			scm_poorder_tbl.deposit,
			scm_poorder_tbl.userId,
			scm_poorder_tbl.customerId,
			scm_poorder_tbl.oldOrderId,
			scm_poorder_tbl.parentId,
			scm_poorder_tbl.hasChild,
			scm_poorder_tbl.authorId,
			scm_poorder_tbl.salesmanId,
			DATE_FORMAT(
				scm_poorder_tbl.lastUpdateTime,
				'%Y-%m-%d %T'
			) lastUpdateTime,
			scm_poorder_tbl.deliveryStatus as hdeliveryStatus,
			scm_poorder_tbl.rd1 f1, scm_poorder_tbl.rd2 f2, scm_poorder_tbl.rd3 f3, scm_poorder_tbl.rd4 f4, scm_poorder_tbl.rd5 f5,
			scm_poorder_tbl.rd6 f6, scm_poorder_tbl.rd7 f7, scm_poorder_tbl.rd8 f8, scm_poorder_tbl.rd9 f9, scm_poorder_tbl.rd10 f10,scm_poorder_tbl.rd11 f11,scm_poorder_tbl.rd12 f12,scm_poorder_tbl.rd13 f13,scm_poorder_tbl.rd14 f14,scm_poorder_tbl.rd15 f15,scm_poorder_tbl.rd16 f16,
			scm_poorder_tbl.note as hnote,
			A.companyName,
			scm_account_tbl.userName,
			<if test="unionCondition != null and unionCondition != '' ">
			scm_poorder_product_tbl.${unionCondition} as unionValue,
			</if>
			<if test="excludeCondition != null and excludeCondition != '' ">
			scm_poorder_product_tbl.${excludeCondition} as excludeValue,
			</if>
			scm_poorder_product_tbl.hashCode
		FROM
			scm_poorder_product_tbl,scm_poorder_tbl,scm_account_tbl,
		(
		
		select scm_poorder_product_tbl.id,
		<choose>
			<when test="isGroupBy != null and isGroupBy != '' ">
			SUM(
				scm_poorder_product_tbl.count
			) AS count,
			IFNULL(
				SUM(
					scm_poorder_product_tbl.count - IFNULL(
						scm_poorder_product_tbl.arrangedCount,
						0
					)
				),
				0
			) AS surplusCount,
			sum(
				IFNULL(
					scm_poorder_product_tbl.arrangedCount,
					0
				)
			) arrangedCount,
			</when>
			<otherwise>
				IFNULL(scm_poorder_product_tbl.count,0) as count,
				IFNULL(scm_poorder_product_tbl.arrangedCount,0) as arrangedCount,
				(IFNULL(scm_poorder_product_tbl.count,0) - IFNULL(scm_poorder_product_tbl.arrangedCount,0)) AS surplusCount,
			</otherwise>
		</choose>
		scm_company_tbl.companyName 
		from scm_poorder_product_tbl
		LEFT JOIN scm_poorder_tbl  ON scm_poorder_tbl.id = scm_poorder_product_tbl.poorderId
		LEFT JOIN scm_company_tbl  ON scm_poorder_tbl.companyId = scm_company_tbl.companyId
		LEFT JOIN scm_account_tbl  ON scm_poorder_tbl.userId = scm_account_tbl.id
		WHERE 1=1
		    <if test="userId != null">
			    and scm_poorder_tbl.userId = #{userId}
			</if>
			<if test="userIds != null">
				and scm_poorder_tbl.userId in
				<foreach item="item" index="index" collection="userIds" open="(" separator="," close=")">
				 	#{item}
				</foreach>
			</if>
			<if test="CONDITION != null">
				AND ${CONDITION}
			</if>
			<if test="isDeliveryCondition != null">
				AND count &gt;  IFNULL(scm_poorder_product_tbl.arrangedCount,0)
			</if>
			<if test="isGroupBy != null">
		    	GROUP BY scm_poorder_product_tbl.hashCode
		    	<if test="unionCondition != null and unionCondition != '' ">
			    	,scm_poorder_product_tbl.${unionCondition}
				</if>
				<if test="excludeCondition != null and excludeCondition != '' ">
			    	,scm_poorder_product_tbl.${excludeCondition}
				</if>
			</if>
		ORDER BY scm_poorder_tbl.createTime desc, scm_poorder_product_tbl.orderEntry
		
		) A
		WHERE scm_poorder_tbl.id = scm_poorder_product_tbl.poorderId
		AND scm_poorder_product_tbl.id = A.id
		AND scm_poorder_tbl.userId = scm_account_tbl.id
		<if test="isGroupBy != null">
		    	GROUP BY scm_poorder_product_tbl.hashCode
		    	<if test="unionCondition != null and unionCondition != '' ">
			    	,scm_poorder_product_tbl.${unionCondition}
				</if>
				<if test="excludeCondition != null and excludeCondition != '' ">
			    	,scm_poorder_product_tbl.${excludeCondition}
				</if>
		</if>
	</select>
	
	<!-- 按订单产品ID或者订单ID查询所有的订单及物料信息 -->
		<select id="getPurOrderProductListById" resultType="com.ultimate.common.PurOrderProductEntity">
		SELECT
			scm_poorder_product_tbl.id,
			scm_poorder_product_tbl.productId,
			scm_poorder_product_tbl.entryId,
			scm_poorder_product_tbl.poorderId,
			scm_poorder_product_tbl.orderNo,
			scm_poorder_product_tbl.orderEntry,
			scm_poorder_product_tbl.detailStatus,
			scm_poorder_product_tbl.erp_detail_orderStatus,
			scm_poorder_product_tbl.wareHouse,
			scm_poorder_product_tbl.productName,
			scm_poorder_product_tbl.productType,
			scm_poorder_product_tbl.productSize,
			scm_poorder_product_tbl.productAddress,
			scm_poorder_product_tbl.batch,
			scm_poorder_product_tbl.standardLen,
			scm_poorder_product_tbl.count,
			IFNULL( scm_poorder_product_tbl.inwayQty,0) as inwayQty,
			IFNULL( scm_poorder_product_tbl.commitQty,0) as commitQty,
			<!-- IFNULL((scm_poorder_product_tbl.count-IFNULL(scm_poorder_product_tbl.arrangedCount,0)),0) as surplusCount, -->
			IFNULL(scm_poorder_product_tbl.arrangedCount,0) arrangedCount,
			IFNULL( scm_poorder_product_tbl.weight,0) as weight,
			scm_poorder_product_tbl.countUnit,
			scm_poorder_product_tbl.inCart,
			scm_poorder_product_tbl.weightUnit,
			scm_poorder_product_tbl.cost,
			scm_poorder_product_tbl.price,
			scm_poorder_product_tbl.realPrice AS realPrice,
			scm_poorder_product_tbl.note,
			DATE_FORMAT(scm_poorder_product_tbl.toDate, '%Y-%m-%d') toDate,
			scm_poorder_product_tbl.companyId,
			scm_poorder_product_tbl.taxRate,
			scm_poorder_product_tbl.taxAmount,
			scm_poorder_product_tbl.confirmCount,
			DATE_FORMAT(scm_poorder_product_tbl.deliveryDate, '%Y-%m-%d') deliveryDate,
			scm_poorder_product_tbl.rd1, scm_poorder_product_tbl.rd2, scm_poorder_product_tbl.rd3, scm_poorder_product_tbl.rd4, scm_poorder_product_tbl.rd5, scm_poorder_product_tbl.rd6, scm_poorder_product_tbl.rd7, scm_poorder_product_tbl.rd8, scm_poorder_product_tbl.rd9, scm_poorder_product_tbl.rd10, 
			scm_poorder_product_tbl.rd11, scm_poorder_product_tbl.rd12, scm_poorder_product_tbl.rd13, scm_poorder_product_tbl.rd14, scm_poorder_product_tbl.rd15, scm_poorder_product_tbl.rd16, scm_poorder_product_tbl.rd17, scm_poorder_product_tbl.rd18, scm_poorder_product_tbl.rd19,
			scm_poorder_product_tbl.rd20, scm_poorder_product_tbl.rd21, scm_poorder_product_tbl.rd22, scm_poorder_product_tbl.rd23, scm_poorder_product_tbl.rd24, scm_poorder_product_tbl.rd25, scm_poorder_product_tbl.rd26, scm_poorder_product_tbl.rd27, scm_poorder_product_tbl.rd28, 
			scm_poorder_product_tbl.rd29, scm_poorder_product_tbl.rd30, 
			DATE_FORMAT(
				scm_poorder_tbl.createTime,
				'%Y-%m-%d %T'
			) createTime,
			DATE_FORMAT(scm_poorder_tbl.createTime, '%Y-%m-%d') createDate,
			DATE_FORMAT(
				scm_poorder_tbl.orderTime,
				'%Y-%m-%d'
			) orderTime,
			DATE_FORMAT(
				scm_poorder_tbl.confirmTime,
				'%Y-%m-%d'
			) confirmTime,
			scm_poorder_tbl.orderStatus,
			scm_poorder_tbl.erp_orderStatus,
			scm_poorder_tbl.orderType,
			scm_poorder_tbl.orderSource,
			scm_poorder_tbl.compactNo,
			scm_poorder_tbl.companyId,
			scm_poorder_tbl.address,
			scm_poorder_tbl.remark,
			scm_poorder_tbl.orderAmount,
			scm_poorder_tbl.shippingMethod,
			scm_poorder_tbl.shippingFee,
			scm_poorder_tbl.deposit,
			scm_poorder_tbl.userId,
			scm_poorder_tbl.customerId,
			scm_poorder_tbl.oldOrderId,
			scm_poorder_tbl.parentId,
			scm_poorder_tbl.hasChild,
			scm_poorder_tbl.authorId,
			scm_poorder_tbl.salesmanId,
			DATE_FORMAT(
				scm_poorder_tbl.lastUpdateTime,
				'%Y-%m-%d %T'
			) lastUpdateTime,
			scm_poorder_tbl.deliveryStatus,
			scm_poorder_tbl.rd1 f1, scm_poorder_tbl.rd2 f2, scm_poorder_tbl.rd3 f3, scm_poorder_tbl.rd4 f4, scm_poorder_tbl.rd5 f5,
			scm_poorder_tbl.rd6 f6, scm_poorder_tbl.rd7 f7, scm_poorder_tbl.rd8 f8, scm_poorder_tbl.rd9 f9, scm_poorder_tbl.rd10 f10,scm_poorder_tbl.rd11 f11,scm_poorder_tbl.rd12 f12,scm_poorder_tbl.rd13 f13,scm_poorder_tbl.rd14 f14,scm_poorder_tbl.rd15 f15,scm_poorder_tbl.rd16 f16,
			scm_company_tbl.companyName,
			scm_account_tbl.userName
		FROM
			scm_poorder_product_tbl 
		LEFT JOIN scm_poorder_tbl  ON scm_poorder_tbl.id = scm_poorder_product_tbl.poorderId
		LEFT JOIN scm_company_tbl  ON scm_poorder_tbl.companyId = scm_company_tbl.companyId
		LEFT JOIN scm_account_tbl  ON scm_poorder_tbl.userId = scm_account_tbl.id
		WHERE 1=1
		    <if test="userId != null">
			    and scm_poorder_tbl.userId = #{userId}
			</if>
			<if test="detailStatus != null">
			    and scm_poorder_product_tbl.detailStatus = #{detailStatus}
			</if>
			<if test="CONDITION != null">
				AND ${CONDITION}
			</if>
			<if test="isDeliveryCondition != null">
				AND count &gt;  IFNULL(scm_poorder_product_tbl.arrangedCount,0)
			</if>
			<!-- 订单产品id列 -->
			<if test="purchaseOrderIdList != null">
			    and scm_poorder_product_tbl.id IN 
				<foreach item="item" index="index" collection="purchaseOrderIdList" open="(" separator="," close=")">
				 	#{item}
				</foreach>
			</if>
			<!-- 订单id列 -->
			<if test="poorderIdList != null">
			    and scm_poorder_tbl.id IN 
				<foreach item="item" index="index" collection="poorderIdList" open="(" separator="," close=")">
				 	#{item}
				</foreach>
			</if>
		ORDER BY scm_poorder_tbl.createTime desc, scm_poorder_product_tbl.orderEntry
	</select>
	
	<!--  更新订单发货状态 -->
	<update id="updateConfirmInfo">
		update scm_poorder_product_tbl
		<set>
		 	confirmCount = #{confirmCount},
			toDate = #{toDate},
			<if test="note != null">
				note = #{note},
			</if>
			<if test="erp_detail_orderStatus != null and erp_detail_orderStatus != ''">
			    scm_poorder_product_tbl.erp_detail_orderStatus = #{erp_detail_orderStatus},
			</if>
			detailStatus = #{detailStatus}
		</set>
		where id =  #{id}
	</update>
	
	<!-- 导出数据 -->
	<select id="getExportData" resultType="com.ultimate.common.PurOrderExportEntity">
		SELECT
			scm_poorder_tbl.id poorderId, 
			scm_poorder_tbl.orderNo,
			scm_poorder_tbl.orderStatus,
			scm_poorder_tbl.erp_orderStatus,
			scm_poorder_tbl.orderType,
			scm_poorder_tbl.orderSource,
			scm_poorder_tbl.compactNo,
			scm_poorder_tbl.companyId,
			scm_poorder_tbl.address,
			scm_poorder_tbl.remark,
			scm_poorder_tbl.orderAmount,
			scm_poorder_tbl.shippingMethod,
			scm_poorder_tbl.shippingFee,
			scm_poorder_tbl.deposit,
			scm_poorder_tbl.userId,
			scm_poorder_tbl.customerId,
			scm_poorder_tbl.oldOrderId,
			scm_poorder_tbl.parentId,
			scm_poorder_tbl.hasChild,
			scm_poorder_tbl.authorId,
			scm_poorder_tbl.salesmanId,
			DATE_FORMAT(
				scm_poorder_tbl.lastUpdateTime,
				'%Y-%m-%d %T'
			) lastUpdateTime,
			scm_poorder_tbl.deliveryStatus,
			scm_poorder_tbl.note ,
			scm_poorder_tbl.rd1 ,
			scm_poorder_tbl.rd2 ,
			scm_poorder_tbl.rd3 ,
			scm_poorder_tbl.rd4 ,
			scm_poorder_tbl.rd5 ,
			scm_poorder_tbl.rd6 ,
			scm_poorder_tbl.rd7 ,
			scm_poorder_tbl.rd8 ,
			scm_poorder_tbl.rd9 ,
			scm_poorder_tbl.rd10 ,
			scm_poorder_tbl.rd11 ,
			scm_poorder_tbl.rd12 ,
			scm_poorder_tbl.rd13 ,
			scm_poorder_tbl.rd14 ,
			scm_poorder_tbl.rd15 ,
			scm_poorder_tbl.rd16 ,
			scm_company_tbl.companyName,			
			DATE_FORMAT(
				scm_poorder_tbl.createTime,
				'%Y-%m-%d %T'
			) createTime,			
			DATE_FORMAT(
				scm_poorder_tbl.orderTime,
				'%Y-%m-%d %T'
			) orderTime,
			DATE_FORMAT(
				scm_poorder_tbl.confirmTime,
				'%Y-%m-%d %T'
			) confirmTime,
			DATE_FORMAT(scm_poorder_tbl.createTime, '%Y-%m-%d') createDate,
			scm_account_tbl.userName
		FROM
			 scm_poorder_tbl
		LEFT JOIN scm_company_tbl  ON scm_poorder_tbl.companyId = scm_company_tbl.companyId
		LEFT JOIN scm_account_tbl  ON scm_poorder_tbl.userId = scm_account_tbl.id
		WHERE 1=1
			<if test="userId != null and userId != ''">
				AND scm_poorder_tbl.userId = #{userId}
			</if>
			<if test="userIds != null">
				and scm_poorder_tbl.userId in
				<foreach item="item" index="index" collection="userIds" open="(" separator="," close=")">
				 	#{item}
				</foreach>
			</if>
			<if test="CONDITION != null">
				AND ${CONDITION}
			</if>
		ORDER BY scm_poorder_tbl.createTime desc
	</select>
	
		<!-- 导出数据 -->
	<select id="getProductExportData" resultType="com.ultimate.common.PurOrderExportEntity">
		SELECT
			scm_poorder_tbl.id poorderId, 
			scm_poorder_tbl.orderNo,
			scm_poorder_tbl.orderStatus,
			scm_poorder_tbl.erp_orderStatus,
			scm_poorder_tbl.orderType,
			scm_poorder_tbl.orderSource,
			scm_poorder_tbl.compactNo,
			scm_poorder_tbl.address,
			scm_poorder_tbl.remark,
			scm_poorder_tbl.orderAmount,
			scm_poorder_tbl.shippingMethod,
			scm_poorder_tbl.shippingFee,
			scm_poorder_tbl.deposit,
			scm_poorder_tbl.userId,
			scm_poorder_tbl.customerId,
			scm_poorder_tbl.oldOrderId,
			scm_poorder_tbl.parentId,
			scm_poorder_tbl.hasChild,
			scm_poorder_tbl.authorId,
			scm_poorder_tbl.salesmanId,
			DATE_FORMAT(
				scm_poorder_tbl.lastUpdateTime,
				'%Y-%m-%d %T'
			) lastUpdateTime,			 
			DATE_FORMAT(
				scm_poorder_tbl.orderTime,
				'%Y-%m-%d %T'
			) orderTime,
			DATE_FORMAT(
				scm_poorder_tbl.confirmTime,
				'%Y-%m-%d %T'
			) confirmTime,
			scm_poorder_tbl.deliveryStatus hdeliveryStatus,
			scm_poorder_tbl.note hnote,
			scm_poorder_tbl.rd1 as f1,
			scm_poorder_tbl.rd2 as f2,
			scm_poorder_tbl.rd3 as f3,
			scm_poorder_tbl.rd4 as f4,
			scm_poorder_tbl.rd5 as f5,
			scm_poorder_tbl.rd6 as f6,
			scm_poorder_tbl.rd7 as f7,
			scm_poorder_tbl.rd8 as f8,
			scm_poorder_tbl.rd9 as f9,
			scm_poorder_tbl.rd10 as f10,
			scm_poorder_tbl.rd11 as f11,
			scm_poorder_tbl.rd12 as f12,
			scm_poorder_tbl.rd13 as f13,
			scm_poorder_tbl.rd14 as f14,
			scm_poorder_tbl.rd15 as f15,
			scm_poorder_tbl.rd16 as f16,
			scm_company_tbl.companyName,
			scm_poorder_product_tbl.id,
			scm_poorder_product_tbl.productId,	
			scm_poorder_product_tbl.orderEntry,
			scm_poorder_product_tbl.productName,
			scm_poorder_product_tbl.productType,
			scm_poorder_product_tbl.productSize,
			scm_poorder_product_tbl.detailStatus,
			scm_poorder_product_tbl.productAddress,
			scm_poorder_product_tbl.batch,
			scm_poorder_product_tbl.standardLen,
			scm_poorder_product_tbl.wareHouse,
			scm_poorder_product_tbl.count,
			scm_poorder_product_tbl.commitQty,
			scm_poorder_product_tbl.inwayQty,
			scm_poorder_product_tbl.confirmCount,
			scm_poorder_product_tbl.arrangedCount,
			scm_poorder_product_tbl.settlementQty,
			scm_poorder_product_tbl.weight,
			scm_poorder_product_tbl.countUnit,
			scm_poorder_product_tbl.weightUnit,
			scm_poorder_product_tbl.cost,
			scm_poorder_product_tbl.price,
			scm_poorder_product_tbl.realPrice,
			scm_poorder_product_tbl.amount,
			scm_poorder_product_tbl.note,
			DATE_FORMAT(scm_poorder_product_tbl.toDate, '%Y-%m-%d') toDate,
			DATE_FORMAT(scm_poorder_product_tbl.deliveryDate, '%Y-%m-%d') deliveryDate,
			scm_poorder_product_tbl.companyId,
			scm_poorder_product_tbl.taxRate,
			scm_poorder_product_tbl.taxAmount,
			scm_poorder_product_tbl.erp_detail_orderStatus,
			scm_poorder_product_tbl.deliveryStatus,
			scm_poorder_product_tbl.rd1,
			scm_poorder_product_tbl.rd2,
			scm_poorder_product_tbl.rd3,
			scm_poorder_product_tbl.rd4,
			scm_poorder_product_tbl.rd5,
			scm_poorder_product_tbl.rd6,
			scm_poorder_product_tbl.rd7,
			scm_poorder_product_tbl.rd8,
			scm_poorder_product_tbl.rd9,
			scm_poorder_product_tbl.rd10,
			scm_poorder_product_tbl.rd11,
			scm_poorder_product_tbl.rd12,
			scm_poorder_product_tbl.rd13,
			scm_poorder_product_tbl.rd14,
			scm_poorder_product_tbl.rd15,
			scm_poorder_product_tbl.rd16,
			scm_poorder_product_tbl.rd17,
			scm_poorder_product_tbl.rd18,
			scm_poorder_product_tbl.rd19,
			scm_poorder_product_tbl.rd20,
			scm_poorder_product_tbl.rd21,
			scm_poorder_product_tbl.rd22,
			scm_poorder_product_tbl.rd23,
			scm_poorder_product_tbl.rd24,
			scm_poorder_product_tbl.rd25,
			scm_poorder_product_tbl.rd26,
			scm_poorder_product_tbl.rd27,
			scm_poorder_product_tbl.rd28,
			scm_poorder_product_tbl.rd29,
			scm_poorder_product_tbl.rd30,
			DATE_FORMAT(
				scm_poorder_tbl.createTime,
				'%Y-%m-%d %T'
			) createTime,
			DATE_FORMAT(scm_poorder_tbl.createTime, '%Y-%m-%d') createDate,
			scm_account_tbl.userName
		FROM
			 scm_poorder_product_tbl
		LEFT JOIN scm_poorder_tbl  ON scm_poorder_tbl.id = scm_poorder_product_tbl.poorderId
		LEFT JOIN scm_company_tbl  ON scm_poorder_tbl.companyId = scm_company_tbl.companyId
		LEFT JOIN scm_account_tbl  ON scm_poorder_tbl.userId = scm_account_tbl.id
		WHERE 1=1
			<if test="userId != null and userId != ''">
				AND scm_poorder_tbl.userId = #{userId}
			</if>
			<if test="userIds != null">
				and scm_poorder_tbl.userId in
				<foreach item="item" index="index" collection="userIds" open="(" separator="," close=")">
				 	#{item}
				</foreach>
			</if>
			<if test="CONDITION != null">
				AND ${CONDITION}
			</if>
		ORDER BY scm_poorder_tbl.createTime desc, scm_poorder_product_tbl.orderEntry
	</select>
	
	<!-- 根据产品ID获取需要发货采购订单编号 -->
	<select id="findPoorderNoByPID" resultType="hashmap">
		SELECT
			scm_poorder_tbl.id poorderId, 
			scm_poorder_tbl.orderNo,
			scm_poorder_tbl.orderStatus,
			scm_poorder_tbl.erp_orderStatus,
			scm_poorder_tbl.orderType,
			scm_poorder_tbl.orderSource,
			scm_poorder_tbl.compactNo,
			scm_poorder_tbl.companyId,
			scm_poorder_tbl.address,
			scm_poorder_tbl.remark,
			scm_poorder_tbl.orderAmount,
			scm_poorder_tbl.shippingMethod,
			scm_poorder_tbl.shippingFee,
			scm_poorder_tbl.deposit,
			scm_poorder_tbl.userId,
			scm_poorder_tbl.customerId,
			scm_poorder_tbl.oldOrderId,
			scm_poorder_tbl.parentId,
			scm_poorder_tbl.hasChild,
			scm_poorder_tbl.authorId,
			scm_poorder_tbl.salesmanId,
			DATE_FORMAT(
				scm_poorder_tbl.lastUpdateTime,
				'%Y-%m-%d %T'
			) lastUpdateTime,
			scm_poorder_tbl.deliveryStatus,
			scm_poorder_tbl.rd1 f1,
			scm_poorder_tbl.rd2 f2,
			scm_poorder_tbl.rd3 f3,
			scm_poorder_tbl.rd4 f4,
			scm_poorder_tbl.rd5 f5,
			scm_poorder_tbl.rd6 f6,
			scm_poorder_tbl.rd7 f7,
			scm_poorder_tbl.rd8 f8,
			scm_poorder_tbl.rd9 f9,
			scm_poorder_tbl.rd10 f10,
			scm_poorder_tbl.rd11 f11,
			scm_poorder_tbl.rd12 f12,
			scm_poorder_tbl.rd13 f13,
			scm_poorder_tbl.rd14 f14,
			scm_poorder_tbl.rd15 f15,
			scm_poorder_tbl.rd16 f16,
			scm_poorder_product_tbl.id,
			scm_poorder_product_tbl.productId,	
			scm_poorder_product_tbl.orderEntry,
			scm_poorder_product_tbl.productName,
			scm_poorder_product_tbl.productType,
			scm_poorder_product_tbl.productSize,
			scm_poorder_product_tbl.productAddress,
			scm_poorder_product_tbl.batch,
			scm_poorder_product_tbl.standardLen,
			scm_poorder_product_tbl.wareHouse,
			scm_poorder_product_tbl.count,
			scm_poorder_product_tbl.commitQty,
			scm_poorder_product_tbl.arrangedCount,
			scm_poorder_product_tbl.settlementQty,
			scm_poorder_product_tbl.weight,
			scm_poorder_product_tbl.countUnit,
			scm_poorder_product_tbl.weightUnit,
			scm_poorder_product_tbl.cost,
			scm_poorder_product_tbl.price,
			scm_poorder_product_tbl.realPrice,
			scm_poorder_product_tbl.amount,
			scm_poorder_product_tbl.note,
			DATE_FORMAT(scm_poorder_product_tbl.toDate, '%Y-%m-%d') toDate,
			scm_poorder_product_tbl.taxRate,
			scm_poorder_product_tbl.taxAmount,
			scm_poorder_product_tbl.rd1,
			scm_poorder_product_tbl.rd2,
			scm_poorder_product_tbl.rd3,
			scm_poorder_product_tbl.rd4,
			scm_poorder_product_tbl.rd5,
			scm_poorder_product_tbl.rd6,
			scm_poorder_product_tbl.rd7,
			scm_poorder_product_tbl.rd8,
			scm_poorder_product_tbl.rd9,
			scm_poorder_product_tbl.rd10,
			scm_poorder_product_tbl.rd11,
			scm_poorder_product_tbl.rd12,
			scm_poorder_product_tbl.rd13,
			scm_poorder_product_tbl.rd14,
			scm_poorder_product_tbl.rd15,
			scm_poorder_product_tbl.rd16,
			scm_poorder_product_tbl.rd17,
			scm_poorder_product_tbl.rd18,
			scm_poorder_product_tbl.rd19,
			scm_poorder_product_tbl.rd20,
			scm_poorder_product_tbl.rd21,
			scm_poorder_product_tbl.rd22,
			scm_poorder_product_tbl.rd23,
			scm_poorder_product_tbl.rd24,
			scm_poorder_product_tbl.rd25,
			scm_poorder_product_tbl.rd26,
			scm_poorder_product_tbl.rd27,
			scm_poorder_product_tbl.rd28,
			scm_poorder_product_tbl.rd29,
			scm_poorder_product_tbl.rd30,
			DATE_FORMAT(
				scm_poorder_tbl.createTime,
				'%Y-%m-%d %T'
			) createTime,
			DATE_FORMAT(scm_poorder_tbl.createTime, '%Y-%m-%d') createDate
		FROM
			scm_poorder_product_tbl 
		LEFT JOIN scm_poorder_tbl  ON scm_poorder_tbl.id = scm_poorder_product_tbl.poorderId
		WHERE 
			scm_poorder_tbl.userId = #{userId}
		AND scm_poorder_product_tbl.hashCode = #{hashCode}
		<if test="verify != null">
		AND ${verify}
		</if>
		<if test="exverify != null">
		AND ${exverify}
		</if>
		<![CDATA[AND IFNULL(scm_poorder_product_tbl.arrangedCount,0) < scm_poorder_product_tbl.count]]>
		<if test="CONDITION != null">
			AND ${CONDITION}
		</if>
		GROUP BY scm_poorder_tbl.orderNo
		ORDER BY scm_poorder_tbl.createTime asc
	</select>
	
	<!-- 根据产品hashCode获取需要发货采购订单明细 -->
	<select id="getDeliveryProductByHID" resultType="hashmap">
		SELECT
			scm_poorder_tbl.id poorderId, 
			scm_poorder_tbl.orderNo,
			scm_poorder_tbl.orderStatus,
			scm_poorder_tbl.erp_orderStatus,
			scm_poorder_tbl.orderType,
			scm_poorder_tbl.orderSource,
			scm_poorder_tbl.compactNo,
			scm_poorder_tbl.companyId,
			scm_poorder_tbl.address,
			scm_poorder_tbl.remark,
			scm_poorder_tbl.orderAmount,
			scm_poorder_tbl.shippingMethod,
			scm_poorder_tbl.shippingFee,
			scm_poorder_tbl.deposit,
			scm_poorder_tbl.userId,
			scm_poorder_tbl.customerId,
			scm_poorder_tbl.oldOrderId,
			scm_poorder_tbl.parentId,
			scm_poorder_tbl.hasChild,
			scm_poorder_tbl.authorId,
			scm_poorder_tbl.salesmanId,
			DATE_FORMAT(
				scm_poorder_tbl.lastUpdateTime,
				'%Y-%m-%d %T'
			) lastUpdateTime,
			scm_poorder_tbl.deliveryStatus,
			scm_poorder_tbl.rd1 f1,
			scm_poorder_tbl.rd2 f2,
			scm_poorder_tbl.rd3 f3,
			scm_poorder_tbl.rd4 f4,
			scm_poorder_tbl.rd5 f5,
			scm_poorder_tbl.rd6 f6,
			scm_poorder_tbl.rd7 f7,
			scm_poorder_tbl.rd8 f8,
			scm_poorder_tbl.rd9 f9,
			scm_poorder_tbl.rd10 f10,
			scm_poorder_tbl.rd11 f11,
			scm_poorder_tbl.rd12 f12,
			scm_poorder_tbl.rd13 f13,
			scm_poorder_tbl.rd14 f14,
			scm_poorder_tbl.rd15 f15,
			scm_poorder_tbl.rd16 f16,
			scm_poorder_product_tbl.id,
			scm_poorder_product_tbl.productId,	
			scm_poorder_product_tbl.entryId,	
			scm_poorder_product_tbl.hashCode,
			scm_poorder_product_tbl.orderEntry,
			scm_poorder_product_tbl.detailStatus,
			scm_poorder_product_tbl.productName,
			scm_poorder_product_tbl.productType,
			scm_poorder_product_tbl.productSize,
			scm_poorder_product_tbl.productAddress,
			scm_poorder_product_tbl.batch,
			scm_poorder_product_tbl.standardLen,
			scm_poorder_product_tbl.wareHouse,
			<!--  scm_poorder_product_tbl.count,
			scm_poorder_product_tbl.arrangedCount,-->
			scm_poorder_product_tbl.commitQty,
			scm_poorder_product_tbl.settlementQty,
			scm_poorder_product_tbl.weight,
			scm_poorder_product_tbl.countUnit,
			scm_poorder_product_tbl.weightUnit,
			scm_poorder_product_tbl.cost,
			scm_poorder_product_tbl.price,
			scm_poorder_product_tbl.realPrice,
			scm_poorder_product_tbl.amount,
			scm_poorder_product_tbl.note,
			DATE_FORMAT(scm_poorder_product_tbl.toDate, '%Y-%m-%d') toDate,
			scm_poorder_product_tbl.taxRate,
			scm_poorder_product_tbl.taxAmount,
			scm_poorder_product_tbl.rd1,
			scm_poorder_product_tbl.rd2,
			scm_poorder_product_tbl.rd3,
			scm_poorder_product_tbl.rd4,
			scm_poorder_product_tbl.rd5,
			scm_poorder_product_tbl.rd6,
			scm_poorder_product_tbl.rd7,
			scm_poorder_product_tbl.rd8,
			scm_poorder_product_tbl.rd9,
			scm_poorder_product_tbl.rd10,
			scm_poorder_product_tbl.rd11,
			scm_poorder_product_tbl.rd12,
			scm_poorder_product_tbl.rd13,
			scm_poorder_product_tbl.rd14,
			scm_poorder_product_tbl.rd15,
			scm_poorder_product_tbl.rd16,
			scm_poorder_product_tbl.rd17,
			scm_poorder_product_tbl.rd18,
			scm_poorder_product_tbl.rd19,
			scm_poorder_product_tbl.rd20,
			scm_poorder_product_tbl.rd21,
			scm_poorder_product_tbl.rd22,
			scm_poorder_product_tbl.rd23,
			scm_poorder_product_tbl.rd24,
			scm_poorder_product_tbl.rd25,
			scm_poorder_product_tbl.rd26,
			scm_poorder_product_tbl.rd27,
			scm_poorder_product_tbl.rd28,
			scm_poorder_product_tbl.rd29,
			scm_poorder_product_tbl.rd30,
			DATE_FORMAT(
				scm_poorder_tbl.createTime,
				'%Y-%m-%d %T'
			) createTime,
			DATE_FORMAT(scm_poorder_tbl.createTime, '%Y-%m-%d') createDate,
			SUM(
				scm_poorder_product_tbl.count
			) AS count,
			IFNULL(
				SUM(
					scm_poorder_product_tbl.count - IFNULL(
						scm_poorder_product_tbl.arrangedCount,
						0
					)
				),
				0
			) AS surplusCount,
			sum(
				IFNULL(
					scm_poorder_product_tbl.arrangedCount,
					0
				)
			) arrangedCount
		FROM
			scm_poorder_product_tbl 
		LEFT JOIN scm_poorder_tbl  ON scm_poorder_tbl.id = scm_poorder_product_tbl.poorderId
		WHERE 
			scm_poorder_tbl.userId = #{userId}
		<!-- AND scm_poorder_product_tbl.productId = #{productId} -->
		AND scm_poorder_tbl.orderStatus = #{orderStatus}
		AND scm_poorder_tbl.orderType = '00' 
		AND (scm_poorder_product_tbl.deliveryStatus = 0 or scm_poorder_product_tbl.deliveryStatus = 1)
		<![CDATA[AND IFNULL(scm_poorder_product_tbl.arrangedCount,0) < scm_poorder_product_tbl.count]]>
		<if test="CONDITION != null">
			AND ${CONDITION}
		</if>
		<if test="verify != null">
			AND ${verify}
		</if>
		<if test="detailStatus != null">
			AND scm_poorder_product_tbl.detailStatus = #{detailStatus}
		</if>
		<if test="hashCodes != null">
			AND scm_poorder_product_tbl.hashCode IN 
			<foreach item="item" index="index" collection="hashCodes" open="(" separator="," close=")">
				 #{item}
			</foreach>
		</if>
		GROUP BY scm_poorder_product_tbl.poorderId,scm_poorder_product_tbl.hashCode,scm_poorder_product_tbl.orderEntry
		<if test="verifyGroup != null">
		, ${verifyGroup}
		</if>
		ORDER BY scm_poorder_product_tbl.toDate,scm_poorder_tbl.createTime ASC
	</select>
	
	<!-- 根据产品hashCode获取需要发货采购订单明细 -->
	<select id="getOrderDetailByHOE" resultType="hashmap">
		SELECT
			scm_poorder_tbl.id poorderId, 
			scm_poorder_tbl.orderNo,
			scm_poorder_tbl.orderStatus,
			scm_poorder_tbl.erp_orderStatus,
			scm_poorder_tbl.orderType,
			scm_poorder_tbl.orderSource,
			scm_poorder_tbl.compactNo,
			scm_poorder_tbl.companyId,
			scm_poorder_tbl.address,
			scm_poorder_tbl.remark,
			scm_poorder_tbl.orderAmount,
			scm_poorder_tbl.shippingMethod,
			scm_poorder_tbl.shippingFee,
			scm_poorder_tbl.deposit,
			scm_poorder_tbl.userId,
			scm_poorder_tbl.customerId,
			scm_poorder_tbl.oldOrderId,
			scm_poorder_tbl.parentId,
			scm_poorder_tbl.hasChild,
			scm_poorder_tbl.authorId,
			scm_poorder_tbl.salesmanId,
			DATE_FORMAT(
				scm_poorder_tbl.lastUpdateTime,
				'%Y-%m-%d %T'
			) lastUpdateTime,
			scm_poorder_tbl.deliveryStatus,
			scm_poorder_tbl.rd1 f1,
			scm_poorder_tbl.rd2 f2,
			scm_poorder_tbl.rd3 f3,
			scm_poorder_tbl.rd4 f4,
			scm_poorder_tbl.rd5 f5,
			scm_poorder_tbl.rd6 f6,
			scm_poorder_tbl.rd7 f7,
			scm_poorder_tbl.rd8 f8,
			scm_poorder_tbl.rd9 f9,
			scm_poorder_tbl.rd10 f10,
			scm_poorder_tbl.rd11 f11,
			scm_poorder_tbl.rd12 f12,
			scm_poorder_tbl.rd13 f13,
			scm_poorder_tbl.rd14 f14,
			scm_poorder_tbl.rd15 f15,
			scm_poorder_tbl.rd16 f16,
			scm_poorder_product_tbl.id,
			scm_poorder_product_tbl.productId,	
			scm_poorder_product_tbl.entryId,	
			scm_poorder_product_tbl.hashCode,
			scm_poorder_product_tbl.orderEntry,
			scm_poorder_product_tbl.detailStatus,
			scm_poorder_product_tbl.productName,
			scm_poorder_product_tbl.productType,
			scm_poorder_product_tbl.productSize,
			scm_poorder_product_tbl.productAddress,
			scm_poorder_product_tbl.batch,
			scm_poorder_product_tbl.standardLen,
			scm_poorder_product_tbl.wareHouse,
			scm_poorder_product_tbl.commitQty,
			scm_poorder_product_tbl.settlementQty,
			scm_poorder_product_tbl.weight,
			scm_poorder_product_tbl.countUnit,
			scm_poorder_product_tbl.weightUnit,
			scm_poorder_product_tbl.cost,
			scm_poorder_product_tbl.price,
			scm_poorder_product_tbl.realPrice,
			scm_poorder_product_tbl.amount,
			scm_poorder_product_tbl.note,
			DATE_FORMAT(scm_poorder_product_tbl.toDate, '%Y-%m-%d') toDate,
			scm_poorder_product_tbl.taxRate,
			scm_poorder_product_tbl.taxAmount,
			scm_poorder_product_tbl.rd1,
			scm_poorder_product_tbl.rd2,
			scm_poorder_product_tbl.rd3,
			scm_poorder_product_tbl.rd4,
			scm_poorder_product_tbl.rd5,
			scm_poorder_product_tbl.rd6,
			scm_poorder_product_tbl.rd7,
			scm_poorder_product_tbl.rd8,
			scm_poorder_product_tbl.rd9,
			scm_poorder_product_tbl.rd10,
			scm_poorder_product_tbl.rd11,
			scm_poorder_product_tbl.rd12,
			scm_poorder_product_tbl.rd13,
			scm_poorder_product_tbl.rd14,
			scm_poorder_product_tbl.rd15,
			scm_poorder_product_tbl.rd16,
			scm_poorder_product_tbl.rd17,
			scm_poorder_product_tbl.rd18,
			scm_poorder_product_tbl.rd19,
			scm_poorder_product_tbl.rd20,
			scm_poorder_product_tbl.rd21,
			scm_poorder_product_tbl.rd22,
			scm_poorder_product_tbl.rd23,
			scm_poorder_product_tbl.rd24,
			scm_poorder_product_tbl.rd25,
			scm_poorder_product_tbl.rd26,
			scm_poorder_product_tbl.rd27,
			scm_poorder_product_tbl.rd28,
			scm_poorder_product_tbl.rd29,
			scm_poorder_product_tbl.rd30,
			DATE_FORMAT(
				scm_poorder_tbl.createTime,
				'%Y-%m-%d %T'
			) createTime,
			DATE_FORMAT(scm_poorder_tbl.createTime, '%Y-%m-%d') createDate
		FROM
			scm_poorder_product_tbl 
		LEFT JOIN scm_poorder_tbl  ON scm_poorder_tbl.id = scm_poorder_product_tbl.poorderId
		<where>
			scm_poorder_tbl.userId = #{userId}
		<if test="HOE != null">
			AND CONCAT(scm_poorder_product_tbl.hashCode,scm_poorder_product_tbl.orderNo,scm_poorder_product_tbl.orderEntry)
			IN
			<foreach collection="HOEList" item="item" open="(" close=")" separator=",">
				item
			</foreach>
		</if>
		</where>
		ORDER BY scm_poorder_product_tbl.toDate,scm_poorder_tbl.createTime ASC
	</select>
	
	<!-- 更新订单明细的发货状态 -->
	<update id="updateDetailDeliveryStatus">
		update scm_poorder_product_tbl
		<set>
			deliveryStatus = #{deliveryStatus}
		</set>
		where id=#{orderProductId}
	</update>
	
	<resultMap id="purOrderInfo" type="com.icbc.client.PurOrderInfo">
		<result column="parentId" property="ParentPurOrderCode"/>
		<result column="orderNo" property="PurOrderCode"/>
		<result column="createTime" property="CreateDate"/>
		<result column="orderStatus" property="BillState"/>
		<result column="companyId" property="CompanyId"/>
		<result column="orderAmount" property="TotalTaxInValue"/>
		<result column="parentId" property="ParentPurOrderCode"/>
		<result column="customerId" property="CustomerId"/>
		<collection property="PurProductInfo" ofType="com.icbc.client.PurProductInfo">
			<result column="orderEntry" property="PurOrderItemID"/>
			<result column="productId" property="MaterialCode"/>
			<result column="productName" property="MaterialName"/>
			<result column="countUnit" property="UnitName"/>
			<result column="productSize" property="Specification"/>
			<result column="batch" property="Batch"/>
			<result column="count" property="Quantity"/>
			<result column="price" property="TaxInPrice"/>
			<result column="taxAmount" property="TaxInValue"/>
			<result column="toDate" property="DeliveryDate"/>
			<result column="toDate" property="StockDate"/>
			<result column="note" property="Note"/>
			<result column="rd1" property="F1"/>
			<result column="rd2" property="F2"/>
			<result column="rd3" property="F3"/>
			<result column="rd4" property="F4"/>
			<result column="rd5" property="F5"/>
			<result column="rd6" property="F6"/>
			<result column="rd7" property="F7"/>
			<result column="rd8" property="F8"/>
			<result column="rd9" property="F9"/>
			<result column="rd10" property="F10"/>
			<result column="rd11" property="F11"/>
			<result column="rd12" property="F12"/>
			<result column="rd13" property="F13"/>
			<result column="rd14" property="F14"/>
			<result column="rd15" property="F15"/>
			<result column="rd16" property="F16"/>
			<result column="rd17" property="F17"/>
			<result column="rd18" property="F18"/>
			<result column="rd19" property="F19"/>
			<result column="rd20" property="F20"/>
			<result column="rd21" property="F21"/>
			<result column="rd22" property="F22"/>
			<result column="rd23" property="F23"/>
			<result column="rd24" property="F24"/>
			<result column="rd25" property="F25"/>
			<result column="rd26" property="F26"/>
			<result column="rd27" property="F27"/>
			<result column="rd28" property="F28"/>
			<result column="rd29" property="F29"/>
			<result column="rd30" property="F30"/>
		</collection>
	 </resultMap>
	 
	<!-- 获取企业单据状态 -->
	<select id="getErpStatus" resultType="String">
		SELECT 
			DISTINCT erp_orderStatus
		FROM 
			scm_poorder_tbl 
		WHERE 1=1
		<if test="userIds != null">
			and scm_poorder_tbl.userId in
			<foreach item="item" index="index" collection="userIds" open="(" separator="," close=")">
				 	#{item}
			</foreach>
		</if>
		ORDER BY scm_poorder_tbl.createTime desc
	</select>
	 
	 <!-- 获取企业单据状态 -->
	<select id="getErpDetailStatus" resultType="String">
		SELECT 
			DISTINCT scm_poorder_product_tbl.erp_detail_orderStatus
		FROM 
			scm_poorder_product_tbl 
		LEFT JOIN scm_poorder_tbl  ON scm_poorder_tbl.id = scm_poorder_product_tbl.poorderId
		WHERE 1=1
		<if test="userIds != null and userIds !=''">
			and scm_poorder_tbl.userId in
			<foreach item="item" index="index" collection="userIds" open="(" separator="," close=")">
				 #{item}
			</foreach>
		</if>
	</select>
	
	 <!-- 获取采购订单的所属人customerId -->
	<select id="getCustomerIdByOrderId" resultType="String">
		select 
		      customerId
		from 
			scm_poorder_tbl 
		where
			orderNo = #{orderNo}
	</select>
	 
	 
	 <!-- 按发货单编号查询所有的订单及物料信息 -->
	<select id="getPurOrderProductListBydeliveryId" resultType="com.ultimate.common.PurOrderProductEntity">
		SELECT
			scm_poorder_product_tbl.id,
			scm_poorder_product_tbl.productId,
			scm_poorder_product_tbl.poorderId,
			scm_poorder_product_tbl.orderNo,
			scm_poorder_product_tbl.orderEntry,
			scm_poorder_product_tbl.detailStatus,
			scm_poorder_product_tbl.erp_detail_orderStatus,
			scm_poorder_product_tbl.deliveryStatus,
			scm_poorder_product_tbl.wareHouse,
			scm_poorder_product_tbl.productName,
			scm_poorder_product_tbl.productType,
			scm_poorder_product_tbl.productSize,
			scm_poorder_product_tbl.productAddress,
			scm_poorder_product_tbl.batch,
			scm_poorder_product_tbl.standardLen,
			DATE_FORMAT(scm_poorder_product_tbl.deliveryDate, '%Y-%m-%d %T') deliveryDate,
			<choose>
			<when test="isGroupBy != null and isGroupBy != '' ">
			SUM(
				scm_poorder_product_tbl.count
			) AS count,
			IFNULL(
				SUM(
					scm_poorder_product_tbl.count - IFNULL(
						scm_poorder_product_tbl.arrangedCount,
						0
					)
				),
				0
			) AS surplusCount,
			sum(
				IFNULL(
					scm_poorder_product_tbl.arrangedCount,
					0
				)
			) arrangedCount,
			</when>
			<otherwise>
				IFNULL(scm_poorder_product_tbl.count,0) as count,
				IFNULL(scm_poorder_product_tbl.arrangedCount,0) as arrangedCount,
				(IFNULL(scm_poorder_product_tbl.count,0) - IFNULL(scm_poorder_product_tbl.arrangedCount,0)) AS surplusCount,
			</otherwise>
		    </choose>
			
			IFNULL( scm_poorder_product_tbl.inwayQty,0) as inwayQty,
			IFNULL( scm_poorder_product_tbl.commitQty,0) as commitQty,
			IFNULL( scm_poorder_product_tbl.weight,0) as weight,
			scm_poorder_product_tbl.countUnit,
			IFNULL( scm_poorder_product_tbl.inCart,0) as inCart,
			scm_poorder_product_tbl.weightUnit,
			scm_poorder_product_tbl.cost,
			scm_poorder_product_tbl.price,
			scm_poorder_product_tbl.amount,
			scm_poorder_product_tbl.realPrice AS realPrice,
			scm_poorder_product_tbl.note,
			DATE_FORMAT(scm_poorder_product_tbl.toDate, '%Y-%m-%d') toDate,
			scm_poorder_product_tbl.companyId,
			scm_poorder_product_tbl.taxRate,
			scm_poorder_product_tbl.taxAmount,
			scm_poorder_product_tbl.deliveryStatus as detailDeliveryStatus,
			DATE_FORMAT(scm_poorder_product_tbl.deliveryDate, '%Y-%m-%d') as detailDeliveryDate,
			scm_poorder_product_tbl.confirmCount,
			scm_poorder_product_tbl.settlementQty,
			scm_poorder_product_tbl.rd1, scm_poorder_product_tbl.rd2, scm_poorder_product_tbl.rd3, scm_poorder_product_tbl.rd4, scm_poorder_product_tbl.rd5, scm_poorder_product_tbl.rd6, scm_poorder_product_tbl.rd7, scm_poorder_product_tbl.rd8, scm_poorder_product_tbl.rd9, scm_poorder_product_tbl.rd10, 
			scm_poorder_product_tbl.rd11, scm_poorder_product_tbl.rd12, scm_poorder_product_tbl.rd13, scm_poorder_product_tbl.rd14, scm_poorder_product_tbl.rd15, scm_poorder_product_tbl.rd16, scm_poorder_product_tbl.rd17, scm_poorder_product_tbl.rd18, scm_poorder_product_tbl.rd19,
			scm_poorder_product_tbl.rd20, scm_poorder_product_tbl.rd21, scm_poorder_product_tbl.rd22, scm_poorder_product_tbl.rd23, scm_poorder_product_tbl.rd24, scm_poorder_product_tbl.rd25, scm_poorder_product_tbl.rd26, scm_poorder_product_tbl.rd27, scm_poorder_product_tbl.rd28, 
			scm_poorder_product_tbl.rd29, scm_poorder_product_tbl.rd30, 
			DATE_FORMAT(
				scm_poorder_tbl.createTime,
				'%Y-%m-%d %T'
			) createTime,
			DATE_FORMAT(scm_poorder_tbl.createTime, '%Y-%m-%d') createDate,
			DATE_FORMAT(
				scm_poorder_tbl.orderTime,
				'%Y-%m-%d'
			) orderTime,
			DATE_FORMAT(
				scm_poorder_tbl.confirmTime,
				'%Y-%m-%d'
			) confirmTime,
			scm_poorder_tbl.orderStatus,
			scm_poorder_tbl.erp_orderStatus,
			scm_poorder_tbl.orderType,
			scm_poorder_tbl.orderSource,
			scm_poorder_tbl.compactNo,
			scm_poorder_tbl.address,
			scm_poorder_tbl.remark,
			scm_poorder_tbl.orderAmount,
			scm_poorder_tbl.shippingMethod,
			scm_poorder_tbl.shippingFee,
			scm_poorder_tbl.deposit,
			scm_poorder_tbl.userId,
			scm_poorder_tbl.customerId,
			scm_poorder_tbl.oldOrderId,
			scm_poorder_tbl.parentId,
			scm_poorder_tbl.hasChild,
			scm_poorder_tbl.authorId,
			scm_poorder_tbl.salesmanId,
			DATE_FORMAT(
				scm_poorder_tbl.lastUpdateTime,
				'%Y-%m-%d %T'
			) lastUpdateTime,
			scm_poorder_tbl.deliveryStatus as hdeliveryStatus,
			scm_poorder_tbl.rd1 f1, scm_poorder_tbl.rd2 f2, scm_poorder_tbl.rd3 f3, scm_poorder_tbl.rd4 f4, scm_poorder_tbl.rd5 f5,
			scm_poorder_tbl.rd6 f6, scm_poorder_tbl.rd7 f7, scm_poorder_tbl.rd8 f8, scm_poorder_tbl.rd9 f9, scm_poorder_tbl.rd10 f10,scm_poorder_tbl.rd11 f11,scm_poorder_tbl.rd12 f12,scm_poorder_tbl.rd13 f13,scm_poorder_tbl.rd14 f14,scm_poorder_tbl.rd15 f15,scm_poorder_tbl.rd16 f16,
			scm_poorder_tbl.note as hnote,
			scm_company_tbl.companyName,
			scm_account_tbl.userName,
			<if test="unionCondition != null and unionCondition != '' ">
			scm_poorder_product_tbl.${unionCondition} as unionValue,
			</if>
			<if test="excludeCondition != null and excludeCondition != '' ">
			scm_poorder_product_tbl.${excludeCondition} as excludeValue,
			</if>
			scm_poorder_product_tbl.hashCode
		FROM
			scm_poorder_product_tbl 
		LEFT JOIN scm_poorder_tbl  ON scm_poorder_tbl.id = scm_poorder_product_tbl.poorderId
		LEFT JOIN scm_company_tbl  ON scm_poorder_tbl.companyId = scm_company_tbl.companyId
		LEFT JOIN scm_account_tbl  ON scm_poorder_tbl.userId = scm_account_tbl.id
		LEFT JOIN (
		     SELECT
				t.cond,
				scm_instock_product_tbl.deliveryId
			 FROM
				scm_instock_product_tbl,
				(
					SELECT 
					DISTINCT(CONCAT(
					<if test="unionCondition != null and unionCondition != '' ">
						${unionCondition},
					</if>
					<if test="excludeCondition != null and excludeCondition != '' ">
						${excludeCondition},
					</if>
					hashCode
					)) AS cond
					FROM
						scm_instock_product_tbl
				) t
			WHERE
				CONCAT(
				    <if test="unionCondition != null and unionCondition != '' ">
						scm_instock_product_tbl.${unionCondition},
					</if>
					<if test="excludeCondition != null and excludeCondition != '' ">
						scm_instock_product_tbl.${excludeCondition},
					</if>
					scm_instock_product_tbl.hashCode
				) = t.cond   
		) scm_instock_product_tbl  ON 
		scm_instock_product_tbl.cond = CONCAT(
		<if test="unionCondition != null and unionCondition != '' ">
			scm_poorder_product_tbl.${unionCondition},
		</if>
		<if test="excludeCondition != null and excludeCondition != '' ">
			scm_poorder_product_tbl.${excludeCondition},
		</if>
		scm_poorder_product_tbl.hashCode
		)
		WHERE 1=1
		    <if test="userId != null">
			    and scm_poorder_tbl.userId = #{userId}
			</if>
			<if test="userIds != null">
				and scm_poorder_tbl.userId in
				<foreach item="item" index="index" collection="userIds" open="(" separator="," close=")">
				 	#{item}
				</foreach>
			</if>
			<if test="CONDITION != null">
				AND ${CONDITION}
			</if>
			<if test="isDeliveryCondition != null">
				AND IFNULL(scm_poorder_product_tbl.count,0) &gt;  IFNULL(scm_poorder_product_tbl.arrangedCount,0)
			</if>
			<if test="isGroupBy != null">
		    	GROUP BY scm_poorder_product_tbl.hashCode
		    	<if test="unionCondition != null and unionCondition != '' ">
			    	,scm_poorder_product_tbl.${unionCondition}
				</if>
				<if test="excludeCondition != null and excludeCondition != '' ">
			    	,scm_poorder_product_tbl.${excludeCondition}
				</if>
			</if>
		ORDER BY scm_poorder_tbl.createTime desc, scm_poorder_product_tbl.orderEntry
	</select>
		
			 <!-- 按发货单编号查询发货单中hashcode数目 -->
	<select id="getPurInstockCountBydeliveryId" resultType="String">
		SELECT
		    DISTINCT(CONCAT(
					<if test="unionCondition != null and unionCondition != '' ">
						scm_instock_product_tbl.${unionCondition},
					</if>
					<if test="excludeCondition != null and excludeCondition != '' ">
						scm_instock_product_tbl.${excludeCondition},
					</if>
					scm_instock_product_tbl.hashCode
					))
		FROM  scm_instock_product_tbl,scm_poorder_product_tbl,scm_poorder_tbl 
	     WHERE scm_instock_product_tbl.hashCode =scm_poorder_product_tbl.hashCode
              and  scm_poorder_tbl.id=scm_poorder_product_tbl.poorderId
              	and IFNULL((scm_poorder_product_tbl.count-IFNULL(scm_poorder_product_tbl.arrangedCount,0)),0) &gt; 0
		    <if test="userId != null">
			    and scm_poorder_tbl.userId = #{userId}
			</if>
			<if test="userIds != null">
				and scm_poorder_tbl.userId in
				<foreach item="item" index="index" collection="userIds" open="(" separator="," close=")">
				 	#{item}
				</foreach>
			</if>
			<if test="CONDITION != null">
				AND ${CONDITION}
			</if>
		</select>
		
		
	<select id="getPurOrderProductBydeliveryId" resultType="com.ultimate.common.PurOrderProductEntity">
	 select 
      scm_poorder_tbl.id poorderId, 
			scm_poorder_tbl.orderNo,
			scm_poorder_tbl.orderStatus,
			scm_poorder_tbl.erp_orderStatus,
			scm_poorder_tbl.orderType,
			scm_poorder_tbl.orderSource,
			scm_poorder_tbl.compactNo,
			scm_poorder_tbl.companyId,
			scm_poorder_tbl.address,
			scm_poorder_tbl.remark,
			scm_poorder_tbl.shippingMethod,
			scm_poorder_tbl.shippingFee,
			scm_poorder_tbl.deposit,
			scm_poorder_tbl.userId,
			scm_poorder_tbl.customerId,
			scm_poorder_tbl.oldOrderId,
			scm_poorder_tbl.parentId,
			scm_poorder_tbl.hasChild,
			scm_poorder_tbl.authorId,
			scm_poorder_tbl.salesmanId,
			scm_poorder_tbl.deliveryStatus,
			scm_poorder_tbl.rd1 f1,
			scm_poorder_tbl.rd2 f2,
			scm_poorder_tbl.rd3 f3,
			scm_poorder_tbl.rd4 f4,
			scm_poorder_tbl.rd5 f5,
			scm_poorder_tbl.rd6 f6,
			scm_poorder_tbl.rd7 f7,
			scm_poorder_tbl.rd8 f8,
			scm_poorder_tbl.rd9 f9,
			scm_poorder_tbl.rd10 f10,
			scm_poorder_tbl.rd11 f11,
			scm_poorder_tbl.rd12 f12,
			scm_poorder_tbl.rd13 f13,
			scm_poorder_tbl.rd14 f14,
			scm_poorder_tbl.rd15 f15,
			scm_poorder_tbl.rd16 f16,
			scm_instock_product_tbl.id,
			scm_instock_product_tbl.productId,	
			scm_instock_product_tbl.entryId,	
			scm_instock_product_tbl.hashCode,
			scm_instock_product_tbl.detailStatus,
			scm_instock_product_tbl.productName,
			scm_instock_product_tbl.productType,
			scm_instock_product_tbl.productSize,
			scm_instock_product_tbl.productAddress,
			scm_instock_product_tbl.batch,
			scm_instock_product_tbl.standardLen,
			scm_instock_product_tbl.wareHouse,
			scm_instock_product_tbl.commitQty,
			scm_instock_product_tbl.weight,
			scm_instock_product_tbl.countUnit,
			scm_instock_product_tbl.weightUnit,
			scm_instock_product_tbl.cost,
			scm_instock_product_tbl.price,
			scm_instock_product_tbl.note,
			scm_instock_product_tbl.taxRate,
			scm_instock_product_tbl.rd1,
			scm_instock_product_tbl.rd2,
			scm_instock_product_tbl.rd3,
			scm_instock_product_tbl.rd4,
			scm_instock_product_tbl.rd5,
			scm_instock_product_tbl.rd6,
			scm_instock_product_tbl.rd7,
			scm_instock_product_tbl.rd8,
			scm_instock_product_tbl.rd9,
			scm_instock_product_tbl.rd10,
			scm_instock_product_tbl.rd11,
			scm_instock_product_tbl.rd12,
			scm_instock_product_tbl.rd13,
			scm_instock_product_tbl.rd14,
			scm_instock_product_tbl.rd15,
			scm_instock_product_tbl.rd16,
			scm_instock_product_tbl.rd17,
			scm_instock_product_tbl.rd18,
			scm_instock_product_tbl.rd19,
			scm_instock_product_tbl.rd20,
			scm_instock_product_tbl.rd21,
			scm_instock_product_tbl.rd22,
			scm_instock_product_tbl.rd23,
			scm_instock_product_tbl.rd24,
			scm_instock_product_tbl.rd25,
			scm_instock_product_tbl.rd26,
			scm_instock_product_tbl.rd27,
			scm_instock_product_tbl.rd28,
			scm_instock_product_tbl.rd29,
			scm_instock_product_tbl.rd30
			 from  scm_instock_product_tbl, scm_poorder_tbl,scm_poorder_product_tbl 
			where scm_instock_product_tbl.hashCode = scm_poorder_product_tbl.hashCode
			and scm_poorder_tbl.id=scm_poorder_product_tbl.poorderId
			and IFNULL((scm_poorder_product_tbl.count-IFNULL(scm_poorder_product_tbl.arrangedCount,0)),0) &gt; 0
			 <if test="CONDITION != null">
				AND ${CONDITION}
			</if>
			ORDER BY scm_instock_product_tbl.id DESC  
	 </select>
	 
	 <select id="getPurchaseOrderDetailByIds" resultType="map">
		SELECT
			ppt.id,
			ppt.productId,
			ppt.poorderId,
			ppt.entryId,
			ppt.orderNo,
			ppt.orderEntry,
			ppt.detailStatus,
			ppt.wareHouse,
			ppt.productName,
			ppt.productType,
			ppt.productSize,
			ppt.productAddress,
			ppt.batch,
			ppt.standardLen,
			IFNULL(ppt.count, 0) AS count,
			IFNULL(ppt.commitQty,0) AS commitQty,
			IFNULL(ppt.arrangedCount, 0) AS arrangedCount,
			IFNULL(ppt.weight,0) AS weight,
			ppt.countUnit,
			ppt.weightUnit,
			ppt.cost,
			IFNULL(ppt.price,0) AS price,
			IFNULL(ppt.amount,0) AS amount,
			ppt.realPrice AS realPrice,
			ppt.note,
			DATE_FORMAT(
				ppt.toDate,
				'%Y-%m-%d'
			) toDate,
			ppt.companyId,
			IFNULL(ppt.taxRate,0) AS taxRate,
			IFNULL(ppt.taxAmount,0) AS taxAmount,
			ppt.hashCode,
			ppt.deliveryStatus,
			DATE_FORMAT(ppt.deliveryDate,'%Y-%m-%d') AS deliveryDate,
			ppt.deliveryStatus AS detailDeliveryStatus,
			DATE_FORMAT(ppt.deliveryDate,'%Y-%m-%d') AS detailDeliveryDate,
			IFNULL(ppt.confirmCount,0) AS confirmCount,
			IFNULL(ppt.inwayQty,0) AS inwayQty,
			IFNULL(ppt.settlementQty,0) AS settlementQty,
			ppt.erp_detail_orderStatus,
			ppt.rsv1,
			ppt.rsv2,
			ppt.rsv3,
			ppt.rd1,
			ppt.rd2,
			ppt.rd3,
			ppt.rd4,
			ppt.rd5,
			ppt.rd6,
			ppt.rd7,
			ppt.rd8,
			ppt.rd9,
			ppt.rd10,
			ppt.rd11,
			ppt.rd12,
			ppt.rd13,
			ppt.rd14,
			ppt.rd15,
			ppt.rd16,
			ppt.rd17,
			ppt.rd18,
			ppt.rd19,
			ppt.rd20,
			ppt.rd21,
			ppt.rd22,
			ppt.rd23,
			ppt.rd24,
			ppt.rd25,
			ppt.rd26,
			ppt.rd27,
			ppt.rd28,
			ppt.rd29,
			ppt.rd30,
			(IFNULL(ppt.count,0) - IFNULL(ppt.arrangedCount,0)) AS surplusCount,
			pt.authorId,
			pt.salesmanId,
			pt.userId,
			pt.customerId,
			DATE_FORMAT(
				pt.lastUpdateTime,
				'%Y-%m-%d %T'
			) AS lastUpdateTime
		FROM scm_poorder_product_tbl ppt
		LEFT JOIN scm_poorder_tbl pt
		ON ppt.poorderId=pt.id
		WHERE ppt.id IN (${detailIds})
	</select>
	 
	  <!-- 由主键id查原物料记录信息 -->
	<!--  <select id= "getOrderProductById"  resultType="hashmap">
	 	select * from scm_poorder_product_tbl where id = #{id}
	 </select> -->
	 
	  <!-- 将原物料记录信息插入到新表_history表 -->
	 <insert id="insertToHistoy">
	 	insert into scm_poorder_product_history_tbl select * from scm_poorder_product_tbl where id = #{id}
	 </insert>
	 
	  <!-- 此物料记录从原表删除 -->
	<delete id="deleteOrderProductById">
		delete from scm_poorder_product_tbl where id = #{id}
	</delete>
	 
	  <!-- 新建物料记录，有新数量+新分录号+新状态-->
	<insert id="insertNewOrderProduct">
		INSERT INTO scm_poorder_product_tbl (
			productId,
			entryId,
			poorderId,
			orderNo,
			orderEntry,
			detailStatus,
			erp_detail_orderStatus,
			deliveryStatus,
			deliveryDate,
			wareHouse,
			productName,
			productType,
			productSize,
			productAddress,
			batch,
			standardLen,
			count,
			confirmCount,
			inwayQty,
			commitQty,
			arrangedCount,
			settlementQty,
			weight,
			countUnit,
			weightUnit,
			cost,
			price,
			amount,
			realPrice,
			note,
			toDate,
			companyId,
			taxRate,
			taxAmount,
			inCart,
			hashCode,
			rd1,
			rd2,
			rd3,
			rd4,
			rd5,
			rd6,
			rd7,
			rd8,
			rd9,
			rd10,
			rd11,
			rd12,
			rd13,
			rd14,
			rd15,
			rd16,
			rd17,
			rd18,
			rd19,
			rd20,
			rd21,
			rd22,
			rd23,
			rd24,
			rd25,
			rd26,
			rd27,
			rd28,
			rd29,
			rd30,
			rsv1,
			rsv2,
			rsv3
		) SELECT
			productId,
			entryId,
			poorderId,
			orderNo,
			#{orderEntry},
			#{detailStatus},
			#{erp_detail_orderStatus},
			deliveryStatus,
			#{deliveryDate},
			wareHouse,
			productName,
			productType,
			productSize,
			productAddress,
			batch,
			standardLen,
			#{count},
			#{confirmCount},
			inwayQty,
			commitQty,
			arrangedCount,
			settlementQty,
			weight,
			countUnit,
			weightUnit,
			cost,
			price,
			amount,
			realPrice,
			note,
			#{toDate},
			companyId,
			taxRate,
			taxAmount,
			inCart,
			hashCode,
			rd1,
			rd2,
			rd3,
			rd4,
			rd5,
			rd6,
			rd7,
			rd8,
			rd9,
			rd10,
			rd11,
			rd12,
			rd13,
			rd14,
			rd15,
			rd16,
			rd17,
			rd18,
			rd19,
			rd20,
			rd21,
			rd22,
			rd23,
			rd24,
			rd25,
			rd26,
			rd27,
			rd28,
			rd29,
			rd30,
			rsv1,
			rsv2,
			rsv3
		FROM
			scm_poorder_product_tbl
		where id = #{id}
	</insert>
	 <!-- 修改后的物料数据信息 -->
	<select id="getNewOrderProductById" resultType="hashmap">
		SELECT
			productId,
			entryId,
			poorderId,
			orderNo,
			#{orderEntry},
			#{detailStatus},
			erp_detail_orderStatus,
			deliveryStatus,
			#{deliveryDate},
			wareHouse,
			productName,
			productType,
			productSize,
			productAddress,
			batch,
			standardLen,
			#{count},
			#{confirmCount},
			inwayQty,
			commitQty,
			arrangedCount,
			settlementQty,
			weight,
			countUnit,
			weightUnit,
			cost,
			price,
			amount,
			realPrice,
			note,
			#{toDate},
			companyId,
			taxRate,
			taxAmount,
			inCart,
			hashCode,
			rd1,
			rd2,
			rd3,
			rd4,
			rd5,
			rd6,
			rd7,
			rd8,
			rd9,
			rd10,
			rd11,
			rd12,
			rd13,
			rd14,
			rd15,
			rd16,
			rd17,
			rd18,
			rd19,
			rd20,
			rd21,
			rd22,
			rd23,
			rd24,
			rd25,
			rd26,
			rd27,
			rd28,
			rd29,
			rd30,
			rsv1,
			rsv2,
			rsv3
		FROM
			scm_poorder_product_tbl
		where id = #{id}
	</select>
	
	<!-- 由采购订单id查询订单详细信息 -->
	<select id="findPurchaseOrderById" resultType="hashmap">
		select 
			orderNo,
			createTime,
			orderTime,
			confirmTime,
			orderStatus,
			erp_orderStatus,
			orderType,
			orderSource,
			compactNo,
			companyId,
			address,
			note,
			remark,
			orderAmount,
			shippingMethod,
			shippingFee,
			deposit,
			userId,
			customerId,
			oldOrderId,
			parentId,
			hasChild,
			authorId,
			salesmanId,
			modifierId,
			lastUpdateTime,
			deliveryStatus,
			rd1,
			rd2,
			rd3,
			rd4,
			rd5,
			rd6,
			rd7,
			rd8,
			rd9,
			rd10,
			rd11,
			rd12,
			rd13,
			rd14,
			rd15,
			rd16,
			hrsv1,
			hrsv2,
			hrsv3
		 from 
		 	scm_poorder_tbl 
		 where id = #{id}
	</select>
	
	 
</mapper>
