<?xml version="1.0" encoding="UTF-8" ?>
<!DOCTYPE mapper PUBLIC "-//mybatis.org//DTD Mapper 3.0//EN" "http://mybatis.org/dtd/mybatis-3-mapper.dtd">

<mapper namespace="standardUser">

	<insert id="insertUserAccount">
		insert into scm_account_tbl(id,createTime,lastLoginTime
		<if test="loginName != null">
			,loginName
		</if>
		<if test="password != null">
			,password
		</if>
		<if test="userName != null">
			,userName
		</if>
		<if test="mobile != null">
			,mobile
		</if>
		<if test="lastLoginIp != null">
			,lastLoginIp
		</if>
		<if test="customerId != null">
			,customerId
		</if>
		<if test="email != null">
			,email
		</if>
		<if test="address != null">
			,address
		</if>
		<if test="source != null">
			,source
		</if>
		<if test="telephone != null">
			,telephone
		</if>
		<if test="webSite != null">
			,webSite
		</if>
		<if test="firstName != null">
			,firstName
		</if>
		<if test="createIp != null">
			,createIp
		</if>
		<if test="rsv1 != null">
			,rsv1
		</if>
		<if test="rsv2 != null">
			,rsv2
		</if>
		)
		values(
		#{id},
		sysdate(),
		sysdate()
		<if test="loginName != null">
			,#{loginName}
		</if>
		<if test="password != null">
			,#{password}
		</if>
		<if test="userName != null">
			,#{userName}
		</if>
		<if test="mobile != null">
			,#{mobile}
		</if>
		<if test="lastLoginIp != null">
			,#{lastLoginIp}
		</if>
		<if test="customerId != null">
			,#{customerId}
		</if>
		<if test="email != null">
			,#{email}
		</if>
		<if test="address != null">
			,#{address}
		</if>
		<if test="source != null">
			,#{source}
		</if>
		<if test="telephone != null">
			,#{telephone}
		</if>
		<if test="webSite != null">
			,#{webSite}
		</if>
		<if test="firstName != null">
			,#{firstName}
		</if>
		<if test="createIp != null">
			,#{createIp}
		</if>
		<if test="rsv1 != null">
			,#{rsv1}
		</if>
		<if test="rsv2 != null">
			,#{rsv2}
		</if>
		)
	</insert>

	<update id="updateUserAccount">
		update scm_account_tbl set
			lastLoginTime = sysdate()
			<if test="loginName != null">,loginName=#{loginName}</if>
			<if test="password != null">,password=#{password}</if>
			<if test="userName != null">,userName=#{userName}</if>
			<if test="mobile != null">,mobile=#{mobile}</if>
			<if test="email != null">,email=#{email}</if>
			<if test="address != null">,address=#{address}</if>
			<if test="source != null">,source=#{source}</if>
			<if test="telephone != null">,telephone=#{telephone}</if>
			<if test="webSite != null">,webSite=#{webSite}</if>
			<if test="firstName != null">,firstName=#{firstName}</if>
			<if test="createIp != null">,createIp=#{createIp}</if>
			<if test="rsv1 != null">,rsv1=#{rsv1}</if>
			<if test="rsv2 != null">,rsv2=#{rsv2}</if>
		where id = #{id}
	</update>

	<select id="getUserInfoById" resultType="hashmap">
		select * from scm_account_tbl where id=#{id}
	</select>

    <select id="getUserInfoByIds" resultType="hashmap" parameterType="List">
		select * from scm_account_tbl where id IN
		 <foreach item="item" index="index" collection="list" open="(" separator="," close=")">
		 	#{item}
		 </foreach>
	</select>
	
	<select id="getUserInfoByCustomerId" resultType="hashmap">
		select * from scm_account_tbl where customerId=#{customerId}
	</select>
	
	<select id="getUserIdByUnionId" resultType="hashmap">
		select id  from scm_account_tbl where unionId=#{unionId}
	</select>
	
	<select id="getUserNameByUnionId" resultType="string">
		select userName  from scm_account_tbl where unionId=#{unionId}
	</select>
	<!-- <delete id="deleteUserRole">
		delete from scm_user_role_tbl where unionId=#{unionId}
	</delete>
	
	<insert id="insertUserRole">
		insert into scm_user_role_tbl(unionId,roleId) values(#{unionId},#{CustomerRole})
	</insert> -->

	<select id="getUserAddressList" resultType="hashmap">
		select a.id as addrId,
			   a.name as firstName,
			   a.address,
			   a.company,
			   a.zipCode,
			   a.telephone,
			   a.mobile,
			   a.email,
			   a.provinceId as provId,
			   b.areaName as provName,
			   a.cityId as cityId,
			   c.areaName as cityName,
			   a.cityAreaId as cityAreaId,
			   d.areaName as cityAreaName,
			   a.isCurrent,
			   a.isBillingCurrent as isBillCurrent 
		   from scm_address_tbl a
		left join sys_area_tbl b on a.provinceId=b.areaId
		left join sys_area_tbl c on a.cityId=c.areaId
		left join sys_area_tbl d on a.cityAreaId=d.areaId 
		  where a.userId=#{userId} and a.status=2
	</select>


	<select id="getUserAddress" resultType="hashmap">
		 select a.id as addrId,
				a.name as firstName,
				a.address,
				a.company,
				a.zipCode,
				a.telephone,
				a.mobile,
				a.email,
				a.provinceId as provId,
				b.areaName as provName,
				a.cityId as cityId,
				c.areaName as cityName,
				a.cityAreaId as
				cityAreaId,
				d.areaName as cityAreaName,
				a.isCurrent,
				a.isBillingCurrent as isBillCurrent,
				b.parentId as provParent,
				c.parentId as
				cityParent,
				d.parentId as cityAreaParent 
			from scm_address_tbl a
		left join sys_area_tbl b on a.provinceId=b.areaId
		left join sys_area_tbl c on a.cityId=c.areaId
		left join sys_area_tbl d on a.cityAreaId=d.areaId 
			where a.id= #{addrId}
			  and a.userId = #{userId}
	</select>

	<insert id="insertAddress">
		insert into scm_address_tbl (address,
		 							 company,
		 							 provinceId,
		 							 cityId,
		 							 cityAreaId,
		 							 name,
		 							 telephone,
		 							 mobile,
		 							 zipCode,
		 							 email,
		 							 userId,
		 							 status,
		 							 isCurrent,
		 							 isBillingCurrent)
							values (#{address},
									#{company},
									#{provId},
									#{cityId},
									#{cityAreaId},
									#{firstName},
									#{telephone},
									#{mobile},
									#{zipCode},
									#{email},
									#{accountid},
									#{status},
									#{isCurrent},
									#{isBillCurrent})
	</insert>
	
	<!-- 删除地址信息 -->
	<update id="deleteAddress">	
	    update scm_address_tbl  <set> status=1  </set> where id=#{addrId} and userId = #{userId}
	</update>
  
  	<!-- 修改默认地址 -->
    <update id="updateDefaultAddre">
		update scm_address_tbl  <set>  isCurrent=0  </set> where isCurrent=1 and userId=#{userId} 
    </update>
    
   <!-- 改变新的默认地址 --> 
  <update id="updateCurrentAddress">
	update scm_address_tbl a,scm_address_tbl b <set> a.isCurrent=1,b.isCurrent=0 </set> where a.id=#{addrId}
	and a.userId=b.userId and b.id!=#{addrId} and a.userId = #{userId}
  </update>
  
  <!-- 更新地址信息 -->
  <update id="updateAddress">
	 update scm_address_tbl  
	 			<set> address=#{address},
	 				  company=#{company},
	 				  provinceid=#{provId},
	 				  cityid=#{cityId},
	 				  cityAreaid=#{cityAreaId},
	 				  name=#{firstName},
	 				  telephone=#{telephone},
	 				  mobile=#{mobile},
	 				  zipCode=#{zipCode},
	 				  email=#{email}  </set> 
	 		where id=#{addrId} and userId = #{userId}
  </update>

	<select id="getMaxAddId" resultType="hashmap">
		select max(id) as newAddrId from scm_address_tbl where userId=#{userId}
	</select>

<!-- 根据customerId查询分公司信息 -->
<select id="getCompanyInfo" resultType="hashmap">
	SELECT
		ct.companyId,
		ct.companyName
	FROM
		scm_company_tbl ct
	LEFT JOIN scm_user_company_tbl uct ON ct.companyId = uct.companyId
	LEFT JOIN scm_account_tbl sat ON uct.userId = sat.id
	WHERE
		sat.customerId = #{customerId}
</select>

	<!-- 设置默认分公司 -->
	<update id="setDefaultCompany">
		UPDATE scm_account_tbl
		SET companyId=#{companyId}
		WHERE
			id=#{userId}
	</update>

	<!--  -->
	<update id="updateLoginUser">
		update scm_account_tbl set
			lastLoginTime = sysdate()
			<if test="unionId != null">,unionId=#{unionId}</if>
			<if test="loginName != null">,loginName=#{loginName}</if>
			<if test="password != null">,password=#{password}</if>
			<if test="userName != null">,userName=#{userName}</if>
			<if test="mobile != null">,mobile=#{mobile}</if>
			<if test="email != null">,email=#{email}</if>
			<if test="address != null">,address=#{address}</if>
			<if test="source != null">,source=#{source}</if>
			<if test="telephone != null">,telephone=#{telephone}</if>
			<if test="webSite != null">,webSite=#{webSite}</if>
			<if test="roleId != null">,roleId=#{roleId}</if>
			<if test="rsv1 != null">,rsv1=#{rsv1}</if>
			<if test="rsv2 != null">,rsv2=#{rsv2}</if>
		where id = #{id}
	</update>
	
	<!-- 获取登录用户的公司信息及公余额 -->
	<select id = "getCurrentUserCompany" resultType="hashmap">
		SELECT
			uct.*,
			sct.companyName
		FROM
			scm_user_company_tbl uct
		LEFT JOIN scm_company_tbl sct ON uct.companyId = sct.companyId
		WHERE
		<if test="userId != null">
			uct.userId = #{userId}
		</if>
		<if test="customerId != null">
			uct.customerId = #{customerId}
		</if>
			
	</select>
	
	<select id = "getDealerCompany" resultType="hashmap">
		SELECT
			uct.*, 
			sat.userName,
			sct.companyName
		FROM
			scm_user_company_tbl uct
		LEFT JOIN scm_account_tbl sat ON uct.userId = sat.id
		LEFT JOIN scm_company_tbl sct ON uct.companyId = sct.companyId
		WHERE
			
			
			uct.userId IN 			
			 <foreach item="item" index="index" collection="userIds" open="(" separator="," close=")">
			 	#{item}
			 </foreach>
			
	</select>
	
	<select id = "getUserIdByCustomerId" resultType="hashmap">
		select id from scm_account_tbl where customerId = #{customerId}
	</select>
	<!-- 修改注册用户时的信息 -->
	<update id = "updateUserInfoByAutherntication">
		 update scm_account_tbl
		 	<set>
		 		<if test="unionId != null">unionId=#{unionId}</if>
		 		<!-- 
			 		<if test="loginName != null">loginName=#{loginName},</if>
			 		<if test="password != null">password=#{password},</if>
			 		<if test="roleId != null">roleId=#{roleId}</if>
		 		 -->
		 		
		 	</set>
		where id = #{id}
	</update>
	
		
	<!-- zhyg begin -->
	<select id = "findUserRelateByUserId" resultType="hashmap">
		SELECT
			ur.userId,
			ur.customerId,
			ur.userName
		FROM
			scm_user_relate_tbl ur
		WHERE
			ur.belongTo = #{belongTo}
			AND ur.userId IS NOT NULL
			AND ur.userName IS NOT NULL
			AND ur.customerId IS NOT NULL
	</select>
	
	<select id = "findUserRelateAll" resultType="hashmap">
		SELECT 
			at.id,
			at.customerId,
			at.userName,
			at.roleId
		FROM 
			scm_account_tbl at
		WHERE
			(
			at.roleId = '1'
			OR at.roleId IS NULL
			)
			AND at.userName IS NOT NULL
			AND at.customerId IS NOT NULL
	</select>
	<!-- zhyg begin -->
	
	<!-- add by yupan 2015年4月21日14:34:49 -->
	<!-- 查询用户信息并存入Hashtable中 -->
	<select id = "selectAllUserInfo" resultType="com.ultimate.common.CustomerExportEntity">
		SELECT
			customerId,
			userName AS userName,
			customerProvince AS customerProvince,
			customerArea AS customerArea,
			taxId AS taxId,
			mobile AS mobile,
			contactName AS contactName,
			telephone,
			rd1 AS rd1,
			rd2 AS rd2,
			rd3 AS rd3,
			rd4 AS rd4,
			rd5 AS rd5
		FROM
			scm_account_tbl
	</select>
	<!-- 添加用户信息 -->
	<insert id="insertCustomerUserAccount" parameterType="com.ultimate.common.CustomerExportEntity" >
		INSERT INTO scm_account_tbl (
			lastUpdateTime,
			userName,
			mobile,
			customerId,
			customerProvince,
			customerArea,
			contactName,
			email,
			address,
			rd1,
			rd2,
			rd3,
			rd4,
			rd5,
			taxId,
			<if test="idtype !=null">idtype,</if>
			<if test="idno !=null">idno,</if>
			<if test="isRz !=null">isRz,</if>
			<if test="accountDay !=null and accountDay!=''">accountDay,</if>
			<if test="memberCode !=null">memberCode,</if>
			<if test="rsv1 !=null">rsv1,</if>
			<if test="rsv2 !=null">rsv2,</if>
			<if test="rsv3 !=null">rsv3,</if>
			telephone
		) VALUES (
			sysdate(),
			#{userName},
			#{mobile},
			#{customerId},
			#{customerProvince},
			#{customerArea},
			#{contactName},
			#{email},
			#{address},
			#{rd1},
			#{rd2},
			#{rd3},
			#{rd4},
			#{rd5},
			#{taxId},
			<if test="idtype !=null">#{idtype},</if>
			<if test="idno !=null">#{idno},</if>
			<if test="isRz !=null">#{isRz},</if>
			<if test="accountDay !=null and accountDay!=''">#{accountDay},</if>
			<if test="memberCode !=null">#{memberCode},</if>
			<if test="rsv1 !=null">#{rsv1},</if>
			<if test="rsv2 !=null">#{rsv2},</if>
			<if test="rsv3 !=null">#{rsv3},</if>
			#{telephone}
		)
	</insert>
	<!-- 修改用户信息 -->
	<update id="updateCustomerUserAccount" parameterType="com.ultimate.common.CustomerExportEntity">
		UPDATE scm_account_tbl
		SET 
			userName = #{userName},
			taxId = #{taxId},
			mobile = #{mobile},
			telephone = #{telephone},
			customerProvince = #{customerProvince},
			customerArea = #{customerArea},
			contactName = #{contactName},
			email = #{email},
			address = #{address},
			lastUpdateTime = SYSDATE(),
			<if test="idtype !=null">idtype=#{idtype},</if>
			<if test="idno !=null">idno=#{idno},</if>
			<if test="isRz !=null">isRz=#{isRz},</if>
			<if test="accountDay !=null and accountDay!=''">accountDay=#{accountDay},</if>
			<if test="memberCode !=null">memberCode=#{memberCode},</if>
			<if test="rsv1 !=null">rsv1=#{rsv1},</if>
			<if test="rsv2 !=null">rsv2=#{rsv2},</if>
			<if test="rsv3 !=null">rsv3=#{rsv3},</if>
			rd1 = #{rd1},
			rd2 = #{rd2},
			rd3 = #{rd3},
			rd4 = #{rd4},
			rd5 = #{rd5}
		WHERE
			customerId = #{customerId}
	</update>
	
	<!-- 更新用户表中上一次同步的手机号码 -->  
	<update  id = "updateCustomererpMobile">
	update scm_account_tbl
	set erpMobile=#{erpMobile}
	where customerId = #{customerId}
	</update>
	<select id = "selectUserCompanyInfo" resultType="hashmap">
		select * from scm_user_company_tbl where userId = #{userId} and companyId = #{companyId}
	</select>
	
	<update id = "updateUserInfo">
		update scm_user_company_tbl
		set
			customerId = #{customerId},
			balance = #{balance},
			rd1 = #{rd1},
			rd2 = #{rd2}
		where userId = #{userId} and companyId = #{companyId}
	</update>
	
	<insert id = "addUserCompanyInfo">
		INSERT INTO scm_user_company_tbl (
			userId,
			customerId,
			companyId,
			balance,
			rd1,
			rd2
		)
		VALUES(
			#{userId},
			#{customerId},
			#{companyId},
			#{balance},
			#{rd1},
			#{rd2}
		)
	</insert>
	
	
	<!-- 根据用户角色roleId获取一级菜单 -->
	<select id="getRoleMenus" resultType="hashmap">
	  SELECT
	    fn.url as menuUrl,
	    fn.name as menuName,
	    fn.id as menuId,
	    fn.icon as menuIcon,
	    fn.enable,
	    fn.businessKey,
	    fn.parentId
	    , (
	    	select url from scm_function_tbl sft 
			where sft.id in (select funcId from scm_rolefunc_tbl where roleId=#{roleId})
			and sft.parentId = fn.id
	       	order by sortNo limit 1) as sMenuUrl
	  FROM
	  scm_function_tbl fn
	  LEFT JOIN scm_rolefunc_tbl ro ON ro.funcId = fn.id
	  WHERE	 ro.roleId = #{roleId}
	    and fn.enable='1'
	    and fn.level = '2'
	    <if test="types != null">
		 	and fn.type IN 
				<foreach item="item" index="index" collection="types" open="(" separator="," close=")">
					 #{item}
				</foreach> 
		</if>
	   <!--  and fn.parentId is null -->
	    order by fn.sortNo
	</select>
	
	
	<!-- 根据一级菜单parentId获取子菜单 -->
	<select id="getSubMenus" resultType="hashmap">
	  SELECT
	    fn.url as menuUrl,
	    fn.name as menuName,
	    fn.id as menuId,
	    fn.icon as menuIcon,
	    fn.enable,
	    fn.parentId,
	    pf.url as pareUrl
	  FROM 
	  scm_rolefunc_tbl srt LEFT JOIN
	  scm_function_tbl fn on srt.funcId = fn.id 
	  	left join scm_function_tbl pf on fn.id = pf.parentId
	  WHERE fn.enable='1' and  srt.roleId = #{roleId}
	  	<if test="parentId !=null and parentId!=''">
          and fn.parentId=#{parentId}
    	</if>
    	<if test="menuUrl !=null and menuUrl !=''">
          and fn.url=#{menuUrl}
    	</if>
	</select>
	
	
	<!-- 根据一级菜单menuUrl获取子菜单 -->
	<select id="getPareMenus" resultType="hashmap">
	  SELECT
	    fn.url as menuUrl,
	    fn.name as menuName,
	    fn.id as menuId,
	    fn.icon as menuIcon,
	    fn.enable,
	    fn.parentId,
	    pf.url as pareUrl
	  FROM 
	  scm_rolefunc_tbl srt LEFT JOIN
	  scm_function_tbl fn on srt.funcId = fn.id 
	  	join scm_function_tbl pf on fn.parentId = pf.id
	  WHERE fn.enable='1'	 and  srt.roleId = #{roleId}
    	<if test="menuUrl !=null and menuUrl !=''">
          and fn.parentId in(select parentId from scm_function_tbl where url=#{menuUrl})
    	</if>
    	<if test="types != null">
		 	and fn.type IN 
				<foreach item="item" index="index" collection="types" open="(" separator="," close=")">
				 #{item}
				</foreach> 
		 </if> 
    	order by fn.sortNo
	</select>
	

	<!-- 新增用户 -->
	<insert id="insertUnionUser" parameterType="com.espresso.commons.UserEntity">
		<selectKey resultType="long" keyProperty="id">
			SELECT LAST_INSERT_ID()
		</selectKey>
		INSERT INTO union_user_tbl(loginName,password,userName,customId,enable,telephone,
		                        mobilephone,email,address,createTime,lastUpdateTime,appId,sellerId,rsv1,rsv2)
		VALUES (#{loginName},#{password},#{userName},#{customId},#{enable},#{telephone},
		        #{mobilephone},#{email},#{address},sysdate(),sysdate(),#{appId},#{sellerId},#{rsv1},#{rsv2})
	</insert>
	
		<!-- 创建本地用户信息 -->
	<insert id="insertLocalUser" parameterType="HashMap">
		<selectKey resultType="long" keyProperty="id">
			SELECT LAST_INSERT_ID()
		</selectKey>
		INSERT INTO scm_account_tbl (
			unionId,
			customerId,
			password,
			userName,
			<if test="taxId != null and taxId != ''">taxId,</if>
			<if test="mobile != null and mobile != ''">mobile,</if>
			<if test="telephone != null and telephone != ''">telephone,</if>
			<if test="lastLoginTime != null and lastLoginTime != ''">lastLoginTime,</if>
			<if test="lastLoginIp != null and lastLoginIp != ''">lastLoginIp,</if>
			<if test="email != null and email != ''">email,</if>
			<if test="address != null and address != ''">address,</if>
			<if test="companyId != null and companyId != ''">companyId,</if>
			<if test="customerProvince != null and customerProvince != ''">customerProvince,</if>
			<if test="customerArea != null and customerArea != ''">customerArea,</if>
			<if test="contactName != null and contactName != ''">contactName,</if>
			<if test="rd1 != null and rd1 != ''">rd1,</if>
			<if test="rd2 != null and rd2 != ''">rd2,</if>
			<if test="rd3 != null and rd3 != ''">rd3,</if>
			<if test="rd4 != null and rd4 != ''">rd4,</if>
			<if test="rd5 != null and rd5 != ''">rd5,</if>
			<if test="erpMobile != null and erpMobile != ''">erpMobile,</if>
			lastUpdateTime
		)
		VALUES
			(
			#{unionId},
			#{customerId},
			#{password},
			#{userName},
			<if test="taxId != null and taxId != ''">#{taxId},</if>
			<if test="mobile != null and mobile != ''">#{mobile},</if>
			<if test="telephone != null and telephone != ''">#{telephone},</if>
			<if test="lastLoginTime != null and lastLoginTime != ''">#{lastLoginTime},</if>
			<if test="lastLoginIp != null and lastLoginIp != ''">#{lastLoginIp},</if>
			<if test="email != null and email != ''">#{email},</if>
			<if test="address != null and address != ''">#{address},</if>
			<if test="companyId != null and companyId != ''">#{companyId},</if>
			<if test="customerProvince != null and customerProvince != ''">#{customerProvince},</if>
			<if test="customerArea != null and customerArea != ''">#{customerArea},</if>
			<if test="contactName != null and contactName != ''">#{contactName},</if>
			<if test="rd1 != null and rd1 != ''">#{rd1},</if>
			<if test="rd2 != null and rd2 != ''">#{rd2},</if>
			<if test="rd3 != null and rd3 != ''">#{rd3},</if>
			<if test="rd4 != null and rd4 != ''">#{rd4},</if>
			<if test="rd5 != null and rd5 != ''">#{rd5},</if>
			<if test="erpMobile != null and erpMobile != ''">#{erpMobile},</if>
			sysdate()
			)
	</insert>
		<!-- 插入用户关系信息 -->
	<insert id="inserUserRelate" parameterType="HashMap">
		INSERT INTO scm_user_relate_tbl (
			
			userName,
			customerId,
			belongTo,
			belongCustomerId,			
			type,
			<if test="belongToCompanyId != null and belongToCompanyId != ''">belongToCompanyId,</if>
			<if test="rd1 != null and rd1 != ''">rd1,</if>
			<if test="rd2 != null and rd2 != ''">rd2,</if>
			userId
		)
		VALUES
		(
			#{userName},
			#{customerId},
			#{belongTo},
			#{belongCustomerId},			
			#{type},
			<if test="belongToCompanyId != null and belongToCompanyId != ''">#{belongToCompanyId},</if>
			<if test="rd1 != null and rd1 != ''">#{rd1},</if>
			<if test="rd2 != null and rd2 != ''">#{rd2},</if>
			#{userId}
		)
	</insert>
	<!-- 校验用户统一认证唯一性 -->
	<select id="checkUnique" resultType="hashmap">
		select u.id,u.loginName,u.appid,a.name as appname,u.userName,u.customId as customerId
			,u.sellerId,u.enable,u.mobilephone,u.rsv1
		from union_user_tbl as u 
			left join union_app_tbl as a
			on u.appId = a.id
		where 1=1
			<if test="appname !=null and appname !=''">
				and a.name = #{appname}			
			</if>
			<if test="loginName != null and loginName != ''"> 
				and u.loginName=#{loginName}
			</if>	
			<if test="customerId != null and customerId != ''"> 
				and u.customId=#{customerId}
			</if>	
			<if test="mobilephone != null and mobilephone != ''"> 
				and u.mobilephone=#{mobilephone}
			</if>
			<if test = "id != null and id !=''">
				and u.id != #{id}
			</if>	
	</select>
	
	<select id="queryUser" parameterType="map" resultType="com.espresso.commons.UserEntity">
		SELECT
		u.id,
		u.loginName,
		u.userName,
		u.customId,
		u.sellerId,
		u.enable,
		u.telephone,
		u.mobilephone,
		u.email,
		u.address,
		u.createTime,
		u.lastUpdateTime,
		u.appId
	FROM
		union_user_tbl u
	LEFT JOIN union_app_tbl a ON u.appId = a.id
	WHERE
		a.name = #{appId}
		<if test="searchKey != null and searchKey != ''"> and(u.userName like CONCAT('%',#{searchKey},'%') or u.customId like CONCAT('%',#{searchKey},'%') )</if>

	</select>
	<!-- 修改统一认证用户信息 -->
	<update id="updateUnionUser" parameterType="com.espresso.commons.UserEntity">
		UPDATE union_user_tbl
		SET userName = #{userName},
		loginName = #{loginName},
		customId  =#{customId},
		 sellerId = #{sellerId},
		 mobilephone =#{mobilephone},
		 address =#{address},
		 telephone = #{telephone},
		 email = #{email},
		 lastUpdateTime = sysdate()
		WHERE
			id = #{id}
	</update>
	<!-- 修改本地用户信息 -->
	<update id="updateLocalUser" parameterType="HashMap">
		UPDATE scm_account_tbl
		SET 
		<if test="userName != null and userName != ''">userName = #{userName},</if>
		<if test="customerId != null and customerId != ''">customerId = #{customerId},</if>				
		<if test="telephone != null and telephone != ''">telephone = #{telephone},</if>
		<if test="address != null and address != ''">address = #{address},</if>
		<if test="mobile != null and mobile != ''">mobile = #{mobile},</if>
		<if test="email != null and email != ''">email = #{email},</if>
		unionId = #{unionId},
		lastUpdateTime = sysdate()
		WHERE
			unionId = #{unionId}
	</update>

	<!-- 根据用户角色roleId获取一级菜单 -->
	<select id="getMobileMenus" resultType="hashmap">
	  SELECT
	    fn.url as menuUrl,
	    fn.name as menuName,
	    fn.id as menuId,
	   	fn.icon as menuIcon,
	    fn.enable,
	    fn.businessKey,
	    fn.type,
	    ro.bottom,
	    fn.parentId
	    , (select url from scm_function_tbl 
	       where fn.id = parentId order by sortNo limit 1) as sMenuUrl
	  FROM
	  scm_function_tbl fn
	  LEFT JOIN scm_rolefunc_tbl ro ON ro.funcId = fn.id
	  WHERE	 ro.roleId = #{roleId}
	    and fn.enable='1'
	    and fn.level = '2'
         and (fn.type='1' or fn.type='3')
	   <!--  and fn.parentId is null -->
	    order by fn.sortNo
	</select>
	
	<!-- 获取用户推送审核信息 -->
	<select id="getApproveInfo" resultType="hashmap">
			SELECT
				uc.userId,
				uc.customerId,
				ct.companyName,
				uc.companyId
			FROM
				scm_user_company_tbl uc
			LEFT JOIN scm_company_tbl ct ON uc.companyId = ct.companyId
			WHERE
				ct.`enable` = '1'
			<if test="userId != null and userId != ''">
				AND uc.userId = #{userId}
			</if>
			<if test="customerId != null and customerId != ''">
				AND uc.customerId = #{customerId}
			</if>
			<if test="companyId != null and companyId != ''">
				AND uc.companyId = #{companyId}
			</if>
	</select>
	
	<insert id="insertUserRoles">
		insert into scm_userrole_tbl
		(createTime,lastUpdateTime,unionId,roleId)
		values		
		(sysdate(),sysdate(),
		#{unionId},
		#{roleId}					
		)
		
	</insert>
	
	<select id="queryUserRoles" resultType="com.espresso.commons.RoleEntity">
		SELECT
			roleId AS id
		FROM
			scm_userrole_tbl
		WHERE
			unionId = #{unionId}
	</select>
	<delete id="deleteUserRoles" >
		delete from scm_userrole_tbl
		where
			unionId = #{unionId}
	</delete>
	
	<update id = "changePassword">
		update union_user_tbl 
		<set>		
			password = #{password},
		<if test="isFirstLogin != null and isFirstLogin !=''">
			isFirstLogin = #{isFirstLogin},
		</if>
			pswdErrorCount = #{pswdErrorCount},
			lastUpdateTime = sysdate()
		</set>
		where  1 = 1
		<if test="loginName != null and loginName !=''">
			and loginName = #{loginName}
		</if> 
		<if test="mobilephone != null and mobilephone !=''">
			and mobilephone = #{mobilephone}
		</if>
		<if test="appname != null and appname !=''">
				 and appId 
		in (select id from union_app_tbl where name = #{appname} and delFlag != '1')
		</if>
	</update>
	
	
	
	<select id="findUserList" resultType="hashmap">
		SELECT DISTINCT DATE_FORMAT(A.lastUpdateTime,'%Y-%m-%d %T') AS lastUpdateTime,
			A.userName,
			A.mobile,
			A.customerId,
			A.customerProvince,
			A.customerArea,
			A.contactName,
			A.email,
			A.address,
			A.idtype,
			A.idno,
			A.rd1,
			A.rd2,
			A.rd3,
			A.rd4,
			A.rd5,
			A.taxId,
			A.telephone,
			A.unionId,
			B.roleId,
			c.companyId
		FROM scm_account_tbl A
		  join (select unionId,min(roleId) as roleId from scm_userrole_tbl where roleId in('1','2','9','11') group by unionId) B on B.unionId = A.unionId
		  left join scm_user_company_tbl c on A.customerId = c.customerId
		WHERE 1=1
		<if test="startTime != null and startTime!=''">
			and A.lastUpdateTime  <![CDATA[>=]]>#{startTime}
		</if>
		<if test="endTime != null and endTime !=''">
			and A.lastUpdateTime <![CDATA[<=]]>#{endTime}
		</if>
		order by A.lastUpdateTime asc;
	</select>
	
	
	<delete id = "deleteUserBankInfo">
		delete from scm_customer_acc_tbl where customerId = #{customerId}
	</delete>
	
	<select id="findUserAccNoList" resultType="hashmap">
		SELECT DATE_FORMAT(A.lastUpdateTime,'%Y-%m-%d %T') AS lastUpdateTime,
			DATE_FORMAT(A.createTime,'%Y-%m-%d %T') AS createTime,
			A.companyId,
			A.companyName,
			A.customerId,
			A.accNo,
			A.accName,
			A.type,
			A.sysioflag,
			A.oppositebankname,
			A.oppositebankno,
			A.rd1,
			A.rd2,
			A.rd3,
			A.rd4,
			A.rd5,
			A.rsv1,
			A.rsv2,
			A.rsv3
		FROM scm_customer_acc_tbl A
		  join scm_account_tbl C on A.customerId = C.customerId
		  join (select unionId,min(roleId) as roleId from scm_userrole_tbl 
		  		where roleId in('1','2','9','11') group by unionId) B on B.unionId = C.unionId
		WHERE 1=1
		<if test="startTime != null and startTime!=''">
			and A.createTime  <![CDATA[>=]]>#{startTime}
		</if>
		<if test="endTime != null and endTime !=''">
			and A.createTime <![CDATA[<=]]>#{endTime}
		</if>
		order by A.lastUpdateTime asc;
	</select>
	
	<!-- 添加用户分公司信息 -->
	<insert id = "addUserBankInfo" >
		insert into scm_customer_acc_tbl
			(
				companyId,
				companyName,
				customerId,
				customerName,
				accNo,
				accName,
				createTime,
				lastUpdateTime,
				type,
				sysioflag,
				oppositebankname,
				oppositebankno,
				rd1,
				rd2,
				rd3,
				rd4,
				rd5,
				rsv1,
				rsv2,
				rsv3
			)
		values
		<foreach collection="list" item="item" index="index" separator=",">
			(
				#{item.companyId},
				#{item.companyName},
				#{item.customerId},
				#{item.customerName},
				#{item.accNo},
				#{item.accName},
				#{item.createTime},
				#{item.lastUpdateTime},
				#{item.type},
				#{item.sysioflag},
				#{item.oppositebankname},
				#{item.oppositebankno},
				#{item.rd1},
				#{item.rd2},
				#{item.rd3},
				#{item.rd4},
				#{item.rd5},
				#{item.rsv1},
				#{item.rsv2},
				#{item.rsv3}
			)
		</foreach>
	</insert>
	
</mapper>