<?xml version="1.0" encoding="UTF-8"?>
<!DOCTYPE mapper
  PUBLIC "-//mybatis.org//DTD Mapper 3.0//EN"
    "http://mybatis.org/dtd/mybatis-3-mapper.dtd">
<mapper namespace="standardApprove">	
	<!-- 获取审批状态 -->
	<select id="getApproveStatus" resultType="hashmap">
		SELECT
			A.id AS id,
			A.approveType AS approveType,
			A.approveStatus AS approveStatus,
			A.approveStatusName AS approveStatusName,
			A.indexNo AS indexNo,
			A.isFinished AS isFinished,
			A.isAllowEnd AS isAllowEnd,
			A.approvePage AS approvePage,
			A.rd1 AS rd1,
			A.Rd2 AS Rd2,
			A.Rd3 AS Rd3,
			A.Rd4 AS Rd4,
			A.Rd5 AS Rd5
		FROM scm_approve_status_tbl A
		WHERE 1=1
		<if test="id != null and id != ''">	
			and A.id = #{id}
		</if>
		<if test="approveType != null and approveType != ''">	
			and A.approveType = #{approveType}
		</if>
		<if test="isFinished != null and isFinished != ''">	
			and A.isFinished = #{isFinished}
		</if>
		<if test="approveStatus != null and approveStatus != ''">	
			and A.approveStatus = #{approveStatus}
		</if>
		<if test="indexNo != null and indexNo != ''">	
			and A.indexNo = #{indexNo}
		</if>
		order by A.approvetype,A.indexNo
	</select>
	
	
	<!-- 获取流程类型字典 -->
	<select id="getApproveType" resultType="hashmap">
		SELECT
			A.id AS id,
			A.approveType,
			A.approveTypeName,
			A.listSql,
			A.fieldList,
			A.detailPage,
			A.rd1 AS rd1,
			A.Rd2 AS Rd2,
			A.Rd3 AS Rd3,
			A.Rd4 AS Rd4,
			A.Rd5 AS Rd5
		FROM scm_approve_type_tbl A
		WHERE 1=1
		<if test="id != null and id != ''">	
			and A.id = #{id}
		</if>
		<if test="approveType != null and approveType != ''">	
			and A.approveType = #{approveType}
		</if>		
		order by A.approvetype
	</select>
	
	
	<!-- 获取角色流程查询表 -->
	<select id="getApproveView" resultType="hashmap">
		SELECT
			A.roleId,
			A.approveType,
			B.approveTypeName,
			A.rd1 AS rd1,
			A.Rd2 AS Rd2,
			A.Rd3 AS Rd3,
			A.Rd4 AS Rd4,
			A.Rd5 AS Rd5
		FROM scm_approve_view_tbl A 
		join scm_approve_type_tbl B on A.approveType = B.approveType
		WHERE 1=1
		<if test="id != null and id != ''">	
			and A.id = #{id}
		</if>
		<if test="roleId != null and roleId != ''">	
			and A.roleId = #{roleId}
		</if>
		<if test="approveType != null and approveType != ''">	
			and A.approveType = #{approveType}
		</if>		
		order by A.approveType
	</select>
	
	<!-- 获取角色流程查询表 -->
	<select id="getApproveRole" resultType="hashmap">
		SELECT
			A.roleId,
			A.approveType,
			B.approveTypeName,
			A.approveStatus,
			A.rd1 AS rd1,
			A.Rd2 AS Rd2,
			A.Rd3 AS Rd3,
			A.Rd4 AS Rd4,
			A.Rd5 AS Rd5
		FROM scm_approve_role_tbl A 
		join scm_approve_type_tbl B on A.approveType = B.approveType
		WHERE 1=1
		<if test="id != null and id != ''">	
			and A.id = #{id}
		</if>
		<if test="roleId != null and roleId != ''">	
			and A.roleId = #{roleId}
		</if>
		<if test="approveType != null and approveType != ''">	
			and A.approveType = #{approveType}
		</if>
		<if test="approveStatus != null and approveStatus != ''">	
			and A.approveStatus = #{approveStatus}
		</if>
		order by A.approveType,A.roleId,A.approveStatus
	</select>
	
	
	<!-- 获取待审批查询列表:查询权限控制,有指定审批者的优化使用审批者,不然使用状态与对应的角色的权限控制 -->
	<select id="findApproveList" resultType="hashmap">
		SELECT
			A.id,
			A.approveType,
			A.approveId,
			A.approveNo,
			A.companyId,
			A.companyName,
			A.approveStatus,
			B.approveStatusName,
			A.beforeStatus,
			A.stepNo,
			A.isLast,
			A.userId,
			A.customerId,
			A.customerName,
			A.approveUserId,
			A.approveCustomerId,
			A.approveCustomerName,
			A.approveNote,
			DATE_FORMAT(A.createDate, '%Y-%m-%d') createDate,
			DATE_FORMAT(A.createTime,'%Y-%m-%d %T') AS createTime,
			DATE_FORMAT(A.lastUpdateTime, '%Y-%m-%d %T') lastUpdateTime,
			A.createUser,
			A.rd1,
			A.rd2,
			A.Rd3,
			A.Rd4,
			A.Rd5
		FROM scm_approve_tbl A
		join scm_approve_status_tbl B on A.approveType = B.approveType and A.approveStatus = B.approveStatus
		WHERE A.isLast = '1'
		  and A.approveStatus in(select B.approveStatus from scm_approve_role_tbl B 
									where A.approveType = B.approveType and roleId=#{roleId})
		<if test="approveUserId != null and approveUserId != ''">	
			and (A.approveUserId = #{approveUserId} or A.approveUserId IS NULL or A.approveUserId ='')  
		</if>
		<if test="approveCustomerId != null and approveCustomerId != ''">	
			and (A.approveCustomerId = #{approveCustomerId} or A.approveCustomerId IS NULL or A.approveCustomerId ='')  
		</if>
		<if test="id != null and id != ''">	
			and A.id = #{id}
		</if>		
		<if test="approveType != null and approveType != ''">	
			and A.approveType = #{approveType}
		</if>
		<if test="companyId != null and companyId != ''">	
			and A.companyId = #{companyId}
		</if>
		<if test="approveId != null and approveId != ''">	
			and A.approveId = #{approveId}
		</if>
		<if test="approveNo != null and approveNo != ''">	
			and A.approveNo = #{approveNo}
		</if>
		<if test="qStartDate != null and qStartDate !=''">
			and A.createDate <![CDATA[>=]]> #{qStartDate}
		</if>
		<if test="qEndDate != null and qEndDate !=''">
			and A.createDate <![CDATA[<=]]> #{qEndDate}
		</if>
		<if test="userIds != null">
			 and A.userId IN
			 <foreach item="item" index="index" collection="userIds" open="(" separator="," close=")">
			 	#{item}
			 </foreach>
	    </if>
		order by A.approveType,A.createTime desc
	</select>
	
	
	<!-- 获取单笔待审批列表 -->
	<select id="findApproveInfoList" resultType="hashmap">
		SELECT
			A.id,
			A.approveType,
			A.approveId,
			A.approveNo,
			A.companyId,
			A.companyName,
			A.approveStatus,
			B.approveStatusName,
			A.beforeStatus,
			C.approveStatusName as beforeStatusName,
			A.stepNo,
			A.isLast,
			A.userId,
			A.customerId,
			A.customerName,
			A.approveUserId,
			A.approveCustomerId,
			A.approveCustomerName,
			A.approveNote,
			DATE_FORMAT(A.createDate, '%Y-%m-%d') createDate,
			DATE_FORMAT(A.createTime,'%Y-%m-%d %T') AS createTime,
			DATE_FORMAT(A.lastUpdateTime, '%Y-%m-%d %T') lastUpdateTime,
			A.createUser,
			A.rd1,
			A.rd2,
			A.Rd3,
			A.Rd4,
			A.Rd5
		FROM scm_approve_tbl A
		join scm_approve_status_tbl B on A.approveType = B.approveType and A.approveStatus = B.approveStatus
		left join scm_approve_status_tbl C on A.approveType = C.approveType and A.beforeStatus = C.approveStatus
		WHERE A.approveType = #{approveType}
		<if test="approveId != null and approveId != ''">	
			and A.approveId = #{approveId}
		</if>		
		<if test="approveNo != null and approveNo != ''">	
			and A.approveNo = #{approveNo}
		</if>
		<if test="userIds != null">
			 and A.userId IN
			 <foreach item="item" index="index" collection="userIds" open="(" separator="," close=")">
			 	#{item}
			 </foreach>
	    </if>
		order by A.approveType,A.approveId,A.stepNo
	</select>
	
	
	
	<!-- 获取已审批查询列表 -->
	<select id="findApproveHisList" resultType="hashmap">
		SELECT
			A.id,
			A.approveIndex,
			A.approveType,
			A.approveId,
			A.approveNo,
			A.companyId,
			A.companyName,
			A.approveStatus,
			B.approveStatusName,
			A.beforeStatus,
			A.stepNo,
			A.isLast,
			A.userId,
			A.customerId,
			A.customerName,
			A.approveUserId,
			A.approveCustomerId,
			A.approveCustomerName,
			A.approveNote,
			DATE_FORMAT(A.createDate, '%Y-%m-%d') createDate,
			DATE_FORMAT(A.createTime,'%Y-%m-%d %T') AS createTime,
			DATE_FORMAT(A.lastUpdateTime, '%Y-%m-%d %T') lastUpdateTime,
			A.createUser,
			A.rd1,
			A.rd2,
			A.Rd3,
			A.Rd4,
			A.Rd5
		FROM scm_approve_his_tbl A
		join scm_approve_status_tbl B on A.approveType = B.approveType and A.approveStatus = B.approveStatus
		WHERE A.isLast = '1'		  
		<if test="id != null and id != ''">	
			and A.id = #{id}
		</if>		
		<if test="approveType != null and approveType != ''">	
			and A.approveType = #{approveType}
		</if>
		<if test="approveStatus != null and approveStatus != ''">	
			and A.approveStatus = #{approveStatus}
		</if>
		<if test="companyId != null and companyId != ''">	
			and A.companyId = #{companyId}
		</if>
		<if test="approveId != null and approveId != ''">	
			and A.approveId = #{approveId}
		</if>
		<if test="approveNo != null and approveNo != ''">	
			and A.approveNo = #{approveNo}
		</if>
		<if test="qStartDate != null and qStartDate !=''">
			and A.createDate <![CDATA[>=]]> #{qStartDate}
		</if>
		<if test="qEndDate != null and qEndDate !=''">
			and A.createDate <![CDATA[<=]]> #{qEndDate}
		</if>
		<if test="userIds != null">
			 and A.userId IN
			 <foreach item="item" index="index" collection="userIds" open="(" separator="," close=")">
			 	#{item}
			 </foreach>
	    </if>
		order by A.approveType,A.createTime desc
	</select>
	
	<!-- 获取单笔待审批列表 -->
	<select id="findApproveHisInfoList" resultType="hashmap">
		SELECT
			A.id,
			A.approveIndex,
			A.approveType,
			A.approveId,
			A.approveNo,
			A.companyId,
			A.companyName,
			A.approveStatus,
			B.approveStatusName,
			A.beforeStatus,
			C.approveStatusName as beforeStatusName,
			A.stepNo,
			A.isLast,
			A.userId,
			A.customerId,
			A.customerName,
			A.approveUserId,
			A.approveCustomerId,
			A.approveCustomerName,
			A.approveNote,
			DATE_FORMAT(A.createDate, '%Y-%m-%d') createDate,
			DATE_FORMAT(A.createTime,'%Y-%m-%d %T') AS createTime,
			DATE_FORMAT(A.lastUpdateTime, '%Y-%m-%d %T') lastUpdateTime,
			A.createUser,
			A.rd1,
			A.rd2,
			A.Rd3,
			A.Rd4,
			A.Rd5
		FROM scm_approve_his_tbl A
			 join scm_approve_status_tbl B on A.approveType = B.approveType and A.approveStatus = B.approveStatus
		left join scm_approve_status_tbl C on A.approveType = C.approveType and A.beforeStatus = C.approveStatus
		WHERE A.approveType = #{approveType}
		<if test="approveIndex != null and approveIndex != ''">	
			and A.approveIndex = #{approveIndex}
		</if>
		<if test="approveId != null and approveId != ''">	
			and A.approveId = #{approveId}
		</if>
		<if test="approveNo != null and approveNo != ''">	
			and A.approveNo = #{approveNo}
		</if>
		<if test="userIds != null">
			 and A.userId IN
			 <foreach item="item" index="index" collection="userIds" open="(" separator="," close=")">
			 	#{item}
			 </foreach>
	    </if>
		order by A.approveType,A.approveId,A.stepNo
	</select>
	
	
	
	<!-- 添加审批记录信息 -->
	<insert id = "insertApprove" >
		insert into scm_approve_tbl
			(
			approveType
			<if test="approveId !=null">,approveId</if>
			<if test="approveNo !=null">,approveNo</if>
			<if test="companyId !=null">,companyId</if>
			<if test="companyName !=null">,companyName</if>
			,approveStatus
			<if test="beforeStatus !=null">,beforeStatus</if>
			,stepNo
			,isLast
			<if test="userId !=null">,userId</if>
			<if test="customerId !=null">,customerId</if>
			<if test="customerName !=null">,customerName</if>
			<if test="approveUserId !=null and approveUserId!=''">,approveUserId</if>
			<if test="approveCustomerId !=null">,approveCustomerId</if>
			<if test="approveCustomerName !=null">,approveCustomerName</if>
			<if test="approveNote !=null">,approveNote</if>
			<if test="createDate !=null">,createDate</if>
			<if test="createTime !=null">,createTime</if>
			<if test="createUser !=null">,createUser</if>
			<if test="lastUpdateTime !=null">,lastUpdateTime</if>
			<if test="rd1 !=null">,rd1</if>
			<if test="rd2 !=null">,rd2</if>
			<if test="Rd3 !=null">,Rd3</if>
			<if test="Rd4 !=null">,Rd4</if>
			<if test="Rd5 !=null">,Rd5</if>
			)
		values
		(
			#{approveType}
			<if test="approveId !=null">,#{approveId}</if>
			<if test="approveNo !=null">,#{approveNo}</if>
			<if test="companyId !=null">,#{companyId}</if>
			<if test="companyName !=null">,#{companyName}</if>
			,#{approveStatus}
			<if test="beforeStatus !=null">,#{beforeStatus}</if>
			,#{stepNo}
			,#{isLast}
			<if test="userId !=null">,#{userId}</if>
			<if test="customerId !=null">,#{customerId}</if>
			<if test="customerName !=null">,#{customerName}</if>
			<if test="approveUserId !=null and approveUserId!=''">,#{approveUserId}</if>
			<if test="approveCustomerId !=null">,#{approveCustomerId}</if>
			<if test="approveCustomerName !=null">,#{approveCustomerName}</if>
			<if test="approveNote !=null">,#{approveNote}</if>
			<if test="createDate !=null">,#{createDate}</if>
			<if test="createTime !=null">,#{createTime}</if>
			<if test="createUser !=null">,#{createUser}</if>
			<if test="lastUpdateTime !=null">,#{lastUpdateTime}</if>
			<if test="rd1 !=null">,#{rd1}</if>
			<if test="rd2 !=null">,#{rd2}</if>
			<if test="Rd3 !=null">,#{Rd3}</if>
			<if test="Rd4 !=null">,#{Rd4}</if>
			<if test="Rd5 !=null">,#{Rd5}</if>
		 )
	</insert>
	
	<select id="getApproveIndexNo" resultType="String">
		 select ifnull(A.approveIndexNo,'0001') as approveIndexNo
    	 from(
    	    select  LPAD(max(right(approveIndex,4))+1,4,'0') as approveIndexNo
    	    from scm_approve_his_tbl
    	    where approveType = #{approveType}
    	      <if test="approveId != null and approveId != ''">	
				and approveId = #{approveId}
			  </if>
			  <if test="approveNo != null and approveNo != ''">	
				and approveNo = #{approveNo}
			  </if>
			  and approveIndex like concat(#{curDate},'%')			  
    	  ) A
	</select>
	
	<!-- 添加审批记录信息 -->
	<insert id = "insertApproveHis" >
		insert into scm_approve_his_tbl
			(
			 approveIndex
			,approveType
			<if test="approveId !=null">,approveId</if>
			<if test="approveNo !=null">,approveNo</if>
			<if test="companyId !=null">,companyId</if>
			<if test="companyName !=null">,companyName</if>
			,approveStatus
			<if test="beforeStatus !=null">,beforeStatus</if>
			,stepNo
			,isLast
			<if test="userId !=null">,userId</if>
			<if test="customerId !=null">,customerId</if>
			<if test="customerName !=null">,customerName</if>
			<if test="approveUserId !=null">,approveUserId</if>
			<if test="approveCustomerId !=null">,approveCustomerId</if>
			<if test="approveCustomerName !=null">,approveCustomerName</if>
			<if test="approveNote !=null">,approveNote</if>
			<if test="createDate !=null">,createDate</if>
			<if test="createTime !=null">,createTime</if>
			<if test="createUser !=null">,createUser</if>
			<if test="lastUpdateTime !=null">,lastUpdateTime</if>
			<if test="rd1 !=null">,rd1</if>
			<if test="rd2 !=null">,rd2</if>
			<if test="Rd3 !=null">,Rd3</if>
			<if test="Rd4 !=null">,Rd4</if>
			<if test="Rd5 !=null">,Rd5</if>
			)
		values
		(
			 #{approveIndex}
			,#{approveType}
			<if test="approveId !=null">,#{approveId}</if>
			<if test="approveNo !=null">,#{approveNo}</if>
			<if test="companyId !=null">,#{companyId}</if>
			<if test="companyName !=null">,#{companyName}</if>
			,#{approveStatus}
			<if test="beforeStatus !=null">,#{beforeStatus}</if>
			,#{stepNo}
			,#{isLast}
			<if test="userId !=null">,#{userId}</if>
			<if test="customerId !=null">,#{customerId}</if>
			<if test="customerName !=null">,#{customerName}</if>
			<if test="approveUserId !=null">,#{approveUserId}</if>
			<if test="approveCustomerId !=null">,#{approveCustomerId}</if>
			<if test="approveCustomerName !=null">,#{approveCustomerName}</if>
			<if test="approveNote !=null">,#{approveNote}</if>
			<if test="createDate !=null">,#{createDate}</if>
			<if test="createTime !=null">,#{createTime}</if>
			<if test="createUser !=null">,#{createUser}</if>
			<if test="lastUpdateTime !=null">,#{lastUpdateTime}</if>
			<if test="rd1 !=null">,#{rd1}</if>
			<if test="rd2 !=null">,#{rd2}</if>
			<if test="Rd3 !=null">,#{Rd3}</if>
			<if test="Rd4 !=null">,#{Rd4}</if>
			<if test="Rd5 !=null">,#{Rd5}</if>
		 )
	</insert>
	
	<!-- 添加审批记录信息 -->
	<insert id = "batchInsertApproveHis" >
		insert into scm_approve_his_tbl
			(
			 approveIndex
			,approveType
			,approveId
			,approveNo
			,companyId
			,companyName
			,approveStatus
			,beforeStatus
			,stepNo
			,isLast
			,userId
			,customerId
			,customerName
			,approveUserId
			,approveCustomerId
			,approveCustomerName
			,approveNote
			,createDate
			,createTime
			,createUser
			,lastUpdateTime
			)
		values
		<foreach collection="list" item="item" index="index" separator=",">
			(
				 #{item.approveIndex}
				,#{item.approveType}
				,#{item.approveId}
				,#{item.approveNo}
				,#{item.companyId}
				,#{item.companyName}
				,#{item.approveStatus}
				,#{item.beforeStatus}
				,#{item.stepNo}
				,#{item.isLast}
				,#{item.userId}
				,#{item.customerId}
				,#{item.customerName}
				,#{item.approveUserId}
				,#{item.approveCustomerId}
				,#{item.approveCustomerName}
				,#{item.approveNote}
				,#{item.createDate}
				,#{item.createTime}
				,#{item.createUser}
				,#{item.lastUpdateTime}
			)
		</foreach>
	</insert>
	
	<delete id = "deleteApproveStatus">
		delete from scm_approve_status_tbl where id = #{id}
	</delete>
	
	<!-- 修改审批记录信息 -->	
	<update id="updateApprove">
		update scm_approve_tbl
		<set>
		   	isLast='0'
		   	<if test="approveUserId !=null">,approveUserId=#{approveUserId}</if>
			<if test="approveCustomerId !=null">,approveCustomerId=#{approveCustomerId}</if>
			<if test="approveCustomerName !=null">,approveCustomerName=#{approveCustomerName}</if>
			<if test="approveNote !=null">,approveNote=#{approveNote}</if>
			,lastUpdateTime = now()			
		</set>
		where id =#{id}
	</update>	
	
	
	<delete id = "deleteApproveInfo">
		delete from scm_approve_tbl where approveType = #{approveType}
			     <if test="approveId != null and approveId != ''">	
					and approveId = #{approveId}
				 </if>		
				 <if test="approveNo != null and approveNo != ''">	
					and approveNo = #{approveNo}
				 </if>
	</delete>
	
</mapper>