<?xml version="1.0" encoding="UTF-8"?>
<!DOCTYPE mapper
  PUBLIC "-//mybatis.org//DTD Mapper 3.0//EN"
    "http://mybatis.org/dtd/mybatis-3-mapper.dtd">
<mapper namespace="standardCompany">
	<resultMap type="com.ultimate.common.CompanyEntity" id="companyEntity"></resultMap>
	<!-- 获取所有分公司信息 -->
	<select id="getBranchCompanyInfo" resultMap="companyEntity">
			SELECT
				uc.userId,
				uc.customerId,
				ct.companyName,
				uc.companyId,
				uc.balance,
				uc.totalCredit,
				uc.remainCredit
			FROM
				scm_user_company_tbl uc
			LEFT JOIN scm_company_tbl ct ON uc.companyId = ct.companyId
			WHERE
				ct.`enable` = '1'
			AND uc.userId = #{id}
			<if test="searchKey != null and searchKey != ''">
				and CONCAT(uc.companyId,ct.companyName) like CONCAT('%',#{searchKey},'%')
			</if>
	</select>		
	
	<!-- 添加用户分公司信息 -->
	<insert id = "addUserCompanyInfo" >
		insert into scm_user_company_tbl
			(
				userId,
				customerId,
				companyId,
				balance,
				remainCredit,
				totalCredit,
				rd1,
				rd2,
				rd3,
				rd4,
				rd5,
				rsv1,
				rsv2,
				rsv3
			)
		values
		<foreach collection="list" item="item" index="index" separator=",">
			(
				#{item.userId},
				#{item.customerId},
				#{item.companyId},
				#{item.balance},
				#{item.remainCredit},
				#{item.totalCredit},
				#{item.rd1},
				#{item.rd2},
				#{item.rd3},
				#{item.rd4},
				#{item.rd5},
				#{item.rsv1},
				#{item.rsv2},
				#{item.rsv3}
			)
		</foreach>
	</insert>
	
	<delete id = "deleteUserCompanyInfo">
		delete from scm_user_company_tbl where userId = #{userId}
	</delete>
	
	<!-- 获取客户所在分公司对应余额信息 -->
	<select id="selectCompanyBalanceBy" resultType="hashmap">
		SELECT
			uco.balance,
			uco.totalCredit,
			uco.remainCredit,
			uco.companyId,
			uco.userId
		FROM
			scm_user_company_tbl uco
		WHERE
			uco.companyId = #{companyId} 
		and uco.userId=#{userId}
	</select>
	
	<!-- 根据分公司ID查询相应信息 -->
	<select id="getCompanyInfoById" resultType="hashmap">
		SELECT
			co.companyName,
			co.companyId,
			co.rd1,
			co.rd2
		FROM
			scm_company_tbl co
		WHERE
			co.companyId = #{companyId} 
		AND
			co.enable = '1'
	</select>
	
	<!-- 根据customerID查询相应信息 -->
	<select id="getCompanyInfoByCustId" resultType="hashmap">
		SELECT
			co.companyName,
			co.companyId,
			co.rd1,
			co.rd2
		FROM
			scm_company_tbl co
		LEFT JOIN scm_user_company_tbl suct ON suct.companyId = co.companyId 
		WHERE
			suct.customerId = #{customerId} 
		AND
			co.enable = '1'
	</select>
	
	<!-- 修改分公司余额信息  add by yfen 20150603 -->
	<update id="updateCompanyBalance">
	update scm_user_company_tbl ucom set ucom.balance=#{balance} 
		where ucom.userId=#{userId} 
		  and ucom.companyId = #{companyId}
	</update>
	<!-- 查询所有分公司信息 -->
	<select id="getAllCompanyInfo" resultType="hashmap">
		SELECT
			co.companyName,
			co.companyId,
			co.rd1,
			co.rd2
		FROM
			scm_company_tbl co
	</select>
</mapper>