<?xml version="1.0" encoding="UTF-8" ?>
<!DOCTYPE mapper PUBLIC "-//mybatis.org//DTD Mapper 3.0//EN" "http://mybatis.org/dtd/mybatis-3-mapper.dtd">

<mapper namespace="standardReceipt">
	<insert id="saveReceipt" parameterType="com.ultimate.common.ReceiptEntity">
	    <selectKey resultType="java.lang.Integer" order="AFTER" keyProperty="id" >
			select LAST_INSERT_ID() as id
		</selectKey>
	    insert into scm_receipt_tbl(  recAccNo,
								      payAccNo,
								      receiptNo,
								      receiptDate,
								      cachetNo,
								      fileUrl,
								      fileName)
					           value(#{recAccNo},
								     #{payAccNo},
								     #{receiptNo},
								     #{receiptDate},
								     #{cachetNo},
								     #{fileUrl},
								     #{fileName})
	</insert>
	<delete  id="deleteReceipt"  parameterType="com.ultimate.common.ReceiptEntity">
	   delete from scm_receipt_tbl 
	   <where>
	      id=#{id}
	   </where>
	</delete>
	<select id="getReceiptList" resultType="com.ultimate.common.ReceiptEntity">
		      SELECT 
					id,
					payAccNo,
					recAccNo,
					receiptNo,
					receiptDate,
					cachetNo,
					fileUrl,
					fileName
			  FROM `scm_receipt_tbl`
		  <where> 1=1
				<if test="CONDITION != null">
					and ${CONDITION}
				</if>
			</where>
	</select>
	
	
</mapper>