<?xml version="1.0" encoding="UTF-8"?>
<!DOCTYPE mapper
  PUBLIC "-//mybatis.org//DTD Mapper 3.0//EN"
    "http://mybatis.org/dtd/mybatis-3-mapper.dtd">
 
<mapper namespace="standardCommon">
   <!-- 加锁 -->
   <insert id="lock">
		insert into scm_service_lock values(#{oID},#{method},sysdate(),#{memo})
   </insert>
   <!-- 解锁 -->
   <delete id="unlock">
		delete from scm_service_lock where id=#{oID}
		<if test="method != null">
			and method = #{method}
		</if>
		<if test="memo != null">
			and memo like concat('%',#{memo},'%')
		</if>
		
   </delete>  
   
   <!-- 记录操作日志信息 -->
   <insert id="record">
		insert into scm_record_tbl (billNo,billType,operateInfo,rd1,rd2,rd3,rd4,rd5)
		values(#{billNo},#{billType},#{operateInfo},#{rd1},#{rd2},#{rd3},#{rd4},#{rd5})
   </insert>
   
</mapper>