<?xml version="1.0" encoding="UTF-8"?>
<!DOCTYPE mapper
  PUBLIC "-//mybatis.org//DTD Mapper 3.0//EN"
    "http://mybatis.org/dtd/mybatis-3-mapper.dtd">
    
<mapper namespace="standardWarm">
<!-- 待确认备货计划数 -->
<select id="selectPorequestInfo" resultType="Integer">
SELECT
	COUNT(id)
FROM
	scm_porequest_tbl
WHERE
	orderStatus = '0'
AND userId = #{userId}
<!-- SELECT COUNT(id) FROM scm_porequest_product_tbl WHERE detailStatus = '0' -->
</select>

<!-- 待确认采购订单数 -->
<select id="selectPoorderInfo" resultType="Integer">
SELECT
	COUNT(id)
FROM
	scm_poorder_tbl
WHERE
	orderStatus = '0'
AND scm_poorder_tbl.userId = #{userId}
</select>

<!-- 近期代发货订单数 -->
<select id="selectInstockInfo" resultType="Integer">
SELECT
		COUNT(1)
from (
SELECT
	count(1)
FROM
	scm_poorder_product_tbl AS po
LEFT JOIN scm_poorder_tbl AS pr ON pr.id = po.poorderId
WHERE
	po.deliveryStatus IN ('0', '1')

AND po.toDate <![CDATA[<=]]> DATE_ADD(CURDATE(), INTERVAL 7 DAY)
AND po.toDate <![CDATA[>=]]> DATE_ADD(CURDATE(), INTERVAL 0 DAY)
AND pr.userId = #{userId}
GROUP BY pr.orderNo
)b

  
    <!--  select count(1)
from scm_poorder_product_tbl
where deliveryStatus in ('0','1')
  and toDate <![CDATA[<]]> #{startDate}
  and toDate <![CDATA[>=]]> #{endDate} -->
  
</select>

<!-- 近期到期借据数 -->
 <select id="selectApplyDateEndInfo" resultType="Integer">
 
<!--   SELECT
	scm_contract_tbl.applyDateBegin,
	scm_contract_tbl.applyDateEnd,
	DATE_ADD(NOW(),INTERVAL 7 DAY) as day7later
FROM
	scm_contract_tbl  -->
	
select count(1) 
from scm_contract_tbl
where 
  applyDateEnd <![CDATA[<=]]> DATE_ADD(CURDATE(), INTERVAL 15 DAY)
  and applyDateEnd <![CDATA[>=]]> DATE_ADD(CURDATE(), INTERVAL 0 DAY)
  AND userId = #{userId} 
</select> 


</mapper>