<?xml version="1.0" encoding="UTF-8"?>
<!DOCTYPE mapper
  PUBLIC "-//mybatis.org//DTD Mapper 3.0//EN"
    "http://mybatis.org/dtd/mybatis-3-mapper.dtd">
<mapper namespace="standardInterface">

	<select id="findById"  resultType="hashmap">
		
		SELECT
			DATE_FORMAT(ir.lastUpdateTime, '%Y-%m-%d %H:%i:%S') as lastUpdateTime,
			ir.cursor,
			ir.enable,
			ir.isExcuting
		FROM scm_interface_record_tbl ir
		WHERE 
			ir.interfaceId = #{interfaceId}
		
	</select>

	<select id="findAll"  resultType="hashmap">
		
		SELECT ir.interfaceId,
			   ir.recordName,
			   ir.enable,
			   ir.isExcuting,
			   DATE_FORMAT(ir.startSyncTime,'%Y-%m-%d %T') startTime,
			   DATE_FORMAT(ir.endSyncTime,'%Y-%m-%d %T') endTime,
			   DATE_FORMAT(ir.lastUpdateTime, '%Y-%m-%d %T') lastUpdateTime,
			   ir.cursor
		  FROM scm_interface_record_tbl ir
		  order by ir.interfaceId
		<!-- WHERE ir.enable in(1,2) -->
		
	</select>
		
	<update id="doUpdate" parameterType="hashmap">
	
		UPDATE scm_interface_record_tbl ir 
		<set>
			<if test="syncStartTime != null">
				ir.startSyncTime = #{syncStartTime},
			</if>
			<if test="syncEndTime != null">
				ir.endSyncTime = #{syncEndTime},
			</if>
			<if test="lastUpdateTime != null">
				ir.lastUpdateTime = STR_TO_DATE(#{lastUpdateTime}, '%Y-%m-%d %H:%i:%S')
			</if>
		</set>
		WHERE 
			ir.interfaceId = #{interfaceId}
		
	</update>
	
	<update id="updateExecting" parameterType="hashmap">
		update scm_interface_record_tbl ir set isExcuting = #{isExcuting} where ir.interfaceId = #{interfaceId}
	</update>
	<select id="selectInterfaceCfginfo"  resultType="hashmap">
		SELECT
			cfg.id,
			cfg.interfaceId,
			cfg.paramName,
			cfg.paramType,
			cfg.checkType,
			cfg.lengtUp,
			cfg.lengtDown,
			cfg.formatExp
		FROM scm_interface_config_tbl cfg
		WHERE cfg.enable='1'
			and cfg.interfaceId = #{interfaceId}
	</select>

</mapper>