<?xml version="1.0" encoding="UTF-8" ?>
<!DOCTYPE mapper PUBLIC "-//mybatis.org//DTD Mapper 3.0//EN" "http://mybatis.org/dtd/mybatis-3-mapper.dtd">
<mapper namespace="standardBoard">


	<resultMap id="noticeBoardEntity" type="com.ultimate.common.NoticeBoardEntity">
		<id property="id" column="id" />
		<result column="createTime" property="createTime" />
		<result column="title" property="title" />
		<result column="content" property="content" />
		<result column="authorId" property="authorId" />
		<result column="lastUpdateTime" property="lastUpdateTime" />
		<result column="modifierId" property="modifierId" />
		<result column="noticeType" property="noticeType" />
		<result column="commentCount" property="commentCount" />
		<result column="visitCount" property="visitCount" />
		<result column="userName" property="userName" />
		<result column="rd1" property="rd1" />
		<result column="rd2" property="rd2" />
		<result column="rd3" property="rd3" />
		<result column="rd4" property="rd4" />
		<result column="rd5" property="rd5" />
	</resultMap>
	<!-- 获取公告栏列表(根据时间进行排序，查询最近的5个) -->
	<select id="getBoardList" resultType="com.ultimate.common.NoticeBoardEntity">
		select
		ni.id as id,
		date_format(ni.createTime,'%Y-%m-%d %H:%i:%S') as createTime,
		ni.title,
		ni.content,
		ni.authorId,
		date_format(ni.lastUpdateTime,'%Y-%m-%d %H:%i:%S') as lastUpdateTime,
		ni.modifierId,
		ni.noticeType,
		ni.commentCount,
		ni.visitCount,
		ni.rd1,
		ni.rd2,
		ni.rd3,
		ni.rd4,
		ni.rd5,
		at.userName as userName
		from scm_notice_info_tbl ni
		left join scm_account_tbl at on ni.authorId=at.id
		where 1=1
		<if test="noticeId!=null">
			and ni.id=#{noticeId}
		</if>
		<if test="CONDITION != null">
			and ${CONDITION}
		</if>
		order by createTime desc
		<if test="limitcount !=null">
			limit 0,#{limitcount}
		</if>
	</select>

	<insert id="insertNoticeBoard" parameterType="hashmap">
		insert into scm_notice_info_tbl(createTime,title,content,
		lastUpdateTime,noticeType,commentCount,
		visitCount,rd1,rd2,rd3,rd4,rd5,authorId,modifierId)
		(select
		SYSDATE(),#{title},#{content},SYSDATE(),
		#{noticeType},#{commentCount},#{visitCount},#{rd1},
		#{rd2},#{rd3},#{rd4},#{rd5},id,id from scm_account_tbl where scm_account_tbl.customerId=#{customerId})
	</insert>
	<update id="updateVisitCount">
		update scm_notice_info_tbl set visitCount =visitCount+1 where id=#{noticeId}
	</update>

	<update id="updateNoticeBoard" parameterType="hashmap">
		update scm_notice_info_tbl set
		title=#{title},
		content=#{content},
		lastUpdateTime=SYSDATE(),
		rd1=#{rd1},
		rd2=#{rd2},
		rd3=#{rd3},
		rd4=#{rd4},
		rd5=#{rd5},
		modifierId=(select id from scm_account_tbl where scm_account_tbl.customerId=#{customerId})
		where id=#{noticeId}
	</update>
     
     <delete id="deleteNoticeBoard" parameterType="hashmap">  
		  DELETE FROM scm_notice_info_tbl WHERE id=#{noticeId}
     </delete>   
</mapper>