<?xml version="1.0" encoding="UTF-8"?>
<!DOCTYPE mapper
  PUBLIC "-//mybatis.org//DTD Mapper 3.0//EN"
    "http://mybatis.org/dtd/mybatis-3-mapper.dtd">
 
<mapper namespace="standardMaterials">

<!-- 产品维护相关sql by：yupan -->
   	<select id="findAll" resultType="com.ultimate.common.MaterialsEntity">
   		SELECT
			a.productId,
			a.entryId,
			a.productName,
			a.productType,
			a.productSize,
			a.productAddress,
			a.batch,
			a.extraRate,
			a.standardLen,
			a.countUnit,
			a.weightUnit,
			a.onSale,
			a.stock,
			a.cost,
			a.price,
			a.categoryId,
			date_format(a.createTime,'%Y-%m-%d %T') AS createTime,
			a.picFilePath,
			a.picFileName,
			a.shipFee,
			a.companyId,
			a.salesmanId,
			a.parentId,
			date_format(a.lastUpdateTime,'%Y-%m-%d %T') AS lastUpdateTime,
			a.rd1,
			a.rd2,
			a.rd3,
			a.rd4,
			a.rd5,
			a.rd6,
			a.rd7,
			a.rd8,
			a.rd9,
			a.rd10,
			a.rd11,
			a.rd12,
			a.rd13,
			a.rd14,
			a.rd15,
			a.rd16,
			a.rd17,
			a.rd18,
			a.rd19,
			a.rd20,
			a.rd21,
			a.rd22,
			a.rd23,
			a.rd24,
			a.rd25,
			a.rd26,
			a.rd27,
			a.rd28,
			a.rd29,
			a.rd30
		FROM
			scm_materials_tbl a
		<where>
			<if test="materialsId != null and materialsId != ''">
				a.productId=#{productId}
			</if>
		</where>
   	</select>

<!-- 清空scm_materials_tbl表 -->
	<delete id="deleteSynMaterialsInfo">
	   	delete from scm_materials_tbl
	</delete>
	
	<!-- 清空scm_materials_tmp_tbl表 -->
	<delete id="deleteSynMaterialsTmpInfo">
	   	delete from scm_materials_tmp_tbl
	</delete>
	
	<!-- 同步线程 往yg_materials_tmp_tbl表批量插入数据 -->
	<insert id="insertSynMaterialsTmpInfo" >
		insert into scm_materials_tmp_tbl
		(
			productId,
			productName,
			productType,
			productSize,
			productAddress,
			batch,
			extraRate,
			standardLen,
			countUnit,
			price,
			categoryId,
			companyId,
			createTime,
			entryId,
			weightUnit,
			cost,
			shipFee,
			onSale,
			stock,
			salesmanId,
			parentId,
			picFilePath,
			picFileName,
			rd1,rd2,rd3,rd4,rd5,rd6,rd7,rd8,
			rd9,rd10,rd11,rd12,rd13,rd14,rd15,
			rd16,rd17,rd18,rd19,rd20,rd21,rd22,rd23,
			rd24,rd25,rd26,rd27,rd28,rd29,rd30,rsv1,rsv2,rsv3
		)
		values
		<foreach collection="list" item="item" index="index" separator=",">
			(
			#{item.productId},
			#{item.productName},
			#{item.productType},
			#{item.productSize},
			#{item.productAddress},
			#{item.batch},
			#{item.extraRate},
			#{item.standardLen},
			#{item.countUnit},
			#{item.price},
			#{item.categoryId},
			#{item.companyId},
			#{item.createTime},
			#{item.entryId},
			#{item.weightUnit},
			#{item.cost},
			#{item.shipFee},
			#{item.onSale},
			#{item.stock},
			#{item.salesmanId},
			#{item.parentId},
			#{item.picFilePath},
			#{item.picFileName},
			#{item.rd1},#{item.rd2},#{item.rd3},#{item.rd4},#{item.rd5},#{item.rd6},#{item.rd7},#{item.rd8},
			#{item.rd9},#{item.rd10},#{item.rd11},#{item.rd12},#{item.rd13},#{item.rd14},#{item.rd15},
			#{item.rd16},#{item.rd17},#{item.rd18},#{item.rd19},#{item.rd20},#{item.rd21},#{item.rd22},
			#{item.rd23},#{item.rd24},#{item.rd25},#{item.rd26},#{item.rd27},#{item.rd28},#{item.rd29},#{item.rd30}
			,#{item.rsv1},#{item.rsv2},#{item.rsv3}
			)
		</foreach>						  
	</insert>
	
	<!-- 同步线程 将scm_materials_tmp_tbl表数据复制到scm_materials_tbl表 -->
	<insert id="insertSynMaterialsInfo" > 
		INSERT INTO scm_materials_tbl (
			productId,
			productName,
			productType,
			productSize,
			productAddress,
			batch,
			extraRate,
			standardLen,
			countUnit,
			price,
			categoryId,
			companyId,
			createTime,
			entryId,
			weightUnit,
			cost,
			picFilePath,
			picFileName,
			onSale,
			stock,
			shipFee,
			salesmanId,
			parentId,
			rd1,rd2,rd3,rd4,rd5,rd6,rd7,rd8,
			rd9,rd10,rd11,rd12,rd13,rd14,rd15,
			rd16,rd17,rd18,rd19,rd20,rd21,rd22,
			rd23,rd24,rd25,rd26,rd27,rd28,rd29,rd30
			,rsv1,rsv2,rsv3
		) SELECT
			productId,
			productName,
			productType,
			productSize,
			productAddress,
			batch,
			extraRate,
			standardLen,
			countUnit,
			price,
			categoryId,
			companyId,
			createTime,
			entryId,
			weightUnit,
			cost,
			picFilePath,
			picFileName,
			onSale,
			stock,
			shipFee,
			salesmanId,
			parentId,
			rd1,rd2,rd3,rd4,rd5,rd6,rd7,rd8,
			rd9,rd10,rd11,rd12,rd13,rd14,rd15,
			rd16,rd17,rd18,rd19,rd20,rd21,rd22,rd23,
			rd24,rd25,rd26,rd27,rd28,rd29,rd30
			,rsv1,rsv2,rsv3
		FROM
			scm_materials_tmp_tbl
	</insert>
</mapper>