<?xml version="1.0" encoding="UTF-8"?>
<!DOCTYPE mapper
  PUBLIC "-//mybatis.org//DTD Mapper 3.0//EN"
    "http://mybatis.org/dtd/mybatis-3-mapper.dtd">

<mapper namespace="standardSettleOrder">
		<!-- 获取结账清单数据  -->
	<select id="getSettleOrder" resultType="com.ultimate.common.SettleOrderEntity">
		SELECT 
			scm_check_tbl.id,
			scm_check_tbl.checkNo,
			DATE_FORMAT(
				scm_check_tbl.createTime,
				'%Y-%m-%d %T'
			) createTime,
			DATE_FORMAT(
				scm_check_tbl.createTime,
				'%Y-%m-%d'
			) createDate,
			DATE_FORMAT(
				scm_check_tbl.auditTime,
				'%Y-%m-%d'
			) auditTime,
			
			scm_check_tbl.sourceType,
			scm_check_tbl.checkStatus,			
			IFNULL(scm_check_tbl.totalAmount,0) totalAmount,
			scm_check_tbl.totalQty,
			scm_check_tbl.isReverse,
			scm_check_tbl.authorId,
			scm_check_tbl.salesmanId,
			scm_check_tbl.userId,
			scm_check_tbl.customerId,
			scm_check_tbl.modifierId,
			scm_check_tbl.companyId,
			DATE_FORMAT(
				scm_check_tbl.lastUpdateTime,
				'%Y-%m-%d %T'
			) lastUpdateTime,			
			scm_check_tbl.erp_orderStatus,
			scm_check_tbl.rd1,
			scm_check_tbl.rd2,
			scm_check_tbl.rd3,
			scm_check_tbl.rd4,
			scm_check_tbl.rd5,
			scm_check_tbl.rd6,
			scm_check_tbl.rd7,
			scm_check_tbl.rd8,
			scm_check_tbl.rd9,
			scm_check_tbl.rd10,
			scm_check_tbl.rd11,
			scm_check_tbl.rd12,
			scm_check_tbl.rd13,
			scm_check_tbl.rd14,
			scm_check_tbl.rd15,
			scm_check_tbl.rd16,
			scm_check_tbl.note,
			scm_company_tbl.companyName,
			scm_account_tbl.userName
		FROM scm_check_tbl 
		LEFT JOIN scm_company_tbl  ON scm_check_tbl.companyId = scm_company_tbl.companyId
		LEFT JOIN scm_account_tbl  ON scm_check_tbl.userId=scm_account_tbl.id
		WHERE 1=1
		<if test="userId != null and userId != ''">
			AND scm_check_tbl.userId = #{userId}
		</if> 
		<if test="userIds != null">
				and scm_check_tbl.userId in
				<foreach item="item" index="index" collection="userIds" open="(" separator="," close=")">
				 	#{item}
				</foreach>
			</if>		
		<if test="CONDITION != null">
			AND ${CONDITION}
		</if>
		GROUP BY scm_check_tbl.id
		ORDER BY scm_check_tbl.createTime desc
	</select>
	
	
	
	<!-- 根据结账清单id查询结账清单详情数据 -->
	<select id="doGetSettleOrderDetail" resultType="com.ultimate.common.SettleOrderProductEntity">
		SELECT
			id,
			checkId,
			checkNo,
			productId,
			entryId,
			detailStatus,
			productEntry,
			productName,
			productType,
			productSize,
			productAddress,
			batch,
			standardLen,
			count,
			drewCount,
			auditCount,
			reverseQty,
			weight,
			countUnit,
			weightUnit,
			cost,
			price,
			note,
			DATE_FORMAT(
						toDate,
						'%Y-%m-%d'
					) toDate,
			taxRate,
			taxAmount,
			amount,
			drewAmount,
			auditAmount,
			sourceType,
			sourceBillNo,
			erp_detail_orderStatus,
			rd1,
			rd2,
			rd3,
			rd4,
			rd5,
			rd6,
			rd7,
			rd8,
			rd9,
			rd10,
			rd11,
			rd12,
			rd13,
			rd14,
			rd15,
			rd16,
			rd17,
			rd18,
			rd19,
			rd20,
			rd21,
			rd22,
			rd23,
			rd24,
			rd25,
			rd26,
			rd27,
			rd28,
			rd29,
			rd30
		FROM
			scm_check_product_tbl
		WHERE
			checkId = #{checkId}
	</select>
	<!--  查询订单状态信息 -->
	<select id="getPurOrderStatus" resultType="hashmap">
		select 
			id, ot.orderStatus
		from 
			scm_poorder_tbl ot 
		where
			ot.orderNo = #{orderNo} and orderType != #{orderType}
	</select>
	
	<!--  查询订单信息 -->
	<select id="getPurOrderInfo" resultType="hashmap">
		select 
			*
		from 
			scm_poorder_tbl ot 
		where
			ot.orderNo = #{orderNo} and orderType = #{orderType}
	</select>
	
	<!-- 查询总订单信息 -->
	<select id = "getParentPoorderInfo" resultType = "hashmap">
		select 
			ot.id,
			ot.orderNo,
			ot.orderStatus,
			ot.erp_orderStatus,
			ot.orderType,
			ot.orderSource,
			ot.compactNo,
			ot.companyId,
			ot.address,
			ot.remark,
			ot.orderAmount,
			ot.shippingMethod,
			ot.shippingFee,
			ot.deposit,
			ot.userId,
			ot.customerId,
			ot.oldOrderId,
			ot.parentId,
			ot.hasChild,
			ot.authorId,
			ot.salesmanId
		from 
			scm_poorder_tbl ot
		where
			ot.orderNo = #{parentOrderNo} and ot.orderType = '00'
	</select>
	
	<!-- 插入采购订单信息 -->
	<insert id="insertPoorderInfo" >
		<selectKey resultType="java.lang.Long" order="AFTER" keyProperty="id" >
			select LAST_INSERT_ID() as id
		</selectKey>
		INSERT INTO 
			scm_poorder_tbl 
			(
				orderNo,
				createTime,
				orderTime,
				confirmTime,
				orderStatus,
				erp_orderStatus,
				orderType,
				orderSource,
				compactNo,
				companyId,
				address,
				note,
				remark,
				orderAmount,
				shippingMethod,
				shippingFee,
				deposit,
				userId,
				customerId,
				<if test="parentId != null">
				parentId,
				</if>
				<if test="oldOrderId != null">
				oldOrderId,
				</if>
				salesmanId,
				authorId,
				modifierId,
				lastUpdateTime,
				deliveryStatus,
				rd1,
				rd2,
				rd3,
				rd4,
				rd5,
				rd6,
				rd7,
				rd8,
				rd9,
				rd10,
				rd11,
				rd12,
				rd13,
				rd14,
				rd15,
				rd16
			)
		Values
			(
				#{orderNo},
				#{createTime},
				#{orderTime},
				#{confirmTime},
				#{orderStatus},
				#{erp_orderStatus},
				#{orderType},
				#{orderSource},
				#{compactNo},
				#{companyId},
				#{address},
				#{note},
				#{remark},
				#{orderAmount},
				#{shippingMethod},
				#{shippingFee},
				#{deposit},
				#{userId},
				#{customerId},
				<if test="parentId != null">
				#{parentId},
				</if>
				<if test="oldOrderId != null">
				#{oldOrderId},
				</if>
				#{salesmanId},
				#{authorId},
				#{modifierId},
				#{lastUpdateTime},
				#{deliveryStatus},
				#{rd1},
				#{rd2},
				#{rd3},
				#{rd4},
				#{rd5},
				#{rd6},
				#{rd7},
				#{rd8},
				#{rd9},
				#{rd10},
				#{rd11},
				#{rd12},
				#{rd13},
				#{rd14},
				#{rd15},
				#{rd16}
			)
	</insert>
	<!-- 更新采购订单信息 -->
	<update id="updatePoorderInfo">
		UPDATE 
			scm_poorder_tbl
		SET 
			orderNo = #{orderNo}, 
			createTime = #{createTime}, 
			orderTime = #{orderTime},
			confirmTime = #{confirmTime},
			orderStatus = #{orderStatus},
			erp_orderStatus = #{erp_orderStatus},
			orderType = #{orderType},
			orderSource = #{orderSource},
			compactNo = #{compactNo},
			companyId = #{companyId},
			address = #{address},
			note = #{note},
			remark = #{remark},
			orderAmount = #{orderAmount},
			shippingMethod = #{shippingMethod},
			shippingFee = #{shippingFee},
			deposit = #{deposit},
			userId = #{userId},
			customerId = #{customerId}, 
			<if test="parentId != null">
			parentId = #{parentId},
			</if>
			salesmanId = #{salesmanId},
			authorId = #{authorId},
			modifierId = #{modifierId},
			lastUpdateTime = #{lastUpdateTime},
			deliveryStatus = #{deliveryStatus},			
			rd1 = #{rd1}, 
			rd2 = #{rd2}, 
			rd3 = #{rd3}, 
			rd4 = #{rd4}, 
			rd5 = #{rd5}, 
			rd6 = #{rd6}, 
			rd7 = #{rd7}, 
			rd8 = #{rd8},
			rd9 = #{rd9},
			rd10 = #{rd10},
			rd11 = #{rd11},
			rd12 = #{rd12},
			rd13 = #{rd13},
			rd14 = #{rd14},
			rd15 = #{rd15},
			rd16 = #{rd16}
		WHERE
			id = #{id}
	</update>
	
	<!-- 更新采购订单的状态  -->
	<update id="updatePoorderStatus">
		UPDATE 
			scm_poorder_tbl
		SET 
			orderStatus = #{orderStatus}
		WHERE
			id = #{purchaseOrderId}
		OR
			parentId = #{parentId}
	</update>
	
	<!-- 删除对应的采购订单产品数据 -->
	<delete id="deletePoorderProductInfo">
		DELETE FROM scm_poorder_product_tbl WHERE poorderId=#{purchaseOrderId}
	</delete>
	
	<!-- 插入采购订单产品数据 -->
	<insert id="insertPoorderProductInfo">
		INSERT INTO scm_poorder_product_tbl(
			productId,
			poorderId,
			orderNo,
			orderEntry,
			productName,
			productSize,
			batch,
			count,
			countUnit,
			price,
			toDate,
			note,
			cost,
			taxRate,
			taxAmount,
			standardLen,
			productAddress,
			productType,
			wareHouse,
			weight,
			weightUnit,
			commitQty,
			arrangedCount,
			settlementQty,
			rd1,
			rd2,
			rd3,
			rd4,
			rd5,
			rd6,
			rd7,
			rd8,
			rd9,
			rd10,
			rd11,
			rd12,
			rd13,
			rd14,
			rd15,
			rd16,
			rd17,
			rd18,
			rd19,
			rd20,
			rd21,
			rd22,
			rd23,
			rd24,
			rd25,
			rd26,
			rd27,
			rd28,
			rd29,
			rd30
		)Values(
			#{productId},
			#{purchaseOrderId},
			#{orderNo},
			#{orderEntry},
			#{productName},
			#{productSize},
			#{batch},
			#{count},
			#{unit},
			#{price},
			#{toDate},
			#{note},
			#{cost},
			#{taxRate},
			#{taxAmount},
			#{standardLen},
			#{productAddress},
			#{productType},
			#{wareHouse},
			#{weight},
			#{weightUnit},
			#{commitQty},
			#{arrangedCount},
			#{settlementQty},
			#{rd1},
			#{rd2},
			#{rd3},
			#{rd4},
			#{rd5},
			#{rd6},
			#{rd7},
			#{rd8},
			#{rd9},
			#{rd10},
			#{rd11},
			#{rd12},
			#{rd13},
			#{rd14},
			#{rd15},
			#{rd16},
			#{rd17},
			#{rd18},
			#{rd19},
			#{rd20},
			#{rd21},
			#{rd22},
			#{rd23},
			#{rd24},
			#{rd25},
			#{rd26},
			#{rd27},
			#{rd28},
			#{rd29},
			#{rd30}
		)
	</insert>
	
	<!-- 更新采购订单表的字段 -->
	<update id="updatePoorderFields">
		update
			scm_poorder_tbl
		set
			hasChild = 1
		where
			id=#{id}
	</update>
	<!-- 修改采购订单物料的交期 -->
	<update id="updatePoorderPorductField">
		UPDATE 
			scm_poorder_product_tbl
		SET 
			toDate = #{toDate}
		WHERE
			id = #{id}
			<!--
		AND 
			productId = #{productId}
			-->
		AND 
			poorderId = #{orderId}	
	</update>
	
	
		<!-- 按物料查询所有的结账清单及物料信息 -->
	<select id="getSettleOrderProductList" resultType="com.ultimate.common.SettleOrderProductEntity">
		SELECT
			scm_check_product_tbl.id,
			scm_check_product_tbl.checkId,
			scm_check_product_tbl.checkNo,
			scm_check_product_tbl.productId,
			scm_check_product_tbl.entryId,
			scm_check_product_tbl.detailStatus,
			scm_check_product_tbl.productEntry,
			scm_check_product_tbl.productName,
			scm_check_product_tbl.productType,
			scm_check_product_tbl.productSize,
			scm_check_product_tbl.productAddress,
			scm_check_product_tbl.batch,
			scm_check_product_tbl.standardLen,			
			IFNULL( scm_check_product_tbl.count,0) as count,			
			IFNULL( scm_check_product_tbl.drewCount,0) as drewCount,
			IFNULL( scm_check_product_tbl.auditCount,0) as auditCount,
			IFNULL( scm_check_product_tbl.reverseQty,0) as reverseQty,
			IFNULL( scm_check_product_tbl.weight,0) as weight,			
			scm_check_product_tbl.countUnit,
			scm_check_product_tbl.weightUnit,
			scm_check_product_tbl.cost,
			scm_check_product_tbl.price,
			scm_check_product_tbl.note,
			DATE_FORMAT(scm_check_product_tbl.toDate, '%Y-%m-%d') toDate,					
			scm_check_product_tbl.taxRate,
			scm_check_product_tbl.taxAmount,
			scm_check_product_tbl.amount,
			scm_check_product_tbl.drewAmount,
			scm_check_product_tbl.auditAmount,
			scm_check_product_tbl.sourceType,
			scm_check_product_tbl.sourceBillNo,
			scm_check_product_tbl.erp_detail_orderStatus,
			
			scm_check_product_tbl.rd1, scm_check_product_tbl.rd2, scm_check_product_tbl.rd3, scm_check_product_tbl.rd4, scm_check_product_tbl.rd5, scm_check_product_tbl.rd6, scm_check_product_tbl.rd7, scm_check_product_tbl.rd8, scm_check_product_tbl.rd9, scm_check_product_tbl.rd10, 
			scm_check_product_tbl.rd11, scm_check_product_tbl.rd12, scm_check_product_tbl.rd13, scm_check_product_tbl.rd14, scm_check_product_tbl.rd15, scm_check_product_tbl.rd16, scm_check_product_tbl.rd17, scm_check_product_tbl.rd18, scm_check_product_tbl.rd19,
			scm_check_product_tbl.rd20, scm_check_product_tbl.rd21, scm_check_product_tbl.rd22, scm_check_product_tbl.rd23, scm_check_product_tbl.rd24, scm_check_product_tbl.rd25, scm_check_product_tbl.rd26, scm_check_product_tbl.rd27, scm_check_product_tbl.rd28, 
			scm_check_product_tbl.rd29, scm_check_product_tbl.rd30, 
			
			
			DATE_FORMAT(scm_check_tbl.createTime,'%Y-%m-%d %T') createTime,
			DATE_FORMAT(scm_check_tbl.createTime, '%Y-%m-%d') createDate,
			DATE_FORMAT(scm_check_tbl.auditTime,	'%Y-%m-%d') auditTime,
			scm_check_tbl.sourceType,
			scm_check_tbl.checkStatus,
			scm_check_tbl.totalAmount,
			scm_check_tbl.totalQty,
			scm_check_tbl.isReverse,
			scm_check_tbl.authorId,
			scm_check_tbl.salesmanId,
			scm_check_tbl.userId,
			scm_check_tbl.customerId,
			scm_check_tbl.modifierId,
			scm_check_tbl.companyId,
			scm_check_tbl.note as hnote,
			scm_check_tbl.erp_orderStatus,
			DATE_FORMAT(scm_check_tbl.lastUpdateTime,'%Y-%m-%d %T') lastUpdateTime,			
			scm_check_tbl.rd1 f1, scm_check_tbl.rd2 f2, scm_check_tbl.rd3 f3, scm_check_tbl.rd4 f4, scm_check_tbl.rd5 f5,
			scm_check_tbl.rd6 f6, scm_check_tbl.rd7 f7, scm_check_tbl.rd8 f8, scm_check_tbl.rd9 f9, scm_check_tbl.rd10 f10,scm_check_tbl.rd11 f11,scm_check_tbl.rd12 f12,scm_check_tbl.rd13 f13,scm_check_tbl.rd14 f14,scm_check_tbl.rd15 f15,scm_check_tbl.rd16 f16,
			scm_company_tbl.companyName,
			scm_account_tbl.userName
		FROM
			scm_check_product_tbl 
		LEFT JOIN scm_check_tbl  ON scm_check_tbl.id = scm_check_product_tbl.checkId
		LEFT JOIN scm_company_tbl  ON scm_check_tbl.companyId = scm_company_tbl.companyId
		LEFT JOIN scm_account_tbl  ON scm_check_tbl.userId = scm_account_tbl.id
		WHERE 1=1
		    <if test="userId != null">
			    and scm_check_tbl.userId = #{userId}
			</if>
			<if test="userIds != null">
				and scm_check_tbl.userId in
				<foreach item="item" index="index" collection="userIds" open="(" separator="," close=")">
				 	#{item}
				</foreach>
			</if>
			<if test="CONDITION != null">
				AND ${CONDITION}
			</if>
			
		ORDER BY scm_check_tbl.createTime desc, scm_check_product_tbl.productEntry
	</select>
	<!--  更新订单发货状态 -->
	<update id="updateDeliveryStatusTbl">
		update scm_poorder_tbl
		<set>
		 	deliveryStatus = #{deliveryStatus},
		 	lastUpdateTime=sysdate() 
		</set>
		where id =  #{OrderId}
	</update>
		<!-- 导出数据 -->
	<select id="getExportData" resultType="com.ultimate.common.SettleOrderExportEntity">
		SELECT
				scm_check_tbl.id checkId,
				scm_check_tbl.checkNo,
				DATE_FORMAT(
					scm_check_tbl.createTime,
					'%Y-%m-%d %T'
				) createTime,
				DATE_FORMAT(
					scm_check_tbl.createTime,
					'%Y-%m-%d'
				) createDate,
				DATE_FORMAT(
					scm_check_tbl.auditTime,
					'%Y-%m-%d %T'
				) auditTime,
				scm_check_tbl.sourceType,
				scm_check_tbl.checkStatus,
				scm_check_tbl.totalAmount,
				scm_check_tbl.totalQty,
				scm_check_tbl.isReverse,
				scm_check_tbl.authorId,
				scm_check_tbl.salesmanId,
				scm_check_tbl.userId,
				scm_check_tbl.customerId,
				scm_check_tbl.modifierId,
				scm_check_tbl.companyId,
				DATE_FORMAT(
					scm_check_tbl.lastUpdateTime,
					'%Y-%m-%d %T'
				) lastUpdateTime,
				scm_check_tbl.erp_orderStatus,
				scm_check_tbl.note,
				scm_check_tbl.rd1 f1,
				scm_check_tbl.rd2 f2,
				scm_check_tbl.rd3 f3,
				scm_check_tbl.rd4 f4,
				scm_check_tbl.rd5 f5,
				scm_check_tbl.rd6 f6,
				scm_check_tbl.rd7 f7,
				scm_check_tbl.rd8 f8,
				scm_check_tbl.rd9 f9,
				scm_check_tbl.rd10 f10,
				scm_check_tbl.rd11 f11,
				scm_check_tbl.rd12 f12,
				scm_check_tbl.rd13 f13,
				scm_check_tbl.rd14 f14,
				scm_check_tbl.rd15 f15,
				scm_check_tbl.rd16 f16,
				scm_check_product_tbl.id,
				scm_check_product_tbl.productId,
				scm_check_product_tbl.entryId,
				scm_check_product_tbl.detailStatus,
				scm_check_product_tbl.productEntry,
				scm_check_product_tbl.productName,
				scm_check_product_tbl.productType,
				scm_check_product_tbl.productSize,
				scm_check_product_tbl.productAddress,
				scm_check_product_tbl.batch,
				scm_check_product_tbl.standardLen,
				scm_check_product_tbl.count,
				scm_check_product_tbl.drewCount,
				scm_check_product_tbl.auditCount,
				scm_check_product_tbl.reverseQty,
				scm_check_product_tbl.weight,
				scm_check_product_tbl.countUnit,
				scm_check_product_tbl.weightUnit,
				scm_check_product_tbl.cost,
				scm_check_product_tbl.price,
				scm_check_product_tbl.note proNote,
				DATE_FORMAT(
					scm_check_product_tbl.toDate,
					'%Y-%m-%d'
				) toDate,
				scm_check_product_tbl.taxRate,
				scm_check_product_tbl.taxAmount,
				scm_check_product_tbl.amount,
				scm_check_product_tbl.drewAmount,
				scm_check_product_tbl.auditAmount,
				scm_check_product_tbl.sourceType,
				scm_check_product_tbl.sourceBillNo,
				scm_check_product_tbl.erp_detail_orderStatus,
				scm_check_product_tbl.rd1,
				scm_check_product_tbl.rd2,
				scm_check_product_tbl.rd3,
				scm_check_product_tbl.rd4,
				scm_check_product_tbl.rd5,
				scm_check_product_tbl.rd6,
				scm_check_product_tbl.rd7,
				scm_check_product_tbl.rd8,
				scm_check_product_tbl.rd9,
				scm_check_product_tbl.rd10,
				scm_check_product_tbl.rd11,
				scm_check_product_tbl.rd12,
				scm_check_product_tbl.rd13,
				scm_check_product_tbl.rd14,
				scm_check_product_tbl.rd15,
				scm_check_product_tbl.rd16,
				scm_check_product_tbl.rd17,
				scm_check_product_tbl.rd18,
				scm_check_product_tbl.rd19,
				scm_check_product_tbl.rd20,
				scm_check_product_tbl.rd21,
				scm_check_product_tbl.rd22,
				scm_check_product_tbl.rd23,
				scm_check_product_tbl.rd24,
				scm_check_product_tbl.rd25,
				scm_check_product_tbl.rd26,
				scm_check_product_tbl.rd27,
				scm_check_product_tbl.rd28,
				scm_check_product_tbl.rd29,
				scm_check_product_tbl.rd30,
				scm_account_tbl.userName,
				scm_company_tbl.companyName
			FROM
				scm_check_tbl
			LEFT JOIN scm_check_product_tbl ON scm_check_tbl.id = scm_check_product_tbl.checkId
			LEFT JOIN scm_company_tbl ON scm_check_tbl.companyId = scm_company_tbl.companyId
			LEFT JOIN scm_account_tbl ON scm_check_tbl.userId = scm_account_tbl.id
			WHERE 1=1
				<if test="userId != null and userId != ''">
					and scm_check_tbl.userId = #{userId}
				</if>
				<if test="userIds != null">
					and scm_check_tbl.userId in
					<foreach item="item" index="index" collection="userIds" open="(" separator="," close=")">
					 	#{item}
					</foreach>
				</if>
			<if test="CONDITION != null">
				AND ${CONDITION}
			</if>
		ORDER BY scm_check_tbl.createTime desc, scm_check_product_tbl.entryId
	</select>
	
	<!-- 更新订单明细的发货状态 -->
	<update id="updateDetailDeliveryStatus">
		update scm_poorder_product_tbl
		<set>
			deliveryStatus = #{deliveryStatus}
		</set>
		where id=#{orderProductId}
	</update>
	
	<resultMap id="purOrderInfo" type="com.icbc.client.PurOrderInfo">
		<result column="parentId" property="ParentPurOrderCode"/>
		<result column="orderNo" property="PurOrderCode"/>
		<result column="createTime" property="CreateDate"/>
		<result column="orderStatus" property="BillState"/>
		<result column="companyId" property="CompanyId"/>
		<result column="orderAmount" property="TotalTaxInValue"/>
		<result column="parentId" property="ParentPurOrderCode"/>
		<result column="customerId" property="CustomerId"/>
		<collection property="PurProductInfo" ofType="com.icbc.client.PurProductInfo">
			<result column="orderEntry" property="PurOrderItemID"/>
			<result column="productId" property="MaterialCode"/>
			<result column="productName" property="MaterialName"/>
			<result column="countUnit" property="UnitName"/>
			<result column="productSize" property="Specification"/>
			<result column="batch" property="Batch"/>
			<result column="count" property="Quantity"/>
			<result column="price" property="TaxInPrice"/>
			<result column="taxAmount" property="TaxInValue"/>
			<result column="toDate" property="DeliveryDate"/>
			<result column="toDate" property="StockDate"/>
			<result column="note" property="Note"/>
			<result column="rd1" property="F1"/>
			<result column="rd2" property="F2"/>
			<result column="rd3" property="F3"/>
			<result column="rd4" property="F4"/>
			<result column="rd5" property="F5"/>
			<result column="rd6" property="F6"/>
			<result column="rd7" property="F7"/>
			<result column="rd8" property="F8"/>
			<result column="rd9" property="F9"/>
			<result column="rd10" property="F10"/>
			<result column="rd11" property="F11"/>
			<result column="rd12" property="F12"/>
			<result column="rd13" property="F13"/>
			<result column="rd14" property="F14"/>
			<result column="rd15" property="F15"/>
			<result column="rd16" property="F16"/>
			<result column="rd17" property="F17"/>
			<result column="rd18" property="F18"/>
			<result column="rd19" property="F19"/>
			<result column="rd20" property="F20"/>
			<result column="rd21" property="F21"/>
			<result column="rd22" property="F22"/>
			<result column="rd23" property="F23"/>
			<result column="rd24" property="F24"/>
			<result column="rd25" property="F25"/>
			<result column="rd26" property="F26"/>
			<result column="rd27" property="F27"/>
			<result column="rd28" property="F28"/>
			<result column="rd29" property="F29"/>
			<result column="rd30" property="F30"/>
		</collection>
	 </resultMap>
	 
	 	<!-- 结账清单明细修改 -->
	<update id="updateSettleOrderProductInfo">
		UPDATE 
			scm_check_product_tbl
		SET
			checkId = #{checkId},		
			checkNo = #{checkNo},		
			productId = #{productId},		
			entryId = #{entryId},		
			detailStatus = #{detailStatus},	
			productEntry = #{productEntry},	
			productName = #{productName},	
			productType = #{productType},	
			productSize = #{productSize},	
			productAddress = #{productAddress},	
			batch = #{batch},	
			standardLen = #{standardLen},	
			count = #{count},	
			drewCount = #{drewCount},		
			auditCount = #{auditCount},		
			reverseQty = #{reverseQty}, 		
			weight = #{weight},			
			countUnit = #{countUnit},		
			weightUnit = #{weightUnit},	
			cost = #{cost},		
			price = #{price},		
			note = #{note},		
			toDate = #{toDate},		
			taxRate = #{taxRate},		
			taxAmount = #{taxAmount},		
			amount = #{amount},	
			drewAmount = #{drewAmount},		
			auditAmount = #{auditAmount},	
			sourceType = #{sourceType},
			sourceBillNo = #{sourceBillNo},
			rd1 = #{rd1},
			rd2 = #{rd2},
			rd3 = #{rd3},
			rd4 = #{rd4},
			rd5 = #{rd5},
			rd6 = #{rd6},
			rd7 = #{rd7},
			rd8 = #{rd8},
			rd9 = #{rd9},
			rd10 = #{rd10},
			rd11 = #{rd11},
			rd12 = #{rd12},
			rd13 = #{rd13},
			rd14 = #{rd14},
			rd15 = #{rd15},
			rd16 = #{rd16},
			rd17 = #{rd17},
			rd18 = #{rd18},	
			rd19 = #{rd19},	
			rd20 = #{rd20},
			rd21 = #{rd21},
			rd22 = #{rd22},
			rd23 = #{rd23},
			rd24 = #{rd24},	
			rd25 = #{rd25},	
			rd26 = #{rd26},	
			rd27 = #{rd27},	
			rd28 = #{rd28},	
			rd29 = #{rd29},	
			rd30 = #{rd30}
		WHERE
			id=#{id}
	</update>
	
	<!-- 获取结账清单明细列表 -->
	<select id="findAllSettleOrderProduct" resultType="com.ultimate.common.SettleOrderProductEntity">
		SELECT
			cpt.id,
			cpt.checkId,		
			cpt.checkNo,		
			cpt.productId,		
			cpt.entryId,		
			cpt.detailStatus,	
			cpt.productEntry,	
			cpt.productName,	
			cpt.productType,	
			cpt.productSize,	
			cpt.productAddress,	
			cpt.batch,	
			cpt.standardLen,	
			cpt.count,	
			cpt.drewCount,		
			cpt.auditCount,		
			cpt.reverseQty, 		
			cpt.weight,			
			cpt.countUnit,		
			cpt.weightUnit,	
			cpt.cost,		
			cpt.price,		
			cpt.note,		
			DATE_FORMAT(cpt.toDate, '%Y-%m-%d %H:%i:%S') toDate,
			cpt.taxRate,		
			cpt.taxAmount,		
			cpt.amount,	
			cpt.drewAmount,		
			cpt.auditAmount,	
			cpt.sourceType,
			cpt.sourceBillNo,
			cpt.rd1,
			cpt.rd2,
			cpt.rd3,
			cpt.rd4,
			cpt.rd5,
			cpt.rd6,
			cpt.rd7,
			cpt.rd8,
			cpt.rd9,
			cpt.rd10,
			cpt.rd11,
			cpt.rd12,
			cpt.rd13,
			cpt.rd14,
			cpt.rd15,
			cpt.rd16,
			cpt.rd17,
			cpt.rd18,	
			cpt.rd19,	
			cpt.rd20,
			cpt.rd21,
			cpt.rd22,
			cpt.rd23,
			cpt.rd24,	
			cpt.rd25,	
			cpt.rd26,	
			cpt.rd27,	
			cpt.rd28,	
			cpt.rd29,	
			cpt.rd30
		FROM
			scm_check_product_tbl cpt
		WHERE  1 = 1
		<if test="CONDITION != null">
			and ${CONDITION}
		</if>
		<!-- 
		<if test="userIds != null">
			and cpt.userId IN 
			<foreach item="item" index="index" collection="userIds" open="(" separator="," close=")">
				 #{item}
			</foreach>
		</if>
		 -->
		<if test="detailStatuses != null">
			and cpt.detailStatus IN 
			<foreach item="item" index="index" collection="detailStatuses" open="(" separator="," close=")">
				 #{item}
			</foreach>
		</if>
		<if test="checkNo != null">
			and cpt.checkNo = #{checkNo}
		</if>
		<if test="productEntry != null">
			and cpt.productEntry = #{productEntry}
		</if>
	</select>
	<!-- 获取结账清单id -->
	<select id="selectCheckId" resultType="String">
	  SELECT
			id
		FROM
			scm_check_tbl
		WHERE
			checkNo = #{checkNo}
	</select>
	
	<!-- 删除产品信息 -->
	<delete id="doDelete" >
		DELETE FROM scm_check_product_tbl WHERE checkId = #{id}
   	</delete> 
   	
   	<!-- 修改发货单 -->
	<update id="doUpdate">
		UPDATE scm_check_tbl
			<set>
			    <if test="checkNo != null">
    				checkNo = #{checkNo},
    			</if>			
				<if test="createTime != null and createTime!=''">
    				createTime = #{createTime},
    			</if>
    			<if test="auditTime != null and auditTime!=''">
    				auditTime = #{auditTime},
    			</if>
    			<if test="sourceType != null">
    				sourceType = #{sourceType},
    			</if>
    			<if test="checkStatus != null">
    				checkStatus = #{checkStatus},
    			</if>
    			<if test="totalAmount != null and totalAmount != ''">
    				totalAmount = #{totalAmount},
    			</if>
    			<if test="totalQty != null and totalQty != ''">
    				totalQty = #{totalQty},
    			</if>
    			<if test="isReverse != null">
    				isReverse = #{isReverse},
    			</if>
    			<if test="authorId !=null">
					authorId = #{authorId},
				</if>	
				<if test="salesmanId !=null">
					salesmanId = #{salesmanId},
				</if>
				<if test="userId !=null">
					userId = #{userId},
				</if>
    			<if test="customerId !=null">
					customerId = #{customerId},
				</if>
    			<if test="modifierId != null">
    				modifierId = #{modifierId},
    			</if>
    			<if test="companyId != null">
    				companyId = #{companyId},
    			</if>
    			<if test="lastUpdateTime != null and lastUpdateTime!=''">
    				lastUpdateTime=#{lastUpdateTime},
    			</if>
    			<if test="note !=null">
					note = #{note},
				</if>
    			<if test="rd1 != null">
    				rd1 = #{rd1},
    			</if>
    			<if test="rd2 != null">
    				rd2 = #{rd2},
    			</if>
    			<if test="rd3 != null">
    				rd3 = #{rd3},
    			</if>
    			<if test="rd4 != null">
    				rd4 = #{rd4},
    			</if>
    			<if test="rd5 != null">
    				rd5 = #{rd5},
    			</if>
    			<if test="rd6 != null">
    				rd6 = #{rd6},
    			</if>
    			<if test="rd7 != null ">
    				rd7 = #{rd7},
    			</if>
    			<if test="rd8 != null ">
    				rd8 = #{rd8},
    			</if>
    			<if test="rd9 != null">
    				rd9 = #{rd9},
    			</if>
    			<if test="rd10 != null">
    				rd10 = #{rd10},
    			</if>
    			<if test="rd11 != null">
    				rd11 = #{rd11},
    			</if>
    			<if test="rd12 != null ">
    				rd12 = #{rd12},
    			</if>
    			<if test="rd13 != null">
    				rd13 = #{rd13},
    			</if>
    			<if test="rd14 != null">
    				rd14 = #{rd14},
    			</if>
    			<if test="rd15 != null">
    				rd15 = #{rd15},
    			</if>
    			<if test="rd16 != null">
    				rd16 = #{rd16},
    			</if>
    			<if test="hrsv1 !=null">hrsv1=#{hrsv1},</if>
				<if test="hrsv2 !=null">hrsv2=#{hrsv2},</if>
				<if test="hrsv3 !=null">hrsv3=#{hrsv3},</if>
    			id = #{id}
    		</set>
    	where  id = #{id}
	</update>
	
	<!-- 同步结账清单主表 -->
	<insert id="synSettleOrder">
		<selectKey resultType="java.lang.Integer" order="AFTER" keyProperty="id" >
			select LAST_INSERT_ID() as id
		</selectKey>
		INSERT INTO scm_check_tbl (
			checkNo
			<if test="createTime !=null and createTime !=''">,createTime</if>
			<if test="auditTime !=null and auditTime !=''">,auditTime</if>
			<if test="sourceType !=null and sourceType !=''">,sourceType</if>
			<if test="checkStatus !=null and checkStatus !=''">,checkStatus</if>
			<if test="totalAmount !=null and totalAmount !=''">,totalAmount</if>
			<if test="totalQty !=null and totalQty !=''">,totalQty</if>
			<if test="isReverse !=null and isReverse !=''">,isReverse</if>
			<if test="authorId !=null and authorId !=''">,authorId</if>
			<if test="salesmanId !=null and salesmanId !=''">,salesmanId</if>
			<if test="userId !=null and userId !=''">,userId</if>
			<if test="customerId !=null and customerId !=''">,customerId</if>
			<if test="modifierId !=null and modifierId !=''">,modifierId</if>
			<if test="companyId !=null and companyId !=''">,companyId</if>
			<if test="lastUpdateTime !=null and lastUpdateTime !=''">,lastUpdateTime</if>
			<if test="note !=null and note !=''">,note</if>
			<if test="rd1 !=null and rd1 !=''">,rd1</if>
			<if test="rd2 !=null and rd2 !=''">,rd2</if>
			<if test="rd3 !=null and rd3 !=''">,rd3</if>
			<if test="rd4 !=null and rd4 !=''">,rd4</if>
			<if test="rd5 !=null and rd5 !=''">,rd5</if>
			<if test="rd6 !=null and rd6 !=''">,rd6</if>
			<if test="rd7 !=null and rd7 !=''">,rd7</if>
			<if test="rd8 !=null and rd8 !=''">,rd8</if>
			<if test="rd9 !=null and rd9 !=''">,rd9</if>
			<if test="rd10 !=null and rd10 !=''">,rd10</if>
			<if test="rd11 !=null and rd11 !=''">,rd11</if>
			<if test="rd12 !=null and rd12 !=''">,rd12</if>
			<if test="rd13 !=null and rd13 !=''">,rd13</if>
			<if test="rd14 !=null and rd14 !=''">,rd14</if>
			<if test="rd15 !=null and rd15 !=''">,rd15</if>
			<if test="rd16 !=null and rd16 !=''">,rd16</if>
			<if test="hrsv1 !=null">,hrsv1</if>
			<if test="hrsv2 !=null">,hrsv2</if>
			<if test="hrsv3 !=null">,hrsv3</if>			
	)
		VALUES
	(
		#{checkNo}
		<if test="createTime !=null and createTime !=''">,#{createTime}</if>
		<if test="auditTime !=null and auditTime !=''">,#{auditTime}</if>
		<if test="sourceType !=null and sourceType !=''">,#{sourceType}</if>
		<if test="checkStatus !=null and checkStatus !=''">,#{checkStatus}</if>
		<if test="totalAmount !=null and totalAmount !=''">,#{totalAmount}</if>
		<if test="totalQty !=null and totalQty !=''">,#{totalQty}</if>
		<if test="isReverse !=null and isReverse !=''">,#{isReverse}</if>
		<if test="authorId !=null and authorId !=''">,#{authorId}</if>
		<if test="salesmanId !=null and salesmanId !=''">,#{salesmanId}</if>
		<if test="userId !=null and userId !=''">,#{userId}</if>
		<if test="customerId !=null and customerId !=''">,#{customerId}</if>
		<if test="modifierId !=null and modifierId !=''">,#{modifierId}</if>
		<if test="companyId !=null and companyId !=''">,#{companyId}</if>
		<if test="lastUpdateTime !=null and lastUpdateTime !=''">,#{lastUpdateTime}</if>
		<if test="note !=null and note !=''">,#{note}</if>
		<if test="rd1 !=null and rd1 !=''">,#{rd1}</if>
		<if test="rd2 !=null and rd2 !=''">,#{rd2}</if>
		<if test="rd3 !=null and rd3 !=''">,#{rd3}</if>
		<if test="rd4 !=null and rd4 !=''">,#{rd4}</if>
		<if test="rd5 !=null and rd5 !=''">,#{rd5}</if>
		<if test="rd6 !=null and rd6 !=''">,#{rd6}</if>
		<if test="rd7 !=null and rd7 !=''">,#{rd7}</if>
		<if test="rd8 !=null and rd8 !=''">,#{rd8}</if>
		<if test="rd9 !=null and rd9 !=''">,#{rd9}</if>
		<if test="rd10 !=null and rd10 !=''">,#{rd10}</if>
		<if test="rd11 !=null and rd11 !=''">,#{rd11}</if>
		<if test="rd12 !=null and rd12 !=''">,#{rd12}</if>
		<if test="rd13 !=null and rd13 !=''">,#{rd13}</if>
		<if test="rd14 !=null and rd14 !=''">,#{rd14}</if>
		<if test="rd15 !=null and rd15 !=''">,#{rd15}</if>
		<if test="rd16 !=null and rd16 !=''">,#{rd16}</if>
		<if test="hrsv1 !=null">,#{hrsv1}</if>
		<if test="hrsv2 !=null">,#{hrsv2}</if>
		<if test="hrsv3 !=null">,#{hrsv3}</if>
	)		
	</insert>
	
	<!-- 同步结账清单产品信息 -->
	<insert id="synProduct">
		insert into scm_check_product_tbl(
		checkId
		<if test="checkNo !=null and checkNo !=''">,checkNo</if>
		<if test="productId !=null and productId !=''">,productId</if>
		<if test="entryId !=null and entryId !=''">,entryId</if>
		<if test="detailStatus !=null and detailStatus !=''">,detailStatus</if>
		<if test="productEntry !=null and productEntry !=''">,productEntry</if>
		<if test="productName !=null and productName !=''">,productName</if>
		<if test="productType !=null and productType !=''">,productType</if>
		<if test="productSize !=null and productSize !=''">,productSize</if>
		<if test="productAddress !=null and productAddress !=''">,productAddress</if>
		<if test="batch !=null and batch !=''">,batch</if>
		<if test="standardLen !=null and standardLen !=''">,standardLen</if>
		<if test="count !=null and count !=''">,count</if>
		<if test="drewCount !=null and drewCount !=''">,drewCount</if>
		<if test="auditCount !=null and auditCount !=''">,auditCount</if>
		<if test="reverseQty !=null and reverseQty !=''">,reverseQty</if>
		<if test="weight !=null and weight !=''">,weight</if>
		<if test="countUnit !=null and countUnit !=''">,countUnit</if>
		<if test="weightUnit !=null and weightUnit !=''">,weightUnit</if>
		<if test="cost !=null and cost !=''">,cost</if>
		<if test="price !=null and price !=''">,price</if>
		<if test="note !=null and note !=''">,note</if>
		<if test="toDate !=null and toDate !=''">,toDate</if>
		<if test="taxRate !=null and taxRate !=''">,taxRate</if>
		<if test="taxAmount !=null and taxAmount !=''">,taxAmount</if>
		<if test="amount !=null and amount !=''">,amount</if>
		<if test="drewAmount !=null and drewAmount !=''">,drewAmount</if>
		<if test="auditAmount !=null and auditAmount !=''">,auditAmount</if>
		<if test="sourceType !=null and sourceType !=''">,sourceType</if>
		<if test="sourceBillNo !=null and sourceBillNo !=''">,sourceBillNo</if>
		<if test="rd1 !=null and rd1 !=''">,rd1</if>
		<if test="rd2 !=null and rd2 !=''">,rd2</if>
		<if test="rd3 !=null and rd3 !=''">,rd3</if>
		<if test="rd4 !=null and rd4 !=''">,rd4</if>
		<if test="rd5 !=null and rd5 !=''">,rd5</if>
		<if test="rd6 !=null and rd6 !=''">,rd6</if>
		<if test="rd7 !=null and rd7 !=''">,rd7</if>
		<if test="rd8 !=null and rd8 !=''">,rd8</if>
		<if test="rd9 !=null and rd9 !=''">,rd9</if>
		<if test="rd10 !=null and rd10 !=''">,rd10</if>
		<if test="rd11 !=null and rd11 !=''">,rd11</if>
		<if test="rd12 !=null and rd12 !=''">,rd12</if>
		<if test="rd13 !=null and rd13 !=''">,rd13</if>
		<if test="rd14 !=null and rd14 !=''">,rd14</if>
		<if test="rd15 !=null and rd15 !=''">,rd15</if>
		<if test="rd16 !=null and rd16 !=''">,rd16</if>
		<if test="rd17 !=null and rd17 !=''">,rd17</if>
		<if test="rd18 !=null and rd18 !=''">,rd18</if>
		<if test="rd19 !=null and rd19 !=''">,rd19</if>
		<if test="rd20 !=null and rd20 !=''">,rd20</if>
		<if test="rd21 !=null and rd21 !=''">,rd21</if>
		<if test="rd22 !=null and rd22 !=''">,rd22</if>
		<if test="rd23 !=null and rd23 !=''">,rd23</if>
		<if test="rd24 !=null and rd24 !=''">,rd24</if>
		<if test="rd25 !=null and rd25 !=''">,rd25</if>
		<if test="rd26 !=null and rd26 !=''">,rd26</if>
		<if test="rd27 !=null and rd27 !=''">,rd27</if>
		<if test="rd28 !=null and rd28 !=''">,rd28</if>
		<if test="rd29 !=null and rd29 !=''">,rd29</if>
		<if test="rd30 !=null and rd30 !=''">,rd30</if>
		<if test="erp_detail_orderStatus !=null">,erp_detail_orderStatus</if>
		<if test="rsv1 !=null">,rsv1</if>
		<if test="rsv2 !=null">,rsv2</if>
		<if test="rsv3 !=null">,rsv3</if>
		)
		values (
		#{checkId}
		<if test="checkNo !=null and checkNo !=''">,#{checkNo}</if>
		<if test="productId !=null and productId !=''">,#{productId}</if>
		<if test="entryId !=null and entryId !=''">,#{entryId}</if>
		<if test="detailStatus !=null and detailStatus !=''">,#{detailStatus}</if>
		<if test="productEntry !=null and productEntry !=''">,#{productEntry}</if>
		<if test="productName !=null and productName !=''">,#{productName}</if>
		<if test="productType !=null and productType !=''">,#{productType}</if>
		<if test="productSize !=null and productSize !=''">,#{productSize}</if>
		<if test="productAddress !=null and productAddress !=''">,#{productAddress}</if>
		<if test="batch !=null and batch !=''">,#{batch}</if>
		<if test="standardLen !=null and standardLen !=''">,#{standardLen}</if>
		<if test="count !=null and count !=''">,#{count}</if>
		<if test="drewCount !=null and drewCount !=''">,#{drewCount}</if>
		<if test="auditCount !=null and auditCount !=''">,#{auditCount}</if>
		<if test="reverseQty !=null and reverseQty !=''">,#{reverseQty}</if>
		<if test="weight !=null and weight !=''">,#{weight}</if>
		<if test="countUnit !=null and countUnit !=''">,#{countUnit}</if>
		<if test="weightUnit !=null and weightUnit !=''">,#{weightUnit}</if>
		<if test="cost !=null and cost !=''">,#{cost}</if>
		<if test="price !=null and price !=''">,#{price}</if>
		<if test="note !=null and note !=''">,#{note}</if>
		<if test="toDate !=null and toDate !=''">,#{toDate}</if>
		<if test="taxRate !=null and taxRate !=''">,#{taxRate}</if>
		<if test="taxAmount !=null and taxAmount !=''">,#{taxAmount}</if>
		<if test="amount !=null and amount !=''">,#{amount}</if>
		<if test="drewAmount !=null and drewAmount !=''">,#{drewAmount}</if>
		<if test="auditAmount !=null and auditAmount !=''">,#{auditAmount}</if>
		<if test="sourceType !=null and sourceType !=''">,#{sourceType}</if>
		<if test="sourceBillNo !=null and sourceBillNo !=''">,#{sourceBillNo}</if>
		<if test="rd1 !=null and rd1 !=''">,#{rd1}</if>
		<if test="rd2 !=null and rd2 !=''">,#{rd2}</if>
		<if test="rd3 !=null and rd3 !=''">,#{rd3}</if>
		<if test="rd4 !=null and rd4 !=''">,#{rd4}</if>
		<if test="rd5 !=null and rd5 !=''">,#{rd5}</if>
		<if test="rd6 !=null and rd6 !=''">,#{rd6}</if>
		<if test="rd7 !=null and rd7 !=''">,#{rd7}</if>
		<if test="rd8 !=null and rd8 !=''">,#{rd8}</if>
		<if test="rd9 !=null and rd9 !=''">,#{rd9}</if>
		<if test="rd10 !=null and rd10 !=''">,#{rd10}</if>
		<if test="rd11 !=null and rd11 !=''">,#{rd11}</if>
		<if test="rd12 !=null and rd12 !=''">,#{rd12}</if>
		<if test="rd13 !=null and rd13 !=''">,#{rd13}</if>
		<if test="rd14 !=null and rd14 !=''">,#{rd14}</if>
		<if test="rd15 !=null and rd15 !=''">,#{rd15}</if>
		<if test="rd16 !=null and rd16 !=''">,#{rd16}</if>
		<if test="rd17 !=null and rd17 !=''">,#{rd17}</if>
		<if test="rd18 !=null and rd18 !=''">,#{rd18}</if>
		<if test="rd19 !=null and rd19 !=''">,#{rd19}</if>
		<if test="rd20 !=null and rd20 !=''">,#{rd20}</if>
		<if test="rd21 !=null and rd21 !=''">,#{rd21}</if>
		<if test="rd22 !=null and rd22 !=''">,#{rd22}</if>
		<if test="rd23 !=null and rd23 !=''">,#{rd23}</if>
		<if test="rd24 !=null and rd24 !=''">,#{rd24}</if>
		<if test="rd25 !=null and rd25 !=''">,#{rd25}</if>
		<if test="rd26 !=null and rd26 !=''">,#{rd26}</if>
		<if test="rd27 !=null and rd27 !=''">,#{rd27}</if>
		<if test="rd28 !=null and rd28 !=''">,#{rd28}</if>
		<if test="rd29 !=null and rd29 !=''">,#{rd29}</if>
		<if test="rd30 !=null and rd30 !=''">,#{rd30}</if>
		<if test="erp_detail_orderStatus !=null">,#{erp_detail_orderStatus}</if>
		<if test="rsv1 !=null">,#{rsv1}</if>
		<if test="rsv2 !=null">,#{rsv2}</if>
		<if test="rsv3 !=null">,#{rsv3}</if>
		)
	</insert>
	
	<!-- 获取企业单据状态 -->
	<select id="getPurchaseErpStatus" resultType="String">
		SELECT 
			DISTINCT erp_orderStatus
		FROM 
			scm_check_tbl 
		LEFT JOIN scm_check_product_tbl  ON scm_check_tbl.id = scm_check_product_tbl.checkId
		WHERE 1=1 and IFNULL( scm_check_product_tbl.count,0) > IFNULL( scm_check_product_tbl.drewCount,0) 
		and scm_check_tbl.checkStatus='1' and scm_check_product_tbl.detailStatus='1' 
		<if test="userIds != null and userIds !=''">
			and scm_check_tbl.userId in
			<foreach item="item" index="index" collection="userIds" open="(" separator="," close=")">
				 #{item}
			</foreach>
		</if>
		ORDER BY scm_check_tbl.createTime desc
	</select>
	
	<!-- 获取企业单据状态 -->
	<select id="getPurchaseErpDetailStatus" resultType="String">
		SELECT 
			DISTINCT scm_check_product_tbl.erp_detail_orderStatus
		FROM 
			scm_check_product_tbl 
		LEFT JOIN scm_check_tbl  ON scm_check_tbl.id = scm_check_product_tbl.checkId
		WHERE 1=1 and IFNULL( scm_check_product_tbl.count,0) > IFNULL( scm_check_product_tbl.drewCount,0) 
		and scm_check_tbl.checkStatus='1' and scm_check_product_tbl.detailStatus='1' 
		<if test="userIds != null and userIds !=''">
			and scm_check_tbl.userId in
			<foreach item="item" index="index" collection="userIds" open="(" separator="," close=")">
				 #{item}
			</foreach>
		</if>
	</select>
	
	
	<!-- 获取企业单据状态 -->
	<select id="getErpStatus" resultType="String">
		SELECT 
			DISTINCT erp_orderStatus
		FROM 
			scm_check_tbl 
		WHERE 1=1  
		<if test="userIds != null and userIds !=''">
			and scm_check_tbl.userId in
			<foreach item="item" index="index" collection="userIds" open="(" separator="," close=")">
				 #{item}
			</foreach>
		</if>
		ORDER BY scm_check_tbl.createTime desc
	</select>
	
	<!-- 获取企业单据状态 -->
	<select id="getErpDetailStatus" resultType="String">
		SELECT 
			DISTINCT scm_check_product_tbl.erp_detail_orderStatus
		FROM 
			scm_check_product_tbl 
		LEFT JOIN scm_check_tbl  ON scm_check_tbl.id = scm_check_product_tbl.checkId
		WHERE 1=1 
		<if test="userIds != null and userIds !=''">
			and scm_check_tbl.userId in
			<foreach item="item" index="index" collection="userIds" open="(" separator="," close=")">
				 #{item}
			</foreach>
		</if>
	</select>
	
</mapper>
