<?xml version="1.0" encoding="UTF-8"?>
<!DOCTYPE mapper
  PUBLIC "-//mybatis.org//DTD Mapper 3.0//EN"
    "http://mybatis.org/dtd/mybatis-3-mapper.dtd">
 
<mapper namespace="standardDeliveryCart">
 <!-- 获取发料车信息 -->
 <select id="findAll" resultType="com.ultimate.common.DeliveryCart"> 	     
          SELECT    
          			dct.id,
 	                dct.productId,	   
 	                dct.poorderId,	   
 	                dct.orderEntry,	   
 	                dct.orderNo,	   
 	                dct.entryId,            
					dct.hashCode,								
					dct.productName,
					dct.productType,
					dct.productSize,
					dct.productAddress,
					dct.batch,
					dct.standardLen,
					<choose>
						<when test="isGetCount == 1">
							IFNULL(sum(dct.count),0) as count,
						</when>
						<otherwise>
							IFNULL(dct.count,0) as count,
						</otherwise>
					</choose>
					IFNULL(dct.weight,0) as weight,
					dct.countUnit,
					dct.weightUnit,
					IFNULL(dct.arrangedQty,0) as arrangedQty,			
					dct.cost,
					dct.price,
					dct.realPrice,
					dct.note,
					date_Format(dct.toDate,'%Y-%m-%d') as toDate, 
					dct.taxRate,
					dct.taxAmount,
					dct.authorId,
					dct.salesmanId,
					dct.userId,
					dct.customerId,
					dct.companyId,
					dct.wareHouse,
					dct.chooseOrder,
					dct.lastUpdateTime,
					dct.rd1,
					dct.rd2,
					dct.rd3,
					dct.rd4,
					dct.rd5,
					dct.rd6,
					dct.rd7,
					dct.rd8,
					dct.rd9,
					dct.rd10,
					dct.rd11,
					dct.rd12,
					dct.rd13,
					dct.rd14,
					dct.rd15,
					dct.rd16,
					dct.rd17,
					dct.rd18,
					dct.rd19,
					dct.rd20,
					dct.rd21,
					dct.rd22,
					dct.rd23,
					dct.rd24,
					dct.rd25,
					dct.rd26,
					dct.rd27,
					dct.rd28,
					dct.rd29,
				    dct.rd30                  
	  FROM scm_deliveryCart_tbl dct  
	  <where> 1=1
			<if test="userIds != null">
				 and  dct.userId IN
				 <foreach item="item" index="index" collection="userIds" open="(" separator="," close=")">
				 	#{item}
				 </foreach>
		    </if>
			<if test="CONDITION != null">
				and ${CONDITION}
			</if>
	  </where>
	  <if test="isGroupHashCode != null">
			GROUP BY dct.hashCode
	  </if>
	  <if test="isGroupProductId != null">
			GROUP BY dct.productId
	  </if>
	  order by dct.id asc
 </select>
 <!-- 获取发料车信息 -->
 <select id="searchCartProduct" resultType="hashmap"> 	     
          SELECT  
 	                dct.productId,	   
 	                dct.entryId,            
					dct.hashCode,								
					dct.productName,
					dct.productType,
					dct.productSize,
					dct.productAddress,
					dct.batch,
					dct.standardLen,
					IFNULL(dct.count,0) as count,
					IFNULL(dct.weight,0) as weight,
					dct.countUnit,
					dct.weightUnit,
					IFNULL(dct.arrangedQty,0) as arrangedQty,			
					dct.cost,
					dct.price,
					dct.note,
					date_Format(dct.toDate,'%Y-%m-%d %H:%i:%S ') as toDate, 
					dct.taxRate,
					dct.taxAmount,
					dct.authorId,
					dct.salesmanId,
					dct.userId,
					dct.customerId,
					dct.companyId,
					dct.lastUpdateTime,
					dct.rd1,
					dct.rd2,
					dct.rd3,
					dct.rd4,
					dct.rd5,
					dct.rd6,
					dct.rd7,
					dct.rd8,
					dct.rd9,
					dct.rd10,
					dct.rd11,
					dct.rd12,
					dct.rd13,
					dct.rd14,
					dct.rd15,
					dct.rd16,
					dct.rd17,
					dct.rd18,
					dct.rd19,
					dct.rd20,
					dct.rd21,
					dct.rd22,
					dct.rd23,
					dct.rd24,
					dct.rd25,
					dct.rd26,
					dct.rd27,
					dct.rd28,
					dct.rd29,
				    dct.rd30                  
	  FROM scm_deliveryCart_tbl dct      
	  WHERE dct.userId =#{userId} 
	  GROUP BY dct.hashCode
 </select>
 
 <select id="searchCartById" resultType="com.ultimate.common.DeliveryCart"> 	     
          SELECT  
 	                dct.productId,
 	                dct.orderNo,	   
 	                dct.entryId,            
					dct.hashCode,								
					dct.productName,
					dct.productType,
					dct.productSize,
					dct.productAddress,
					dct.batch,
					dct.standardLen,
					IFNULL(dct.count,0) as count,
					IFNULL(dct.weight,0) as weight,
					dct.countUnit,
					dct.weightUnit,
					IFNULL(dct.arrangedQty,0) as arrangedQty,			
					dct.cost,
					dct.price,
					dct.note,
					date_Format(dct.toDate,'%Y-%m-%d %H:%i:%S ') as toDate, 
					dct.taxRate,
					dct.taxAmount,
					dct.authorId,
					dct.salesmanId,
					dct.userId,
					dct.customerId,
					dct.companyId,
					dct.lastUpdateTime,
					dct.wareHouse,
					dct.rd1,
					dct.rd2,
					dct.rd3,
					dct.rd4,
					dct.rd5,
					dct.rd6,
					dct.rd7,
					dct.rd8,
					dct.rd9,
					dct.rd10,
					dct.rd11,
					dct.rd12,
					dct.rd13,
					dct.rd14,
					dct.rd15,
					dct.rd16,
					dct.rd17,
					dct.rd18,
					dct.rd19,
					dct.rd20,
					dct.rd21,
					dct.rd22,
					dct.rd23,
					dct.rd24,
					dct.rd25,
					dct.rd26,
					dct.rd27,
					dct.rd28,
					dct.rd29,
				    dct.rd30,
				    dct.chooseOrder                
	  FROM scm_deliveryCart_tbl dct      
	  WHERE dct.id =#{cartid} 
 </select>
 
 <select id="searchCartById2" resultType="hashmap"> 	     
          SELECT  
 	                dct.productId,
 	                dct.orderNo,	   
 	                dct.entryId,            
					dct.hashCode,								
					dct.productName,
					dct.productType,
					dct.productSize,
					dct.productAddress,
					dct.batch,
					dct.standardLen,
					IFNULL(dct.count,0) as count,
					IFNULL(dct.weight,0) as weight,
					dct.countUnit,
					dct.weightUnit,
					IFNULL(dct.arrangedQty,0) as arrangedQty,			
					dct.cost,
					dct.price,
					dct.note,
					date_Format(dct.toDate,'%Y-%m-%d %H:%i:%S ') as toDate, 
					dct.taxRate,
					dct.taxAmount,
					dct.authorId,
					dct.salesmanId,
					dct.userId,
					dct.customerId,
					dct.companyId,
					dct.lastUpdateTime,
					dct.wareHouse,
					dct.rd1,
					dct.rd2,
					dct.rd3,
					dct.rd4,
					dct.rd5,
					dct.rd6,
					dct.rd7,
					dct.rd8,
					dct.rd9,
					dct.rd10,
					dct.rd11,
					dct.rd12,
					dct.rd13,
					dct.rd14,
					dct.rd15,
					dct.rd16,
					dct.rd17,
					dct.rd18,
					dct.rd19,
					dct.rd20,
					dct.rd21,
					dct.rd22,
					dct.rd23,
					dct.rd24,
					dct.rd25,
					dct.rd26,
					dct.rd27,
					dct.rd28,
					dct.rd29,
				    dct.rd30,
				    dct.chooseOrder                
	  FROM scm_deliveryCart_tbl dct      
	  WHERE dct.id =#{cartid} 
 </select>
 
 <!-- 获取发料车数量信息-->
 <select id="searchCount" resultType="hashmap"> 
 <!--  	
    SELECT  SUM(IFNULL((op.count - IFNULL(op.arrangedCount,0)),0)) as  surplusCount,
            SUM(IFNULL(op.arrangedCount,0)) as  arrangedCount,
            SUM(IFNULL(op.count,0)) as count
        FROM  scm_deliverycart_tbl dmc, scm_poorder_product_tbl op
        WHERE dmc.poorderId = op.poorderId 
        and  dmc.productId = op.productId
        and  dmc.orderEntry=op.orderEntry
        and  dmc.productId =#{productId}  -->
    <!-- 统计发料车内物料的累积发货数量和可发数量 -->
    SELECT IFNULL(SUM(a.arrangedCount), 0) as arrangedCount ,
    <!-- 可发数量为负数则代表已经超发 -->
    IFNULL(SUM(a.count)-IFNULL(SUM(a.arrangedCount),0), 0) as ableCount,
    IFNULL(SUM(a.count), 0) as totalCount
	FROM scm_poorder_tbl op,
	(SELECT DISTINCT opp.*
    FROM scm_deliverycart_tbl dmc
    LEFT JOIN scm_poorder_product_tbl opp ON dmc.hashCode = opp.hashCode
    WHERE dmc.hashCode =#{hashCode}
    AND dmc.userId = #{userId}
    AND opp.count > IFNULL(arrangedCount,0)		
    AND opp.detailStatus = #{detailStatus}
    AND (opp.deliveryStatus = 0 or opp.deliveryStatus = 1)
	) a
	WHERE op.id = a.poorderId
    AND op.orderStatus = #{orderStatus}
    AND op.userId = #{userId}
	AND op.orderType = '00' 
	<if test="verify != null">
		AND ${verify}
	</if>
	<if test="exverify != null">
		AND ${exverify}
	</if>
 </select>
 
	<!-- 根据hashcode获得物料的已发量并分组-->
	<select id="getArrangedByHashCodes" resultType="hashmap"> 
		SELECT 
			IFNULL(SUM(a.arrangedCount), 0) as arrangedCount ,
			<!-- 可发数量为负数则代表已经超发 -->
			IFNULL(SUM(a.count)-IFNULL(SUM(a.arrangedCount),0), 0) as ableCount,
			IFNULL(SUM(a.count), 0) as totalCount,
			a.hashCode as hashCode
			<if test="excludeCondition != null">
				,a.${excludeCondition} as ${excludeCondition}
			</if>
		FROM scm_poorder_tbl op,
			(SELECT 
				DISTINCT opp.*
			FROM scm_deliverycart_tbl dmc
			LEFT JOIN scm_poorder_product_tbl opp 
				ON dmc.hashCode = opp.hashCode
			WHERE dmc.userId = #{userId}
				AND opp.count > IFNULL(arrangedCount,0)		
				AND opp.detailStatus = #{detailStatus}
				AND (opp.deliveryStatus = 0 or opp.deliveryStatus = 1)
				<if test="hashCodes != null">
					AND dmc.hashCode IN 
					<foreach item="item" collection="hashCodes" open="(" separator="," close=")">
						#{item}
					</foreach>
				</if>
			) a
		WHERE op.id = a.poorderId
			AND op.orderStatus = #{orderStatus}
			AND op.userId = #{userId}
			AND op.orderType = '00' 
			<if test="verify != null">
				AND ${verify}
			</if>
			<if test="exverify != null">
				AND ${exverify}
			</if>
			GROUP BY a.hashCode
			<if test="groupByCondition != null">
				 ${groupByCondition}
			</if>
	</select>
 
 <!-- 获取发料车中准备发的数量 -->
 <select id="arrangedCount" resultType="hashmap">
    SELECT
    IFNULL(SUM(sdt.arrangedQty), 0) arrangedQty,
    spt.extraRate extraRate
    FROM
    scm_deliverycart_tbl sdt
    LEFT JOIN scm_materials_tbl spt ON sdt.productId = spt.productId
    WHERE
    sdt.productId = #{productId}
    AND dmc.userId = #{userId}	
 </select>
 
 <!-- 获取发料车中准备发的数量 -->
 <select id="getConfigKeys" resultType="hashmap">
    SELECT
    fieldConfig  
    FROM
    scm_field_detail_tbl
    WHERE
    appId = #{appId}
    AND isSelected = '1'
    AND type = 'input'
    AND module = #{module}
    AND subModule = #{subModule}
 </select>
 
 <!-- 获取超发比例 -->
 <select id="getExtraRate" resultType="hashmap">
    SELECT
    productId,
    hashCode,
    extraRate
    FROM
    scm_materials_tbl 
    WHERE
    1=1
    <if test="hashCode != null">
    AND hashCode = #{hashCode}
    </if>
    <if test="hashCodes != null">
			AND hashCode IN 
		<foreach item="item" index="index" collection="hashCodes" open="(" separator="," close=")">
				 #{item}
		</foreach>
	</if>
	GROUP BY hashcode
 </select>
 
 <!-- 添加产品信息到发料车表  -->
  <insert id="addUserCart" >
   	<selectKey resultType="java.lang.Integer" order="AFTER" keyProperty="id" >
			select LAST_INSERT_ID() as id
		</selectKey>
	insert into scm_deliveryCart_tbl (	                      
	                            productId,
	                            entryId,
								hashCode,
								poorderId,
								orderEntry,
								orderNo,					
								productName,
								productType,
								productSize,
								productAddress,
								standardLen,
								count,
								weight,
								countUnit,
								weightUnit,
								arrangedQty,
								cost,
								price,
								batch,
								realPrice,
								note,
								toDate,
								taxRate,
								taxAmount,
								authorId,
								salesmanId,
								userId,
								customerId,
								companyId,
								wareHouse,
								lastUpdateTime,
								rd1,
								rd2,
								rd3,
								rd4,
								rd5,
								rd6,
								rd7,
								rd8,
								rd9,
								rd10,
								rd11,
								rd12,
								rd13,
								rd14,
								rd15,
								rd16,
								rd17,
								rd18,
								rd19,
								rd20,
								rd21,
								rd22,
								rd23,
								rd24,
								rd25,
								rd26,
								rd27,
								rd28,
								rd29,
							    rd30)
					   values(
							  #{productId},	
							  #{entryId},
							  #{hashCode},
							  #{poorderId},	
							  #{orderEntry},			
							  #{orderNo},							  							
							  #{productName},
							  #{productType},
							  #{productSize},
							  #{productAddress},
							  #{standardLen},
							  #{count},
							  #{weight},
							  #{countUnit},
							  #{weightUnit},
							  #{surplusCount},
							  #{cost},
							  #{price},
							  #{batch},
							  #{realPrice},
							  #{note},
							  #{toDate},
							  #{taxRate},
							  #{taxAmount},
							  #{authorId},
							  #{salesmanId},
							  #{userId},
							  #{customerId},
							  #{companyId},
							  #{wareHouse},
							  #{lastUpdateTime},
							  #{rd1},
							  #{rd2},
							  #{rd3},
							  #{rd4},
							  #{rd5},
							  #{rd6},
							  #{rd7},
							  #{rd8},
							  #{rd9},
							  #{rd10},
							  #{rd11},
							  #{rd12},
							  #{rd13},
							  #{rd14},
							  #{rd15},
							  #{rd16},
							  #{rd17},
							  #{rd18},
							  #{rd19},
							  #{rd20},
							  #{rd21},
							  #{rd22},
							  #{rd23},
							  #{rd24},
							  #{rd25},
							  #{rd26},
							  #{rd27},
							  #{rd28},
							  #{rd29},
							  #{rd30})
   </insert>

   <!-- 查询采购订单产品信息 -->
   <select id="selectOrderProduct"  resultType="hashmap">
   		select      
			pp.productId,
			pp.entryId,
			pp.poorderId,
			pp.orderNo,
			pp.orderEntry,
			pp.detailStatus,
			pp.productName,
			pp.productType,
			pp.productSize,
			pp.productAddress,
			pp.batch,
			pp.standardLen,
			IFNULL(pp.count,0) as count,
			IFNULL(pp.weight,0) as 	weight,
			pp.countUnit,
			pp.weightUnit,
			pp.cost,
			pp.price,
			pp.realPrice,
			pp.note,
			date_Format(pp.toDate,'%Y-%m-%d %H:%i:%S ') as toDate, 
			pp.companyId,
			pp.taxRate,
			pp.taxAmount,
			pp.inCart,
			pp.rd1,
			pp.rd2,
			pp.rd3,
			pp.rd4,
			pp.rd5,
			pp.rd6,
			pp.rd7,
			pp.rd8,
			pp.rd9,
			pp.rd10,
			pp.rd11,
			pp.rd12,
			pp.rd13,
			pp.rd14,
			pp.rd15,
			pp.rd16,
			pp.rd17,
			pp.rd18,
			pp.rd19,
			pp.rd20,
			pp.rd21,
			pp.rd22,
			pp.rd23,
			pp.rd24,
			pp.rd25,
			pp.rd26,
			pp.rd27,
			pp.rd28,
			pp.rd29,
			pp.rd30,
			po.authorId,
            po.salesmanId,
            po.userId,
            po.customerId,
            po.lastUpdateTime
		from
			scm_poorder_product_tbl as pp
		left join scm_poorder_tbl as po on pp.poorderId = po.id
		where
		    <if test="id != null">
			    pp.id = #{id}
			</if> 
   </select>
   
    <!-- 修改产品明细是否加入发料车-->
   <update id="updateInCart"  >
        update scm_poorder_product_tbl set inCart = #{inCart}
		where   productId = #{productId}
		        <!--entryId = #{entryId} 			
				and  poorderId = #{poorderId}		
				and  orderEntry = #{orderEntry}		-->     
   </update>
   
   <!-- 查询发料车产品的关联明细-->
   <select id="getRelatePro"  resultType="hashmap">
         SELECT  op.productId,op.productName,op.orderNo,op.inCart,
           date_Format(op.toDate,'%Y-%m-%d %H:%i:%S ') as toDate,
           IFNULL(op.count,0) as count,
           IFNULL(op.arrangedCount,0) as arrangedCount,
           IFNULL(op.weight,0) as weight,
           IFNULL(op.commitQty,0) as commitQty,
           IFNULL(op.inwayQty,0) as inwayQty
         FROM  scm_deliverycart_tbl dmc, scm_poorder_product_tbl op
         WHERE  dmc.entryId = op.entryId 
          and op.inCart = '1'
          and dmc.hashCode = #{hashCode}    
          GROUP BY op.orderNo  
   </select>
   
     <!-- 删除发料车中的产品信息-->
   <select id="deleteCartPro"  resultType="hashmap">
   		delete from scm_deliveryCart_tbl where id in    	
		   	<foreach item="item" index="index" collection="cartIds" open="(" separator="," close=")">
	        	#{item}
	  		</foreach> 
	  		    and userId=#{userId}
   </select> 
   
   <!-- 删除发料车中的产品信息,创建发货单后-->
   <select id="deleteCart"  resultType="hashmap">
   		delete from scm_deliveryCart_tbl where entryId =#{entryId} 
   		and poorderId = #{poorderId} and orderEntry=#{orderEntry}
   		and userId=#{userId}
   </select> 
   
   <!-- 查询待产品数据 -->
	<select id="getProductById" resultType="hashmap">
	     SELECT
		  d.id,
          d.poorderId,
          d.orderNo,
          d.orderEntry,
          d.productId,
          d.hashCode,
		  d.detailStatus,
		d.productName,
		d.productType,
		d.productSize,
		d.productAddress,
		d.batch,
		d.standardLen,
		IFNULL(d.count,0) as count,
		IFNULL(d.weight,0) as weight,
		d.countUnit,
		d.weightUnit,
		d.cost,
		d.price,
		d.realPrice,
		d.note,
		d.toDate,
		d.taxRate,
		d.taxAmount,
		d.authorId,
		d.salesmanId,
		d.userId,
		d.customerId,
		d.companyId,
		d.lastUpdateTime	
	  FROM scm_deliverycart_tbl as d
		WHERE 1=1
			  <if test="hashCodes!=null">
			  and  d.hashCode IN 
			 <foreach item="item" index="index" collection="hashCodes" open="(" separator="," close=")">
			 	#{item}
			 </foreach>
			</if>
			GROUP BY d.productId
		order by d.toDate desc	
	</select>
	
	<!-- 查询待产品数据,根据hashCode -->
	<select id="getMappByCartId" resultType="hashmap">
	     SELECT
		  dm.id,
          dm.poorderId,
          dm.orderNo,
          dm.orderEntry,
          dm.productId,
          dm.hashCode,
          dm.entryId	 
	  FROM scm_deliverycart_tbl as dm    
		WHERE 1=1
			  <if test="cartId!=null">
			  and  dm.hashCode IN 
			 <foreach item="item" index="index" collection="cartId" open="(" separator="," close=")">
			 	#{item}
			 </foreach>
			</if>
			 and userId=#{userId}
	</select>
	
 
 <!-- 获取hashCode的值 -->
 <select id="selectProductInfo" resultMap="product">
    select 
        pp.productId,
        pp.productName,
		pp.productType,
		pp.productSize as specification,	
		pp.standardLen,
		pp.productAddress,
		pp.price
		from
			scm_poorder_product_tbl as pp
    where pp.id = #{id}
 </select>
 
    <!-- 更新发料车中产品相关属性字段 -->
   <update id="updateDeliveryCart">
   		update scm_deliverycart_tbl set
   			<if test="col == 'productId'">
			  productId=#{value},
			</if>
			<if test="col == 'entryId'">
			  entryId=#{value},
			</if>
			<if test="col == 'createTime'">
			  createTime=#{value},
			</if>
			<if test="col == 'poorderId'">
			  poorderId=#{value},
			</if>
			<if test="col == 'orderNo'">
			  orderNo=#{value},
			</if>
			<if test="col == 'orderEntry'">
			  orderEntry=#{value},
			</if>
			<if test="col == 'detailStatus'">
			  detailStatus=#{value},
			</if>
			<if test="col == 'productName'">
			  productName=#{value},
			</if>
			<if test="col == 'productType'">
			  productType=#{value},
			</if>
			<if test="col == 'productSize'">
			  productSize=#{value},
			</if>
			<if test="col == 'productAddress'">
			  productAddress=#{value},
			</if>
			<if test="col == 'batch'">
			  batch=#{value},
			</if>
			<if test="col == 'standardLen'">
			  standardLen=#{value},
			</if>
			<if test="col == 'count'">
			  count=#{value},
			</if>
			<if test="col == 'arrangedQty'">
			  arrangedQty=#{value},
			</if>
			<if test="col == 'weight'">
			  weight=#{value},
			</if>
			<if test="col == 'countUnit'">
			  countUnit=#{value},
			</if>
			<if test="col == 'weightUnit'">
			  weightUnit=#{value},
			</if>
			<if test="col == 'cost'">
			  cost=#{value},
			</if>
			<if test="col == 'price'">
			  price=#{value},
			</if>
			<if test="col == 'realPrice'">
			  realPrice=#{value},
			</if>
			<if test="col == 'toDate'">
			  toDate=#{value},
			</if>
			<if test="col == 'note'">
			  note=#{value},
			</if>
			<if test="col == 'companyId'">
			  companyId=#{value},
			</if>
			<if test="col == 'taxRate'">
			  taxRate=#{value},
			</if>
			<if test="col == 'taxAmount'">
			  taxAmount=#{value},
			</if>
			<if test="col == 'authorId'">
			  authorId=#{value},
			</if>
			<if test="col == 'salesmanId'">
			  salesmanId=#{value},
			</if>
			<if test="col == 'userId'">
			  userId=#{value},
			</if>
			<if test="col == 'customerId'">
			  customerId=#{value},
			</if>
			<if test="col == 'modifierId'">
			  modifierId=#{value},
			</if>
			<if test="col == 'chooseOrder'">
			  chooseOrder=#{value},
			</if>
			<if test="col == 'lastUpdateTime'">
			  lastUpdateTime=#{value},
			</if>
			<if test="col == 'createTime'">
			  createTime=#{value},
			</if>
			<if test="col == 'rd1'">
			  rd1=#{value},
			</if>
			<if test="col == 'rd2'">
			  rd2=#{value},
			</if>
			<if test="col == 'rd3'">
			  rd3=#{value},
			</if>
			<if test="col == 'rd4'">
			  rd4=#{value},
			</if>
			<if test="col == 'rd5'">
			  rd5=#{value},
			</if>
			<if test="col == 'rd6'">
			  rd6=#{value},
			</if>
			<if test="col == 'rd7'">
			  rd7=#{value},
			</if>
			<if test="col == 'rd8'">
			  rd8=#{value},
			</if>
			<if test="col == 'rd9'">
			  rd9=#{value},
			</if>
			<if test="col == 'rd10'">
			  rd10=#{value},
			</if>
			<if test="col == 'rd11'">
			  rd11=#{value},
			</if>
			<if test="col == 'rd12'">
			  rd12=#{value},
			</if>
			<if test="col == 'rd13'">
			  rd13=#{value},
			</if>
			<if test="col == 'rd14'">
			  rd14=#{value},
			</if>
			<if test="col == 'rd15'">
			  rd15=#{value},
			</if>
			<if test="col == 'rd16'">
			  rd16=#{value},
			</if>
			<if test="col == 'rd17'">
			  rd17=#{value},
			</if>
			<if test="col == 'rd18'">
			  rd18=#{value},
			</if>
			<if test="col == 'rd19'">
			  rd19=#{value},
			</if>
			<if test="col == 'rd20'">
			  rd20=#{value},
			</if>
			<if test="col == 'rd21'">
			  rd21=#{value},
			</if>
			<if test="col == 'rd22'">
			  rd22=#{value},
			</if>
			<if test="col == 'rd23'">
			  rd23=#{value},
			</if>
			<if test="col == 'rd23'">
			  rd23=#{value},
			</if>
			<if test="col == 'rd24'">
			  rd24=#{value},
			</if>
			<if test="col == 'rd25'">
			  rd25=#{value},
			</if>
			<if test="col == 'rd26'">
			  rd26=#{value},
			</if>
			<if test="col == 'rd27'">
			  rd27=#{value},
			</if>
			<if test="col == 'rd28'">
			  rd28=#{value},
			</if>
			<if test="col == 'rd29'">
			  rd29=#{value},
			</if>
			<if test="col == 'rd30'">
			  rd30=#{value},
			</if>
			id=#{cartId}
		WHERE
			id=#{cartId}
		<if test="hashCode != null ">
			AND hashCode = #{hashCode}
		</if>
   </update>
 
 <!-- 获取属性值 -->
 <select id="greateDelivery" resultType="hashmap">
   select
      configValue
   from 
      scm_conf_tbl where id=#{id}
 </select>
 
 
    <!-- 删除发料车中的产品信息-->
   <select id="deleteByUserId"  resultType="hashmap">
   		delete from scm_deliveryCart_tbl where  userId=#{userId}
  </select>
 <!-- 根据发料车id更新全部数量及可发货数量 -->
 <update id = "updateById">
   update scm_deliveryCart_tbl set
    <if test="count != null and count != '' ">
       count=#{count},
    </if>
     <if test="arrangedQty != null and arrangedQty !=''">
       arrangedQty=#{arrangedQty},
    </if>
     id=#{id}
    where  id=#{id}  and userId=#{userId}
			
 
 </update>
 <resultMap id="product" type="com.icbc.client.ProductInfo">
	  <result column="productId" property="ProductId"/>
	  <result column="productName" property="ProductName"/>
	  <result column="productType" property="ProductType"/>
	  <result column="specification" property="Specification"/>
	  <result column="standardLen" property="StandardLen"/>
	  <result column="productAddress" property="ProductAddress"/>
	  <result column="price" property="Price"/>
</resultMap>

</mapper>
