<?xml version="1.0" encoding="UTF-8"?>
<!DOCTYPE mapper
  PUBLIC "-//mybatis.org//DTD Mapper 3.0//EN"
    "http://mybatis.org/dtd/mybatis-3-mapper.dtd">
<mapper namespace="standardInvoice_product">
    
  	<select id="findByInvoiceId"  resultType="com.ultimate.common.InvoiceProductEntity">
  		SELECT 
		  	id,
		  	productId,
		  	invoiceId,
		  	invoiceEntry,
		  	productName,
		  	specification,
		  	batch,
		  	standardLen,
		  	count,
		  	taxPrice,
		  	discountRate,
		  	realPrice,
		  	discount,
		  	totalAmount,
		  	note,
		  	shipFee,
		  	companyId,
		  	salesmanId,
		  	parentId,
		  	lastUpdateTime,
		  	rd1,
		  	rd2,
		  	rd3,
		  	rd4,
		  	rd5,
		  	rd6,
		  	rd7,
		  	rd8,
		  	rd9,
		  	rd10,
		  	rd11,
		  	rd12,
		  	rd13,
		  	rd14,
		  	rd15,
		  	rd16,
		  	rd17,
		  	rd18,
		  	rd19,
		  	rd20,
		  	rd21,
		  	rd22,
		  	rd23,
		  	rd24,
		  	rd25,
		  	rd26,
		  	rd27,
		  	rd28,
		  	rd29,
		  	rd30
		FROM scm_invoice_product_tbl 
		WHERE 
  			invoiceId = #{id}
	</select>

	<insert id="doCreate" parameterType="hashmap" >
		INSERT INTO scm_invoice_product_tbl (
			
			productId
			
			<if test="invoiceId != null">
				,invoiceId
			</if>
			<if test="invoiceEntry != null">
				,invoiceEntry
			</if>
			<if test="productName != null">
				,productName
			</if>
			<if test="specification != null">
				,specification
			</if>
			<if test="batch != null">
				,batch
			</if>
			<if test="standardLen != null">
				,standardLen
			</if>
			<if test="count != null and count !=''">
				,count
			</if>
			<if test="taxPrice != null and taxPrice != ''">
				,taxPrice
			</if>
			<if test="discountRate != null and discountRate !=''">
				,discountRate
			</if>
			<if test="realPrice != null and realPrice !=''">
			 	,realPrice
			</if>
			<if test="discount != null and discount !=''">
				,discount
			</if>
			<if test="totalAmount != null and totalAmount !=''">
				,totalAmount
			</if>
			<if test="note != null">
				,note
			</if>
			<if test="shipFee != null and shipFee !=''">
			 	,shipFee
			</if>
			<if test="companyId != null">
				,companyId
			</if>
			<if test="salesmanId != null and salesmanId !=''">
				,salesmanId
			</if>
			<if test="parentId != null and parentId != ''">
				,parentId
			</if>
			<if test="lastUpdateTime != null">
			 	,lastUpdateTime
			</if>
			
			<if test="statementNo != null">
			 	,statementNo
			</if>
			<if test="orderNo != null">
			 	,orderNo
			</if>
			<if test="deliveryNo != null">
			 	,deliveryNo
			</if>
			<if test="paymentOrderNo != null">
			 	,paymentOrderNo
			</if>
			<if test="otherNo != null">
			 	,otherNo
			</if>
			<if test="entryId != null">
			 	,entryId
			</if>
			
			<if test="rd1 != null">
				,rd1
			</if>
			<if test="rd2 != null">
				,rd2
			</if>
			<if test="rd3 != null">
			 	,rd3
			</if>
			<if test="rd4 != null">
				,rd4
			</if>
			<if test="rd5 != null">
				,rd5
			</if>
			<if test="rd6 != null">
			 	,rd6
			</if>
			<if test="rd7 != null">
				,rd7
			</if>
			<if test="rd8 != null">
				,rd8
			</if>
			<if test="rd9 != null">
				,rd9
			</if>
			<if test="rd10 != null">
				,rd10
			</if>
			<if test="rd11 != null">
				,rd11
			</if>
			<if test="rd12 != null">
				,rd12
			</if>
			<if test="rd13 != null">
				,rd13
			</if>
			<if test="rd14 != null">
				,rd14
			</if>
			<if test="rd15 != null">
				,rd15
			</if>		
			<if test="rd16 != null">
				,rd16
			</if>
			<if test="rd17 != null">
				,rd17
			</if>
			<if test="rd18 != null">
				,rd18
			</if>
			<if test="rd19 != null">
				,rd19
			</if>
			<if test="rd20 != null">
				,rd20
			</if>
			<if test="rd21 != null">
				,rd21
			</if>
			<if test="rd22 != null">
				,rd22
			</if>
			<if test="rd23 != null">
				,rd23
			</if>
			<if test="rd24 != null">
				,rd24
			</if>			
			<if test="rd25 != null">
				,rd25
			</if>
			<if test="rd26 != null">
				,rd26
			</if>
			<if test="rd27 != null">
				,rd27
			</if>
			<if test="rd28 != null">
				,rd28
			</if>
			<if test="rd29 != null">
				,rd29
			</if>			
			<if test="rd30 != null">
				,rd30
			</if>					
		)VALUES (
			
			#{productId}
			
			<if test="invoiceId != null">
				,#{invoiceId}
			</if>
			<if test="invoiceEntry != null">
				,#{invoiceEntry}
			</if>
			<if test="productName != null">
				,#{productName}
			</if>
			<if test="specification != null">
				,#{specification}
			</if>
			<if test="batch != null">
				,#{batch}
			</if>
			<if test="standardLen != null">
				,#{standardLen}
			</if>
			<if test="count != null and count !=''">
				,#{count}
			</if>
			<if test="taxPrice != null and taxPrice != ''">
				,#{taxPrice}
			</if>
			<if test="discountRate != null and discountRate !=''">
				,#{discountRate}
			</if>
			<if test="realPrice != null and realPrice !=''">
			 	,#{realPrice}
			</if>
			<if test="discount != null and discount !=''">
				,#{discount}
			</if>
			<if test="totalAmount != null and totalAmount != ''">
				,#{totalAmount}
			</if>
			<if test="note != null">
				,#{note}
			</if>
			<if test="shipFee != null and shipFee !=''">
			 	,#{shipFee}
			</if>
			<if test="companyId != null">
				,#{companyId}
			</if>
			<if test="salesmanId != null and salesmanId !=''">
				,#{salesmanId}
			</if>
			<if test="parentId != null and parentId !=''">
				,#{parentId}
			</if>
			<if test="lastUpdateTime != null">
			 	,STR_TO_DATE(#{lastUpdateTime}, '%Y-%m-%d %H:%i:%S')
			</if>	
			<if test="statementNo != null">
			 	,#{statementNo}
			</if>
			<if test="orderNo != null">
			 	,#{orderNo}
			</if>
			<if test="deliveryNo != null">
			 	,#{deliveryNo}
			</if>
			<if test="paymentOrderNo != null">
			 	,#{paymentOrderNo}
			</if>
			<if test="otherNo != null">
			 	,#{otherNo}
			</if>
			<if test="entryId != null">
			 	,#{entryId}
			</if>
			<if test="rd1 != null">
				,#{rd1}
			</if>
			<if test="rd2 != null">
				,#{rd2}
			</if>
			<if test="rd3 != null">
			 	,#{rd3}
			</if>
			<if test="rd4 != null">
				,#{rd4}
			</if>
			<if test="rd5 != null">
				,#{rd5}
			</if>
			<if test="rd6 != null">
			 	,#{rd6}
			</if>
			<if test="rd7 != null">
				,#{rd7}
			</if>
			<if test="rd8 != null">
				,#{rd8}
			</if>
			<if test="rd9 != null">
				,#{rd9}
			</if>
			<if test="rd10 != null">
				,#{rd10}
			</if>
			<if test="rd11 != null">
				,#{rd11}
			</if>
			<if test="rd12 != null">
				,#{rd12}
			</if>
			<if test="rd13 != null">
				,#{rd13}
			</if>
			<if test="rd14 != null">
				,#{rd14}
			</if>
			<if test="rd15 != null">
				,#{rd15}
			</if>				
		    <if test="rd16 != null">
				,#{rd16}
			</if>	
			<if test="rd17 != null">
				,#{rd17}
			</if>
			<if test="rd18 != null">
				,#{rd18}
			</if>
			<if test="rd19 != null">
				,#{rd19}
			</if>
			<if test="rd20 != null">
				,#{rd20}
			</if>
			<if test="rd21 != null">
				,#{rd21}
			</if>
			<if test="rd22 != null">
				,#{rd22}
			</if>
			<if test="rd23 != null">
				,#{rd23}
			</if>
			<if test="rd24 != null">
				,#{rd24}
			</if>
			<if test="rd25 != null">
				,#{rd25}
			</if>
			<if test="rd26 != null">
				,#{rd26}
			</if>
			<if test="rd27 != null">
				,#{rd27}
			</if>
			<if test="rd28 != null">
				,#{rd28}
			</if>
			<if test="rd29 != null">
				,#{rd29}
			</if>
			<if test="rd30!= null">
				,#{rd30}
			</if>
		)
  	</insert>
  	
  	<delete id="doDelete" >
		DELETE FROM scm_invoice_product_tbl WHERE invoiceId = #{invoiceId}
   	</delete>  
  	
</mapper>