<?xml version="1.0" encoding="UTF-8"?>
<!DOCTYPE mapper
  PUBLIC "-//mybatis.org//DTD Mapper 3.0//EN"
    "http://mybatis.org/dtd/mybatis-3-mapper.dtd">
<mapper namespace="standardWorkflow">	
	<!-- 获取审批状态 -->
	<select id="findWorkflowDef" resultType="hashmap">
		SELECT
			A.id AS id,
			A.flowType AS flowType,
			A.flowId AS flowId,
			A.flowName AS flowName,
			A.listSql AS listSql,
			A.sqlParam AS sqlParam,
			A.detailPage AS detailPage,
			DATE_FORMAT(A.createTime,'%Y-%m-%d %T') AS createTime,
			A.createUser AS createUser,
			A.callback AS callback,
			A.callbackAppId AS callbackAppId,
			A.rd1 AS rd1,
			A.rd2 AS rd2,
			A.rd3 AS rd3,
			A.rd4 AS rd4,
			A.rd5 AS rd5
		FROM scm_workflow_tbl A
		WHERE 1=1
		<if test="id != null and id != ''">	
			and A.id = #{id}
		</if>
		<if test="flowType != null and flowType != ''">	
			and A.flowType = #{flowType}
		</if>
		<if test="flowId != null and flowId != ''">	
			and A.flowId = #{flowId}
		</if>
		order by A.id desc
	</select>
	
	<!-- 获取审批状态 -->
	<select id="findWorkflowConfig" resultType="hashmap">
		SELECT
			A.id AS id,
			A.workflowId AS workflowId,
			A.stepId AS stepId,
			A.backwardStepId AS backwardStepId,
			A.expression AS expression,
			A.unionId AS unionId,
			A.customerId AS customerId,
			A.roleId AS roleId,
			A.useParent AS useParent,
			A.userModel AS userModel,
			A.defaultStepId AS defaultStepId,
			A.defPage AS defPage,
			DATE_FORMAT(A.createTime,'%Y-%m-%d %T') AS createTime,
			A.createUser AS createUser,
			A.isRefuse,
			A.relationType,
			A.rd1 AS rd1,
			A.rd2 AS rd2,
			A.rd3 AS rd3,
			A.rd4 AS rd4,
			A.rd5 AS rd5
		FROM scm_workflow_config_tbl A
		WHERE 1=1
		<if test="id != null and id != ''">	
			and A.id = #{id}
		</if>
		<if test="workflowId != null and workflowId != ''">	
			and A.workflowId = #{workflowId}
		</if>
		<if test="stepId != null and stepId != ''">	
			and A.stepId = #{stepId}
		</if>
		order by A.workflowId,a.stepId
	</select>
	
	
	<!-- 获取审批状态 -->
	<select id="findStepConfigOfTaskId" resultType="hashmap">
		SELECT
			A.id AS id,
			A.workflowId AS workflowId,
			A.stepId AS stepId,
			A.backwardStepId AS backwardStepId,
			A.expression AS expression,
			A.unionId AS unionId,
			A.customerId AS customerId,
			A.roleId AS roleId,
			A.useParent AS useParent,
			A.userModel AS userModel,
			A.defaultStepId AS defaultStepId,
			A.defPage AS defPage,
			DATE_FORMAT(A.createTime,'%Y-%m-%d %T') AS createTime,
			A.createUser AS createUser,
			A.isRefuse,
			A.relationType,
			A.rd1 AS rd1,
			A.rd2 AS rd2,
			A.rd3 AS rd3,
			A.rd4 AS rd4,
			A.rd5 AS rd5,
			B.taskId
		FROM scm_workflow_config_tbl A
		  join scm_approved_tbl B on A.workflowId = B.workflowId and A.stepId = B.stepId
		  and B.taskId = #{taskId}
	</select>
	
	
	<!-- 查询待审批流程列表-->
	<select id="findApproving" resultType="hashmap">
		SELECT
			A.id AS id,
			A.workflowId AS workflowId,
			A.instanceId AS instanceId,
			A.approveName AS approveName,
			A.approveNo AS approveNo,
			A.companyId AS companyId,
			A.companyName AS companyName,
			A.flowStatus AS flowStatus,
			CASE A.flowStatus
			WHEN 0 THEN '待审批'
			WHEN 1 THEN '已审批'
			WHEN 2 THEN '已作废' END as flowStatusName,
			A.taskId AS taskId,
			A.stepId AS stepId,
			A.stepNo AS stepNo,
			A.approveUnionId AS approveUnionId,
			A.approveCustomerId AS approveCustomerId,
			A.approveCustomerName AS approveCustomerName,
			A.approveRoleId AS approveRoleId,
			A.approveChildUnionId AS approveChildUnionId,
			A.approveChildCustomerId AS approveChildCustomerId,
			A.relationType,
			A.approveNote AS approveNote,
			DATE_FORMAT(A.createDate,'%Y-%m-%d') AS createDate,
			DATE_FORMAT(A.createTime,'%Y-%m-%d %T') AS createTime,
			DATE_FORMAT(A.lastUpdateTime,'%Y-%m-%d %T') AS lastUpdateTime,
			A.createUser AS createUser,
			A.createUserName AS createUserName,
			A.flowData AS flowData,
			A.submitUnionId AS submitUnionId,
			A.submitCustomerId AS submitCustomerId,
			A.submitCustomerName AS submitCustomerName,
			A.eventType AS eventType,
			A.eventTypeName AS eventTypeName,
			A.rd1 AS rd1,
			A.rd2 AS rd2,
			A.rd3 AS rd3,
			A.rd4 AS rd4,
			A.rd5 AS rd5,
			A.hrsv1 AS hrsv1,
			A.hrsv2 AS hrsv2,
			A.hrsv3 AS hrsv3,
			B.flowType AS flowType,
			B.flowName AS flowName
		FROM scm_approving_tbl A
		  join scm_workflow_tbl B on A.workflowId = B.id
		  <if test="flowType != null and flowType != ''">	
			and B.flowType = #{flowType}
		</if>
		WHERE 1=1
		and (A.approveCustomerId = #{approveCustomerId} OR A.approveUnionId = #{approveUnionId}
		    OR A.approveRoleId = #{approveRoleId} 
			OR A.approveChildUnionId in(
			select C.unionId from scm_user_relate_tbl B join scm_account_tbl C on B.customerId = C.customerId				
			where B.belongCustomerId=#{approveCustomerId} AND B.type=A.relationType)
			OR A.approveChildCustomerId in(select B.customerId from scm_user_relate_tbl B
			where B.belongCustomerId=#{approveCustomerId} AND B.type=A.relationType))
		<if test="id != null and id != ''">	
			and A.id = #{id}
		</if>
		<if test="workflowId != null and workflowId != ''">	
			and A.workflowId = #{workflowId}
		</if>
		<if test="instanceId != null and instanceId != ''">	
			and A.instanceId = #{instanceId}
		</if>
		<if test="taskId != null and taskId != ''">	
			and A.taskId = #{taskId}
		</if>
		<if test="flowStatus != null and flowStatus != ''">	
			and A.flowStatus = #{flowStatus}
		</if>
		<if test="startDate != null and startDate !=''">
			and A.createDate <![CDATA[>=]]> #{startDate}
		</if>
		<if test="endDate != null and endDate !=''">
			and A.createDate <![CDATA[<=]]> #{endDate}
		</if>
		<if test="start_date != null and start_date !=''">
			and A.createDate <![CDATA[>=]]> #{start_date}
		</if>
		<if test="end_date != null and end_date !=''">
			and A.createDate <![CDATA[<=]]> #{end_date}
		</if>
		<if test="companyId != null and companyId != ''">	
			and A.companyId = #{companyId}
		</if>
		<if test="searchVal != null and searchVal != ''">	
			and (A.hrsv1 like concat('%',#{searchVal},'%') or A.hrsv2 like concat('%',#{searchVal},'%') or A.hrsv3 like concat('%',#{searchVal},'%'))
		</if>
		order by A.lastUpdateTime desc,A.taskId
	</select>
	
	
	<!-- 获取流程类型字典 -->
	<select id="findApproved" resultType="hashmap">
		SELECT
			A.id AS id,
			A.workflowId AS workflowId,
			A.instanceId AS instanceId,
			A.approveName AS approveName,
			A.approveNo AS approveNo,
			A.companyId AS companyId,
			A.companyName AS companyName,
			A.flowStatus AS flowStatus,
			CASE A.flowStatus
			WHEN 0 THEN '待审批'
			WHEN 1 THEN '已审批'
			WHEN 2 THEN '已作废' END as flowStatusName,
			A.taskId AS taskId,
			A.stepId AS stepId,
			A.stepNo AS stepNo,
			A.approveUnionId AS approveUnionId,
			A.approveCustomerId AS approveCustomerId,
			A.approveCustomerName AS approveCustomerName,
			A.approveRoleId AS approveRoleId,
			A.approveChildUnionId AS approveChildUnionId,
			A.approveChildCustomerId AS approveChildCustomerId,
			A.relationType,
			A.approveNote AS approveNote,
			DATE_FORMAT(A.createDate,'%Y-%m-%d') AS createDate,
			DATE_FORMAT(A.createTime,'%Y-%m-%d %T') AS createTime,
			DATE_FORMAT(A.lastUpdateTime,'%Y-%m-%d %T') AS lastUpdateTime,
			A.createUser AS createUser,
			A.createUserName AS createUserName,
			A.flowData AS flowData,
			A.changeData AS changeData,
			A.submitUnionId AS submitUnionId,
			A.submitCustomerId AS submitCustomerId,
			A.submitCustomerName AS submitCustomerName,
			A.eventType AS eventType,
			A.eventTypeName AS eventTypeName,
			A.rd1 AS rd1,
			A.rd2 AS rd2,
			A.rd3 AS rd3,
			A.rd4 AS rd4,
			A.rd5 AS rd5,
			B.flowType AS flowType
		FROM scm_approved_tbl A
		  join scm_workflow_tbl B on A.workflowId = B.id
		<if test="flowType != null and flowType != ''">	
			and B.flowType = #{flowType}
		</if>
		WHERE 1=1
		and (A.approveCustomerId = #{approveCustomerId} OR A.approveUnionId = #{approveUnionId} 
			OR A.approveRoleId = #{approveRoleId} 
			OR A.approveChildUnionId in(
			select C.unionId from scm_user_relate_tbl B join scm_account_tbl C on B.customerId = C.customerId				
			where B.belongCustomerId=#{approveCustomerId} AND B.type=A.relationType)
			OR A.approveChildCustomerId in(select B.customerId from scm_user_relate_tbl B
			where B.belongCustomerId=#{approveCustomerId} AND B.type=A.relationType))
		<if test="id != null and id != ''">	
			and A.id = #{id}
		</if>
		<if test="workflowId != null and workflowId != ''">	
			and A.workflowId = #{workflowId}
		</if>
		<if test="instanceId != null and instanceId != ''">	
			and A.instanceId = #{instanceId}
		</if>
		<if test="taskId != null and taskId != ''">	
			and A.taskId = #{taskId}
		</if>
		<if test="flowStatus != null and flowStatus != ''">	
			and A.flowStatus = #{flowStatus}
		</if>
		<if test="approveName != null and approveName != ''">	
			and A.approveName like concat('%',#{approveName},'%')
		</if>
		<if test="startDate != null and startDate !=''">
			and A.createDate <![CDATA[>=]]> #{startDate}
		</if>
		<if test="endDate != null and endDate !=''">
			and A.createDate <![CDATA[<=]]> #{endDate}
		</if>
		order by A.lastUpdateTime desc,A.taskId
	</select>
	
	
	<!-- 获取流程类型字典 -->
	<select id="findApproveOfBackward" resultType="hashmap">
		SELECT
			A.id AS id,
			A.workflowId AS workflowId,
			A.instanceId AS instanceId,
			A.approveName AS approveName,
			A.approveNo AS approveNo,
			A.companyId AS companyId,
			A.companyName AS companyName,
			A.flowStatus AS flowStatus,
			CASE A.flowStatus
			WHEN 0 THEN '待审批'
			WHEN 1 THEN '已审批'
			WHEN 2 THEN '已作废' END as flowStatusName,
			A.taskId AS taskId,
			A.stepId AS stepId,
			A.stepNo AS stepNo,
			A.approveUnionId AS approveUnionId,
			A.approveCustomerId AS approveCustomerId,
			A.approveCustomerName AS approveCustomerName,
			A.approveRoleId AS approveRoleId,
			A.approveChildUnionId AS approveChildUnionId,
			A.approveChildCustomerId AS approveChildCustomerId,
			A.relationType,
			A.approveNote AS approveNote,
			DATE_FORMAT(A.createDate,'%Y-%m-%d') AS createDate,
			DATE_FORMAT(A.createTime,'%Y-%m-%d %T') AS createTime,
			DATE_FORMAT(A.lastUpdateTime,'%Y-%m-%d %T') AS lastUpdateTime,
			A.createUser AS createUser,
			A.createUserName AS createUserName,
			A.flowData AS flowData,
			A.changeData AS changeData,
			A.submitUnionId AS submitUnionId,
			A.submitCustomerId AS submitCustomerId,
			A.submitCustomerName AS submitCustomerName,
			A.eventType AS eventType,
			A.eventTypeName AS eventTypeName,
			A.rd1 AS rd1,
			A.rd2 AS rd2,
			A.rd3 AS rd3,
			A.rd4 AS rd4,
			A.rd5 AS rd5
		FROM scm_approved_tbl A
		WHERE 1=1
		<if test="workflowId != null and workflowId != ''">	
			and A.workflowId = #{workflowId}
		</if>
		<if test="instanceId != null and instanceId != ''">	
			and A.instanceId = #{instanceId}
		</if>
		<if test="taskId != null and taskId != ''">	
			and A.taskId = #{taskId}
		</if>
		<if test="stepId != null and stepId != ''">	
			and A.stepId = #{stepId}
		</if>
		order by A.lastUpdateTime desc,A.taskId
	</select>
	
	
	
	<!-- 获取流程类型字典 -->
	<select id="findApprovedList" resultType="hashmap">
		SELECT
			A.id AS id,
			A.workflowId AS workflowId,
			A.instanceId AS instanceId,
			A.approveName AS approveName,
			A.approveNo AS approveNo,
			A.companyId AS companyId,
			A.companyName AS companyName,
			A.flowStatus AS flowStatus,
			CASE A.flowStatus
			WHEN 0 THEN '待审批'
			WHEN 1 THEN '已审批'
			WHEN 2 THEN '已作废' END as flowStatusName,
			A.taskId AS taskId,
			A.stepId AS stepId,
			A.stepNo AS stepNo,
			A.approveUnionId AS approveUnionId,
			A.approveCustomerId AS approveCustomerId,
			A.approveCustomerName AS approveCustomerName,
			A.approveRoleId AS approveRoleId,
			A.approveChildUnionId AS approveChildUnionId,
			A.approveChildCustomerId AS approveChildCustomerId,
			A.relationType,
			A.approveNote AS approveNote,
			DATE_FORMAT(A.createDate,'%Y-%m-%d') AS createDate,
			DATE_FORMAT(A.createTime,'%Y-%m-%d %T') AS createTime,
			DATE_FORMAT(A.lastUpdateTime,'%Y-%m-%d %T') AS lastUpdateTime,
			A.createUser AS createUser,
			A.createUserName AS createUserName,
			A.flowData AS flowData,
			A.changeData AS changeData,
			A.submitUnionId AS submitUnionId,
			A.submitCustomerId AS submitCustomerId,
			A.submitCustomerName AS submitCustomerName,
			A.eventType AS eventType,
			A.eventTypeName AS eventTypeName,
			A.rd1 AS rd1,
			A.rd2 AS rd2,
			A.rd3 AS rd3,
			A.rd4 AS rd4,
			A.rd5 AS rd5,
		    A.hrsv1 AS hrsv1,
			A.hrsv2 AS hrsv2,
			A.hrsv3 AS hrsv3,
			B.flowType AS flowType,
			B.flowName AS flowName
		FROM scm_approved_tbl A
		  join scm_workflow_tbl B on A.workflowId = B.id
		  <if test="flowType != null and flowType != ''">	
			and B.flowType = #{flowType}
		  </if>
		WHERE  1=1
		  AND(
			(
			  A.flowStatus in('1','2')
			  and A.instanceId in(
						select distinct B.instanceId from scm_approved_tbl B
						where B.submitCustomerId = #{approveCustomerId} 
						   OR B.submitUnionId = #{approveUnionId}
				)
		      <if test="flowStatus !=null and flowStatus!=''">
		      and A.flowStatus =#{flowStatus}
		      </if>
			)
			<if test="flowStatus == 1 ">
			OR a.taskId in(
			   		 select C.taskId
			   		 FROM(
			   		 	select B.instanceId,MAX(B.taskId) AS taskId
						from scm_approved_tbl B
						where (
							B.submitCustomerId = #{approveCustomerId} 
						 OR B.submitUnionId = #{approveUnionId}
						   )
						  and B.instanceId not in(
						  	select instanceId from scm_approved_tbl
						  	where flowStatus in('1','2'))
						GROUP BY B.instanceId
			   		 ) C
			      )
			 </if>
		   )
		<if test="id != null and id != ''">	
			and A.id = #{id}
		</if>
		<if test="workflowId != null and workflowId != ''">	
			and A.workflowId = #{workflowId}
		</if>
		<if test="instanceId != null and instanceId != ''">	
			and A.instanceId = #{instanceId}
		</if>
		<if test="taskId != null and taskId != ''">	
			and A.taskId = #{taskId}
		</if>
		<if test="approveName != null and approveName != ''">	
			and A.approveName like concat('%',#{approveName},'%')
		</if>
		<if test="startDate != null and startDate !=''">
			and A.createDate <![CDATA[>=]]> #{startDate}
		</if>
		<if test="endDate != null and endDate !=''">
			and A.createDate <![CDATA[<=]]> #{endDate}
		</if>
		<if test="start_date != null and start_date !=''">
			and A.createDate <![CDATA[>=]]> #{start_date}
		</if>
		<if test="end_date != null and end_date !=''">
			and A.createDate <![CDATA[<=]]> #{end_date}
		</if>
		<if test="companyId != null and companyId != ''">	
			and A.companyId = #{companyId}
		</if>
		<if test="searchVal != null and searchVal != ''">	
			and (A.hrsv1 like concat('%',#{searchVal},'%') or A.hrsv2 like concat('%',#{searchVal},'%') or A.hrsv3 like concat('%',#{searchVal},'%'))
		</if>
		order by A.lastUpdateTime desc,A.taskId
	</select>
	
	
	<!-- 获取流程类型字典 -->
	<select id="findApprovedInfo" resultType="hashmap">
		SELECT
			A.id AS id,
			A.workflowId AS workflowId,
			A.instanceId AS instanceId,
			A.approveName AS approveName,
			A.approveNo AS approveNo,
			A.companyId AS companyId,
			A.companyName AS companyName,
			A.flowStatus AS flowStatus,
			CASE A.flowStatus
			WHEN 0 THEN '待审批'
			WHEN 1 THEN '已审批'
			WHEN 2 THEN '已作废' END as flowStatusName,
			A.taskId AS taskId,
			A.stepId AS stepId,
			A.stepNo AS stepNo,
			A.approveUnionId AS approveUnionId,
			A.approveCustomerId AS approveCustomerId,
			A.approveCustomerName AS approveCustomerName,
			A.approveRoleId AS approveRoleId,
			A.approveChildUnionId AS approveChildUnionId,
			A.approveChildCustomerId AS approveChildCustomerId,
			A.relationType,
			A.approveNote AS approveNote,
			DATE_FORMAT(A.createDate,'%Y-%m-%d') AS createDate,
			DATE_FORMAT(A.createTime,'%Y-%m-%d %T') AS createTime,
			DATE_FORMAT(A.lastUpdateTime,'%Y-%m-%d %T') AS lastUpdateTime,
			A.createUser AS createUser,
			A.createUserName AS createUserName,
			A.flowData AS flowData,
			A.changeData AS changeData,
			A.submitUnionId AS submitUnionId,
			A.submitCustomerId AS submitCustomerId,
			A.submitCustomerName AS submitCustomerName,
			A.eventType AS eventType,
			A.eventTypeName AS eventTypeName,
			A.rd1 AS rd1,
			A.rd2 AS rd2,
			A.rd3 AS rd3,
			A.rd4 AS rd4,
			A.rd5 AS rd5,
		    A.hrsv1 AS hrsv1,
			A.hrsv2 AS hrsv2,
			A.hrsv3 AS hrsv3,
			B.flowType AS flowType,
			B.flowName AS flowName
		FROM scm_approved_tbl A
		  join scm_workflow_tbl B on A.workflowId = B.id
		  <if test="flowType != null and flowType != ''">	
			and B.flowType = #{flowType}
		  </if>
		WHERE A.instanceId in(select distinct B.instanceId from scm_approved_tbl B
			where 1=1 AND
			(B.createUser = #{approveCustomerId} 
		  OR B.submitCustomerId = #{approveCustomerId} OR B.submitUnionId = #{approveUnionId}
		  OR B.approveCustomerId = #{approveCustomerId} OR B.approveUnionId = #{approveUnionId}
		  OR B.approveRoleId = #{approveRoleId} 
	      OR B.approveChildUnionId in(
			select C.unionId from scm_user_relate_tbl D join scm_account_tbl C on D.customerId = C.customerId				
			where D.belongCustomerId=#{approveCustomerId} AND D.type = B.relationType)
			OR B.approveChildCustomerId in(select C.customerId from scm_user_relate_tbl C
			where C.belongCustomerId=#{approveCustomerId} AND C.type = B.relationType)
			))
		<if test="id != null and id != ''">	
			and A.id = #{id}
		</if>
		<if test="workflowId != null and workflowId != ''">	
			and A.workflowId = #{workflowId}
		</if>
		<if test="instanceId != null and instanceId != ''">	
			and A.instanceId = #{instanceId}
		</if>
		<if test="taskId != null and taskId != ''">	
			and A.taskId = #{taskId}
		</if>
		<if test="flowStatus != null and flowStatus != ''">	
			and A.flowStatus = #{flowStatus}
		</if>
		<if test="approveName != null and approveName != ''">	
			and A.approveName like concat('%',#{approveName},'%')
		</if>
		<if test="startDate != null and startDate !=''">
			and A.createDate <![CDATA[>=]]> #{startDate}
		</if>
		<if test="endDate != null and endDate !=''">
			and A.createDate <![CDATA[<=]]> #{endDate}
		</if>
		order by A.instanceId,A.stepNo
	</select>
	
	
	
	<!-- 获取流程类型字典 -->
	<select id="findApproveInfoOfTaskId" resultType="hashmap">
		SELECT
			A.id AS id,
			A.workflowId AS workflowId,
			A.instanceId AS instanceId,
			A.approveName AS approveName,
			A.approveNo AS approveNo,
			A.companyId AS companyId,
			A.companyName AS companyName,
			A.flowStatus AS flowStatus,
			CASE A.flowStatus
			WHEN 0 THEN '待审批'
			WHEN 1 THEN '已审批'
			WHEN 2 THEN '已作废' END as flowStatusName,
			A.taskId AS taskId,
			A.stepId AS stepId,
			A.stepNo AS stepNo,
			A.approveUnionId AS approveUnionId,
			A.approveCustomerId AS approveCustomerId,
			A.approveCustomerName AS approveCustomerName,
			A.approveRoleId AS approveRoleId,
			A.approveChildUnionId AS approveChildUnionId,
			A.approveChildCustomerId AS approveChildCustomerId,
			A.relationType,
			A.approveNote AS approveNote,
			DATE_FORMAT(A.createDate,'%Y-%m-%d') AS createDate,
			DATE_FORMAT(A.createTime,'%Y-%m-%d %T') AS createTime,
			DATE_FORMAT(A.lastUpdateTime,'%Y-%m-%d %T') AS lastUpdateTime,
			A.createUser AS createUser,
			A.createUserName AS createUserName,
			A.flowData AS flowData,
			A.changeData AS changeData,
			A.submitUnionId AS submitUnionId,
			A.submitCustomerId AS submitCustomerId,
			A.submitCustomerName AS submitCustomerName,
			A.eventType AS eventType,
			A.eventTypeName AS eventTypeName,
			A.rd1 AS rd1,
			A.rd2 AS rd2,
			A.rd3 AS rd3,
			A.rd4 AS rd4,
			A.rd5 AS rd5
		FROM scm_approved_tbl A
		WHERE A.taskId = #{taskId}
		  AND (A.approveUnionId = #{approveUnionId} OR A.approveCustomerId = #{approveCustomerId}
		     OR A.approveRoleId = #{approveRoleId}
		     OR A.approveChildUnionId in(select C.unionId 
		     		from scm_user_relate_tbl D 
		     		    join scm_account_tbl C on D.customerId = C.customerId				
					where D.belongCustomerId=#{approveCustomerId} AND D.type = A.relationType)
		     OR A.approveChildCustomerId in(
		     			select C.customerId from scm_user_relate_tbl C
						where C.belongCustomerId=#{approveCustomerId} AND C.type = A.relationType)
		      )
		order by A.instanceId,A.stepNo
	</select>
	
	
	<!-- 添加审批记录信息 -->
	<insert id = "insertApproving" >
		insert into scm_approving_tbl
			(
			workflowId			
			<if test="instanceId !=null">,instanceId</if>
			<if test="approveName !=null">,approveName</if>
			<if test="approveNo !=null">,approveNo</if>
			<if test="companyId !=null">,companyId</if>
			<if test="companyName !=null">,companyName</if>
			<if test="flowStatus !=null">,flowStatus</if>
			<if test="taskId !=null">,taskId</if>
			<if test="stepId !=null">,stepId</if>
			<if test="stepNo !=null">,stepNo</if>
			<if test="approveUnionId !=null">,approveUnionId</if>
			<if test="approveCustomerId !=null">,approveCustomerId</if>
			<if test="approveCustomerName !=null">,approveCustomerName</if>
			<if test="approveRoleId !=null">,approveRoleId</if>
			<if test="approveChildUnionId !=null">,approveChildUnionId</if>
			<if test="approveChildCustomerId !=null">,approveChildCustomerId</if>
			<if test="relationType !=null">,relationType</if>
			<if test="approveNote !=null">,approveNote</if>
			<if test="createDate !=null">,createDate</if>
			<if test="createTime !=null">,createTime</if>
			<if test="lastUpdateTime !=null">,lastUpdateTime</if>
			<if test="createUser !=null">,createUser</if>
			<if test="createUserName !=null">,createUserName</if>
			<if test="flowData !=null">,flowData</if>
			<if test="changeData !=null">,changeData</if>
			<if test="submitUnionId !=null">,submitUnionId</if>
			<if test="submitCustomerId !=null">,submitCustomerId</if>
			<if test="submitCustomerName !=null">,submitCustomerName</if>
			<if test="eventType !=null">,eventType</if>
			<if test="eventTypeName !=null">,eventTypeName</if>
			<if test="rd1 !=null">,rd1</if>
			<if test="rd2 !=null">,rd2</if>
			<if test="rd3 !=null">,rd3</if>
			<if test="rd4 !=null">,rd4</if>
			<if test="rd5 !=null">,rd5</if>
			<if test="hrsv1 !=null">,hrsv1</if>
			<if test="hrsv2 !=null">,hrsv2</if>
			<if test="hrsv3 !=null">,hrsv3</if>
						
			)
		values
		(
			#{workflowId}
			<if test="instanceId !=null">,#{instanceId}</if>
			<if test="approveName !=null">,#{approveName}</if>
			<if test="approveNo !=null">,#{approveNo}</if>
			<if test="companyId !=null">,#{companyId}</if>
			<if test="companyName !=null">,#{companyName}</if>
			<if test="flowStatus !=null">,#{flowStatus}</if>
			<if test="taskId !=null">,#{taskId}</if>
			<if test="stepId !=null">,#{stepId}</if>
			<if test="stepNo !=null">,#{stepNo}</if>
			<if test="approveUnionId !=null">,#{approveUnionId}</if>
			<if test="approveCustomerId !=null">,#{approveCustomerId}</if>
			<if test="approveCustomerName !=null">,#{approveCustomerName}</if>
			<if test="approveRoleId !=null">,#{approveRoleId}</if>
			<if test="approveChildUnionId !=null">,#{approveChildUnionId}</if>
			<if test="approveChildCustomerId !=null">,#{approveChildCustomerId}</if>
			<if test="relationType !=null">,#{relationType}</if>
			<if test="approveNote !=null">,#{approveNote}</if>
			<if test="createDate !=null">,#{createDate}</if>
			<if test="createTime !=null">,#{createTime}</if>
			<if test="lastUpdateTime !=null">,#{lastUpdateTime}</if>
			<if test="createUser !=null">,#{createUser}</if>
			<if test="createUserName !=null">,#{createUserName}</if>
			<if test="flowData !=null">,#{flowData}</if>
			<if test="changeData !=null">,#{changeData}</if>
			<if test="submitUnionId !=null">,#{submitUnionId}</if>
			<if test="submitCustomerId !=null">,#{submitCustomerId}</if>
			<if test="submitCustomerName !=null">,#{submitCustomerName}</if>
			<if test="eventType !=null">,#{eventType}</if>
			<if test="eventTypeName !=null">,#{eventTypeName}</if>
			<if test="rd1 !=null">,#{rd1}</if>
			<if test="rd2 !=null">,#{rd2}</if>
			<if test="rd3 !=null">,#{rd3}</if>
			<if test="rd4 !=null">,#{rd4}</if>
			<if test="rd5 !=null">,#{rd5}</if>
			<if test="hrsv1 !=null">,#{hrsv1}</if>
			<if test="hrsv2 !=null">,#{hrsv2}</if>
			<if test="hrsv3 !=null">,#{hrsv3}</if>

		 )
	</insert>
	
	<!-- 添加审批记录信息 -->
	<insert id = "insertApproved" >
		insert into scm_approved_tbl
			(
			workflowId
			<if test="instanceId !=null">,instanceId</if>
			<if test="approveName !=null">,approveName</if>
			<if test="approveNo !=null">,approveNo</if>
			<if test="companyId !=null">,companyId</if>
			<if test="companyName !=null">,companyName</if>
			<if test="flowStatus !=null">,flowStatus</if>
			<if test="taskId !=null">,taskId</if>
			<if test="stepId !=null">,stepId</if>
			<if test="stepNo !=null">,stepNo</if>
			<if test="approveUnionId !=null">,approveUnionId</if>
			<if test="approveCustomerId !=null">,approveCustomerId</if>
			<if test="approveCustomerName !=null">,approveCustomerName</if>
			<if test="approveRoleId !=null">,approveRoleId</if>
			<if test="approveChildUnionId !=null">,approveChildUnionId</if>
			<if test="approveChildCustomerId !=null">,approveChildCustomerId</if>
			<if test="relationType !=null">,relationType</if>
			<if test="approveNote !=null">,approveNote</if>
			<if test="createDate !=null">,createDate</if>
			<if test="createTime !=null">,createTime</if>
			<if test="lastUpdateTime !=null">,lastUpdateTime</if>
			<if test="createUser !=null">,createUser</if>
			<if test="createUserName !=null">,createUserName</if>
			<if test="flowData !=null">,flowData</if>
			<if test="changeData !=null">,changeData</if>
			<if test="submitUnionId !=null">,submitUnionId</if>
			<if test="submitCustomerId !=null">,submitCustomerId</if>
			<if test="submitCustomerName !=null">,submitCustomerName</if>
			<if test="eventType !=null">,eventType</if>
			<if test="eventTypeName !=null">,eventTypeName</if>
			<if test="rd1 !=null">,rd1</if>
			<if test="rd2 !=null">,rd2</if>
			<if test="rd3 !=null">,rd3</if>
			<if test="rd4 !=null">,rd4</if>
			<if test="rd5 !=null">,rd5</if>
			<if test="hrsv1 !=null">,hrsv1</if>
			<if test="hrsv2 !=null">,hrsv2</if>
			<if test="hrsv3 !=null">,hrsv3</if>
			)
		values
		(
			#{workflowId}
			<if test="instanceId !=null">,#{instanceId}</if>
			<if test="approveName !=null">,#{approveName}</if>
			<if test="approveNo !=null">,#{approveNo}</if>
			<if test="companyId !=null">,#{companyId}</if>
			<if test="companyName !=null">,#{companyName}</if>
			<if test="flowStatus !=null">,#{flowStatus}</if>
			<if test="taskId !=null">,#{taskId}</if>
			<if test="stepId !=null">,#{stepId}</if>
			<if test="stepNo !=null">,#{stepNo}</if>
			<if test="approveUnionId !=null">,#{approveUnionId}</if>
			<if test="approveCustomerId !=null">,#{approveCustomerId}</if>
			<if test="approveCustomerName !=null">,#{approveCustomerName}</if>
			<if test="approveRoleId !=null">,#{approveRoleId}</if>
			<if test="approveChildUnionId !=null">,#{approveChildUnionId}</if>
			<if test="approveChildCustomerId !=null">,#{approveChildCustomerId}</if>
			<if test="relationType !=null">,#{relationType}</if>
			<if test="approveNote !=null">,#{approveNote}</if>
			<if test="createDate !=null">,#{createDate}</if>
			<if test="createTime !=null">,#{createTime}</if>
			<if test="lastUpdateTime !=null">,#{lastUpdateTime}</if>
			<if test="createUser !=null">,#{createUser}</if>
			<if test="createUserName !=null">,#{createUserName}</if>
			<if test="flowData !=null">,#{flowData}</if>
			<if test="changeData !=null">,#{changeData}</if>
			<if test="submitUnionId !=null">,#{submitUnionId}</if>
			<if test="submitCustomerId !=null">,#{submitCustomerId}</if>
			<if test="submitCustomerName !=null">,#{submitCustomerName}</if>
			<if test="eventType !=null">,#{eventType}</if>
			<if test="eventTypeName !=null">,#{eventTypeName}</if>
			<if test="rd1 !=null">,#{rd1}</if>
			<if test="rd2 !=null">,#{rd2}</if>
			<if test="rd3 !=null">,#{rd3}</if>
			<if test="rd4 !=null">,#{rd4}</if>
			<if test="rd5 !=null">,#{rd5}</if>
			<if test="hrsv1 !=null">,#{hrsv1}</if>
			<if test="hrsv2 !=null">,#{hrsv2}</if>
			<if test="hrsv3 !=null">,#{hrsv3}</if>
		 )
	</insert>
	
	<delete id = "deleteApproving">
		delete from scm_approving_tbl where taskId = #{taskId}
	</delete>
	
	
	<update id="updateApproved">
		update scm_approved_tbl
		<set>
		    taskId = #{taskId}
		    <if test="lastUpdateTime !=null">,lastUpdateTime=#{lastUpdateTime}</if>
		   	<if test="submitUnionId !=null">,submitUnionId=#{submitUnionId}</if>
			<if test="submitCustomerId !=null">,submitCustomerId=#{submitCustomerId}</if>
			<if test="submitCustomerName !=null">,submitCustomerName=#{submitCustomerName}</if>
			<if test="approveNote !=null">,approveNote=#{approveNote}</if>
		</set>
		where taskId = #{taskId}
	</update>	
	
	<!-- 获取审批状态 -->
	<select id="findApproveAnnexList" resultType="hashmap">
		SELECT
			A.id AS id,
			A.instanceId,
			A.taskId,
			A.annexName,
			DATE_FORMAT(A.updateTime,'%Y-%m-%d %T') AS updateTime,
			A.annexUrl,
			A.groupName,
			A.rd1 AS rd1,
			A.rd2 AS rd2,
			A.rd3 AS rd3,
			A.rd4 AS rd4,
			A.rd5 AS rd5
		FROM scm_approve_annex_tbl A
		WHERE 1=1
		<if test="id != null and id != ''">	
			and A.id = #{id}
		</if>
		<if test="instanceId != null and instanceId != ''">	
			and A.instanceId = #{instanceId}
		</if>
		<if test="taskId != null and taskId != ''">	
			and A.taskId = #{taskId}
		</if>
		<if test="annexUrl != null and annexUrl != ''">	
			and A.annexUrl = #{annexUrl}
		</if>
		order by A.instanceId,A.taskId
	</select>
	
	
	<delete id = "deleteApproveAnnex">
		delete from scm_approve_annex_tbl where instanceId = #{instanceId} and annexUrl=#{annexUrl}
	</delete>
	
	
	<!-- 添加审批记录信息 -->
	<insert id = "insertApproveAnnex" >
		insert into scm_approve_annex_tbl
			(
			instanceId
			,updateTime
			<if test="taskId !=null">,taskId</if>
			<if test="annexName !=null">,annexName</if>
			<if test="annexUrl !=null">,annexUrl</if>
			<if test="groupName !=null">,groupName</if>
			<if test="rd1 !=null">,rd1</if>
			<if test="rd2 !=null">,rd2</if>
			<if test="rd3 !=null">,rd3</if>
			<if test="rd4 !=null">,rd4</if>
			<if test="rd5 !=null">,rd5</if>
			)
		values
		(
			#{instanceId}
			,sysdate()
			<if test="taskId !=null">,#{taskId}</if>
			<if test="annexName !=null">,#{annexName}</if>
			<if test="annexUrl !=null">,#{annexUrl}</if>
			<if test="groupName !=null">,#{groupName}</if>		
			<if test="rd1 !=null">,#{rd1}</if>
			<if test="rd2 !=null">,#{rd2}</if>
			<if test="rd3 !=null">,#{rd3}</if>
			<if test="rd4 !=null">,#{rd4}</if>
			<if test="rd5 !=null">,#{rd5}</if>
		 )
	</insert>
	<!--查询此笔是否存在已审批记录  -->
	<select id="findIfApprove"  resultType="String">
		select count(1) from scm_approved_tbl where approveNo=#{approveNo} and stepNo=#{stepNo};
	</select>
	<!--根据taskId查询 approveNo,stepNo -->
	<select id="findApprovePara"  resultType="hashmap">
		select approveNo,stepNo from scm_approved_tbl where taskId=#{taskId};
	</select>
	<!--查询审批流程任务类型 -->
	<select id="getFlowName"  resultType="hashmap">
		select  max(id) as id,flowName from scm_workflow_tbl GROUP BY flowName;
	</select>
	
	
	
	<!--由approveNo查询审批流所有信息 -->
	<select id ="findApproveDetailByApproveNo"	resultType="hashmap">
		select * from scm_approving_tbl where approveNo = #{approveNo};
	</select>
	<!--由roleId查询所有的UnionId -->
	<select id ="findCustomerIdListByRoleId"	resultType="String">
		select customerId from scm_account_tbl where unionId in (select unionId from scm_userrole_tbl where roleId =#{approveRoleId});
	</select>
	<!--由下级customerId查询上级customerId -->
	<select id ="findBelongCustomerIdByCustomerId"	resultType="String">
		select belongCustomerId from scm_user_relate_tbl WHERE customerId = #{approveChildCustomerId} and type = #{relationType};
	</select>
	
	
	
</mapper>