<?xml version="1.0" encoding="UTF-8" ?>
<!DOCTYPE mapper PUBLIC "-//mybatis.org//DTD Mapper 3.0//EN" "http://mybatis.org/dtd/mybatis-3-mapper.dtd">

<mapper namespace="standardMsgInfo">
	<!-- 新增 -->
	<insert id="saveInfo">
		insert into scm_msg_info_tbl
		(moduleName,appId,sendId,createTime,modelId) 
		values
		(#{moduleName},#{appId},#{sendId},#{creatTime},#{modelId}) 
	</insert>
	
	<!-- 查找 全部-->
	<select id="queryMsgInfo" resultType="hashmap">
		select 
			sendId,
			appId,
			id,
			modelId,
			moduleName
		from 
			scm_msg_info_tbl
	</select>
	
	<!-- 根据条件查询-->
	<select id="getMsgInfo" resultType="hashmap">
		select 
			*
		from 
			scm_msg_info_tbl
		where
			appId=#{appId}
		and
			sendId=#{sendId}
		and 
			modelId=#{modelId}
	</select>
	
	<!-- 根据id删除 -->
	<delete id="deleteById">
		delete from scm_msg_info_tbl
		where
		id=#{id}
	</delete> 
	
	<!-- 联合查询删除模板是不发送状态的数据 -->
	<delete id="deleteNosend">
		delete  
			a
		from 
			scm_msg_info_tbl a 
		left join 
			scm_msg_model_tbl b 
		on
			a.modelId=b.modelId
		where 
			b.isSend=0
		and 
			a.appId=b.appId
	</delete> 
	
	<!--联合查询删除模板替换成功到send表中的数据   -->
	<delete id="deleteSend">
		delete  
			a
		from 
			scm_msg_info_tbl a 
		left join 
		  	scm_msg_send_tbl c 
		on 
		 	c.msgInfoId=a.id 
	</delete> 
</mapper>