<?xml version="1.0" encoding="UTF-8"?>
<!DOCTYPE mapper
  PUBLIC "-//mybatis.org//DTD Mapper 3.0//EN"
    "http://mybatis.org/dtd/mybatis-3-mapper.dtd">

<mapper namespace="standardEntryPurchase">
		<!-- 获取发票数据（发票状态“待提交”）  -->
	<select id="getPurchase" resultType="com.ultimate.common.EntryPurchaseEntity">
		SELECT
				scm_purchase_tbl.id,
				scm_purchase_tbl.certificateCode,
				scm_purchase_tbl.purchaseNo,
				scm_purchase_tbl.totalAmount,
				DATE_FORMAT(						
				scm_purchase_tbl.purchaseDate,
						'%Y-%m-%d'
					) purchaseDate,
				(CASE when (tax IS NULL OR tax='') then '0' else tax end) as tax,
				scm_purchase_tbl.excludTaxAmount,
				scm_purchase_tbl.purchaseStatus,
				DATE_FORMAT(						
				scm_purchase_tbl.createTime,
						'%Y-%m-%d'
					) createTime,
				scm_company_tbl.companyName,
				scm_account_tbl.userName
			FROM
				scm_purchase_tbl
			LEFT JOIN scm_company_tbl  ON scm_purchase_tbl.companyId = scm_company_tbl.companyId
			LEFT JOIN scm_account_tbl  ON scm_purchase_tbl.userId=scm_account_tbl.id
			WHERE 1=1
		
		<if test="userId != null and userId != ''">
				AND scm_purchase_tbl.userId = #{userId}
		</if>		
		<if test="CONDITION != null">
			AND ${CONDITION}
		</if>
		order by createTime desc
	</select>
	<!-- 保存发票信息 -->
	<insert id="saveEntryPurchase">
		INSERT INTO scm_purchase_tbl(
			certificateCode,
			purchaseNo,
			totalAmount,
			purchaseDate,
			tax,
			excludTaxAmount,
			purchaseStatus,
			userId,
			customerId,
			companyId,
			companyName,
			createTime,
			endDate,
			currentBalance
		)Values
		(
			#{certificateCode},
			#{purchaseNo},
			#{totalAmount},
			#{purchaseDate},
			#{tax},
			#{excludTaxAmount},
			#{purchaseStatus},
			#{userId},
			#{customerId},			
			#{companyId},
			#{companyName},
			now(),
			#{endDate},
			#{currentBalance}
		)			
	</insert>
	<!-- 根据userid查询绑定的分公司信息 -->
	<select id="selectCompanyInfoByUserId"  resultType="hashmap">
		SELECT
			scm_company_tbl.companyId,
			scm_company_tbl.companyName
		FROM
			scm_user_company_tbl
		LEFT JOIN scm_company_tbl ON scm_user_company_tbl.companyId = scm_company_tbl.companyId
		WHERE
			userId = #{userId}
	</select>
	<!-- 删除发票信息 -->
	<delete id="deletePurchase">
		delete from scm_purchase_tbl where 					
		 purchaseNo = #{purchaseNo} 
		 and purchaseStatus = #{purchaseStatus}	
	</delete>
	<!-- 删除发票关联物料信息 -->
	<delete id="deleteProduct">
		delete from scm_purchase_product_tbl where 					
		 purchaseId = #{purchaseId} 
	</delete>
	<!-- 提交发票信息 -->
	<update id="submitPurchase">
		update 	scm_purchase_tbl set purchaseStatus = #{purchaseStatusNew}
		<if test="uploadStatus != null and uploadStatus != ''">
				,uploadStatus = #{uploadStatus}
		</if>
		where purchaseNo = #{purchaseNo} and purchaseStatus = #{purchaseStatusOld}	  
	</update>
	<!-- 提交发票信息 -->
	<update id="submitPurProductInfo">
		update 	scm_purchase_product_tbl set detailStatus = #{detailStatusNew}
		where purchaseId = #{purchaseId}  
	</update>
	<!-- 根据purchaseNo查找发票信息 -->
	<select id="getEntryPurchaseByNo" resultType = "hashmap" >
		SELECT
			id,
			purchaseNo,
			transSerialNo,
			paymentId,
			paymentNo,
			purchaseDate,
			payerName,
			totalAmount,
			reveiver,
			marker,
			markerId,
			userId,
			customerId,
			endDate,
			note,
			currentBalance,
			certificateCode,
			compactNo,
			purchaseStatus,
			factoringStatus,
			companyId,
			companyName,
			isUpload,
			uploadStatus,
			isPay,
			modifierId,
			lastUpdateTime,
			IFNULL( scm_purchase_tbl.tax,0) as tax,
			excludTaxAmount,
			hrsv1,
			hrsv2,
			hrsv3,
			rd1,
			rd2,
			rd3,
			rd4,
			rd5,
			rd6,
			rd7,
			rd8,
			rd9,
			rd10,
			rd11,
			rd12,
			rd13,
			rd14,
			rd15,
			rd16
		FROM
			scm_purchase_tbl
		WHERE
			purchaseNo = #{purchaseNo}
	</select>
	<!-- 获取发票状态或上传状态不是“已拒绝”的发票编号——————其中一个有“拒绝”状态就不作为结果返回(not in优化) -->
	<select id="getAllPurchaseNo" resultType="string" >
		SELECT
			a.purchaseNo
		FROM
			scm_purchase_tbl a
		LEFT JOIN (
			SELECT
				purchaseNo,
				id
			FROM
				scm_purchase_tbl
			WHERE
				uploadStatus = '12'
			OR purchaseStatus = '5'
		) b ON a.id = b.id
		WHERE
			b.id IS NULL
	</select>
	
	<!-- 按物料查询所有的结账清单及物料信息 -->
	<select id="getSettleOrderProductList" resultType="com.ultimate.common.SettleOrderProductEntity">
		SELECT
			scm_check_product_tbl.id,
			scm_check_product_tbl.checkId,
			scm_check_product_tbl.checkNo,
			scm_check_product_tbl.productId,
			scm_check_product_tbl.entryId,
			scm_check_product_tbl.detailStatus,
			scm_check_product_tbl.productEntry,
			scm_check_product_tbl.productName,
			scm_check_product_tbl.productType,
			scm_check_product_tbl.productSize,
			scm_check_product_tbl.productAddress,
			scm_check_product_tbl.batch,
			scm_check_product_tbl.standardLen,			
			IFNULL( scm_check_product_tbl.count,0) as count,			
			IFNULL( scm_check_product_tbl.drewCount,0) as drewCount,
			IFNULL( scm_check_product_tbl.auditCount,0) as auditCount,
			IFNULL( scm_check_product_tbl.reverseQty,0) as reverseQty,
			IFNULL( scm_check_product_tbl.weight,0) as weight,			
			scm_check_product_tbl.countUnit,
			scm_check_product_tbl.weightUnit,
			scm_check_product_tbl.cost,
			scm_check_product_tbl.price,
			scm_check_product_tbl.note,
			DATE_FORMAT(scm_check_product_tbl.toDate, '%Y-%m-%d') toDate,					
			scm_check_product_tbl.taxRate,
			scm_check_product_tbl.taxAmount,
			scm_check_product_tbl.amount,
			scm_check_product_tbl.drewAmount,
			scm_check_product_tbl.auditAmount,
			scm_check_product_tbl.sourceType,
			scm_check_product_tbl.sourceBillNo,
			scm_check_product_tbl.erp_detail_orderStatus,
			
			scm_check_product_tbl.rd1, scm_check_product_tbl.rd2, scm_check_product_tbl.rd3, scm_check_product_tbl.rd4, scm_check_product_tbl.rd5, scm_check_product_tbl.rd6, scm_check_product_tbl.rd7, scm_check_product_tbl.rd8, scm_check_product_tbl.rd9, scm_check_product_tbl.rd10, 
			scm_check_product_tbl.rd11, scm_check_product_tbl.rd12, scm_check_product_tbl.rd13, scm_check_product_tbl.rd14, scm_check_product_tbl.rd15, scm_check_product_tbl.rd16, scm_check_product_tbl.rd17, scm_check_product_tbl.rd18, scm_check_product_tbl.rd19,
			scm_check_product_tbl.rd20, scm_check_product_tbl.rd21, scm_check_product_tbl.rd22, scm_check_product_tbl.rd23, scm_check_product_tbl.rd24, scm_check_product_tbl.rd25, scm_check_product_tbl.rd26, scm_check_product_tbl.rd27, scm_check_product_tbl.rd28, 
			scm_check_product_tbl.rd29, scm_check_product_tbl.rd30, 
			
			
			DATE_FORMAT(scm_check_tbl.createTime,'%Y-%m-%d %T') createTime,
			DATE_FORMAT(scm_check_tbl.createTime, '%Y-%m-%d') createDate,
			DATE_FORMAT(scm_check_tbl.auditTime,	'%Y-%m-%d') auditTime,
			scm_check_tbl.sourceType,
			scm_check_tbl.checkStatus,
			scm_check_tbl.totalAmount,
			scm_check_tbl.totalQty,
			scm_check_tbl.isReverse,
			scm_check_tbl.authorId,
			scm_check_tbl.salesmanId,
			scm_check_tbl.userId,
			scm_check_tbl.customerId,
			scm_check_tbl.modifierId,
			scm_check_tbl.companyId,
			scm_check_tbl.note as hnote,
			scm_check_tbl.erp_orderStatus,
			DATE_FORMAT(scm_check_tbl.lastUpdateTime,'%Y-%m-%d %T') lastUpdateTime,			
			scm_check_tbl.rd1 f1, scm_check_tbl.rd2 f2, scm_check_tbl.rd3 f3, scm_check_tbl.rd4 f4, scm_check_tbl.rd5 f5,
			scm_check_tbl.rd6 f6, scm_check_tbl.rd7 f7, scm_check_tbl.rd8 f8, scm_check_tbl.rd9 f9, scm_check_tbl.rd10 f10,scm_check_tbl.rd11 f11,scm_check_tbl.rd12 f12,scm_check_tbl.rd13 f13,scm_check_tbl.rd14 f14,scm_check_tbl.rd15 f15,scm_check_tbl.rd16 f16,
			scm_company_tbl.companyName,
			scm_account_tbl.userName
		FROM
			scm_check_product_tbl 
		LEFT JOIN scm_check_tbl  ON scm_check_tbl.id = scm_check_product_tbl.checkId
		LEFT JOIN scm_company_tbl  ON scm_check_tbl.companyId = scm_company_tbl.companyId
		LEFT JOIN scm_account_tbl  ON scm_check_tbl.userId = scm_account_tbl.id
		WHERE 1=1 and IFNULL( scm_check_product_tbl.count,0) > IFNULL( scm_check_product_tbl.drewCount,0) 
		and scm_check_tbl.checkStatus='1' and scm_check_product_tbl.detailStatus='1' 
		    <if test="userId != null">
			    and scm_check_tbl.userId = #{userId}
			</if>
			<if test="userIds != null">
				and scm_check_tbl.userId in
				<foreach item="item" index="index" collection="userIds" open="(" separator="," close=")">
				 	#{item}
				</foreach>
			</if>
			<if test="CONDITION != null">
				AND ${CONDITION}
			</if>
			
		ORDER BY scm_check_tbl.createTime desc, scm_check_product_tbl.productEntry
	</select>
	
	<!-- 查询结账单物料信息 -->
	<select id="getProduct" resultType = "hashmap" >
		SELECT
			id,
			checkId,
			checkNo,
			productId,
			entryId,
			detailStatus,
			erp_detail_orderStatus,
			productEntry,
			productName,
			productType,
			productSize,
			productAddress,
			batch,
			standardLen,
			count,
			drewCount,
			auditCount,
			reverseQty,
			weight,
			countUnit,
			weightUnit,
			cost,
			price,
			note,
			toDate,
			taxRate,
			taxAmount,
			amount,
			drewAmount,
			auditAmount,
			sourceType,
			sourceBillNo,
			rd1,
			rd2,
			rd3,
			rd4,
			rd5,
			rd6,
			rd7,
			rd8,
			rd9,
			rd10,
			rd11,
			rd12,
			rd13,
			rd14,
			rd15,
			rd16,
			rd17,
			rd18,
			rd19,
			rd20,
			rd21,
			rd22,
			rd23,
			rd24,
			rd25,
			rd26,
			rd27,
			rd28,
			rd29,
			rd30,
			rsv1,
			rsv2,
			rsv3
		FROM
			scm_check_product_tbl
		WHERE
			checkNo = #{checkNo}
			and productEntry = #{productEntry}
	</select>
		
	<!-- 关联发票信息 -->
	<insert id = "saveEntryPurchaseProduct" >
		insert into scm_purchase_product_tbl
			(
			productId,
			entryId,
			detailStatus,
			productEntry,
			purchaseId,
			productName,
			productType,
			productSize,
			productAddress,
			wareHouse,
			batch,
			standardLen,
			count,
			weight,
			countUnit,
			weightUnit,
			cost,
			price,
			amount,
			note,
			toDate,
			stockDate,
			taxRate,
			taxAmount,
			sourceType,
			sourceBillNo,
			sourceBillEntryId,
			rd1,
			rd2,
			rd3,
			rd4,
			rd5,
			rd6,
			rd7,
			rd8,
			rd9,
			rd10,
			rd11,
			rd12,
			rd13,
			rd14,
			rd15,
			rd16,
			rd17,
			rd18,
			rd19,
			rd20,
			rd21,
			rd22,
			rd23,
			rd24,
			rd25,
			rd26,
			rd27,
			rd28,
			rd29,
			rd30,
			rsv1,
			rsv2,
			rsv3
			)
		values
		<foreach collection="list" item="item" index="index" separator=",">
			(
				 #{item.productId}
				,#{item.entryId}
				,#{item.detailStatus}
				,#{item.productEntry}
				,#{item.purchaseId}
				,#{item.productName}
				,#{item.productType}
				,#{item.productSize}
				,#{item.productAddress}
				,#{item.wareHouse}
				,#{item.batch}
				,#{item.standardLen}
				,#{item.count}
				,#{item.weight}
				,#{item.countUnit}
				,#{item.weightUnit}
				,#{item.cost}
				,#{item.price}
				,#{item.amount}
				,#{item.note}
				,#{item.toDate}
				,#{item.stockDate}
				,#{item.taxRate}
				,#{item.taxAmount}
				,#{item.sourceType}
				,#{item.sourceBillNo}
				,#{item.sourceBillEntryId}
				,#{item.rd1}
				,#{item.rd2}
				,#{item.rd3}
				,#{item.rd4}
				,#{item.rd5}
				,#{item.rd6}
				,#{item.rd7}
				,#{item.rd8}
				,#{item.rd9}
				,#{item.rd10}
				,#{item.rd11}
				,#{item.rd12}
				,#{item.rd13}
				,#{item.rd14}
				,#{item.rd15}
				,#{item.rd16}
				,#{item.rd17}
				,#{item.rd18}
				,#{item.rd19}
				,#{item.rd20}
				,#{item.rd21}
				,#{item.rd22}
				,#{item.rd23}
				,#{item.rd24}
				,#{item.rd25}
				,#{item.rd26}
				,#{item.rd27}
				,#{item.rd28}
				,#{item.rd29}
				,#{item.rd30}
				,#{item.rsv1}
				,#{item.rsv2}
				,#{item.rsv3}
			)
		</foreach>
	</insert>
	
	<!-- 获取发票对应的产品信息 -->
	<select id="getPurinvoiceDetailInfo" resultType="hashmap">
		SELECT
			ppt.id,
			ppt.productId,
			ppt.productEntry,
			ppt.purchaseId,
			ppt.entryId,
			ppt.detailStatus,
			ppt.amount,
			ppt.productName,
			ppt.productType,
			ppt.productSize,
			ppt.productAddress,
			ppt.batch,
			ppt.standardLen,
			ppt.count,
			ppt.weight,
			ppt.countUnit,
			ppt.weightUnit,
			ppt.cost,
			format(ppt.price, 2) price,
			ppt.note,
			DATE_FORMAT(
				ppt.toDate,
				'%Y-%m-%d'
			) toDate,
			ppt.stockDate,
			ppt.taxRate,
			format(ppt.taxAmount, 2)taxAmount,
			ppt.sourceType,
			ppt.sourceBillNo,
			ppt.sourceBillEntryId,
			ppt.rsv1,
			ppt.rsv2,
			ppt.rsv3,
			ppt.rd1,
			ppt.rd2,
			ppt.rd3,
			ppt.rd4,
			ppt.rd5,
			ppt.rd6,
			ppt.rd7,
			ppt.rd8,
			ppt.rd9,
			ppt.rd10,
			ppt.rd11,
			ppt.rd12,
			ppt.rd13,
			ppt.rd14,
			ppt.rd15,
			ppt.rd16,
			ppt.rd17,
			ppt.rd18,
			ppt.rd19,
			ppt.rd20,
			ppt.rd21,
			ppt.rd22,
			ppt.rd23,
			ppt.rd24,
			ppt.rd25,
			ppt.rd26,
			ppt.rd27,
			ppt.rd28,
			ppt.rd29,
			ppt.rd30
		FROM
			scm_purchase_product_tbl ppt
		WHERE
			ppt.purchaseId = #{purchaseId}
		ORDER BY ppt.productEntry desc
	</select>
	
	<!-- 获取发票对应的产品信息 -->
	<select id="getPurProductInfo" resultType="com.icbc.client.PurProductInfo">
		SELECT
			ppt.id,
			ppt.productId,
			ppt.productEntry,
			ppt.purchaseId,
			ppt.productName,
			ppt.productType,
			ppt.productSize,
			ppt.productAddress,
			ppt.batch,
			ppt.entryId,
			ppt.detailStatus,
			ppt.amount,
			ppt.standardLen,
			ppt.count,
			ppt.weight,
			ppt.countUnit,
			ppt.weightUnit,
			ppt.cost,
			format(ppt.price, 2) price,
			ppt.note,
			DATE_FORMAT(
				ppt.toDate,
				'%Y-%m-%d'
			) toDate,
			ppt.stockDate,
			ppt.taxRate,
			format(ppt.taxAmount, 2)taxAmount,
			ppt.sourceType,
			ppt.sourceBillNo,
			ppt.sourceBillEntryId,
			ppt.rsv1,
			ppt.rsv2,
			ppt.rsv3,
			ppt.rd1,
			ppt.rd2,
			ppt.rd3,
			ppt.rd4,
			ppt.rd5,
			ppt.rd6,
			ppt.rd7,
			ppt.rd8,
			ppt.rd9,
			ppt.rd10,
			ppt.rd11,
			ppt.rd12,
			ppt.rd13,
			ppt.rd14,
			ppt.rd15,
			ppt.rd16,
			ppt.rd17,
			ppt.rd18,
			ppt.rd19,
			ppt.rd20,
			ppt.rd21,
			ppt.rd22,
			ppt.rd23,
			ppt.rd24,
			ppt.rd25,
			ppt.rd26,
			ppt.rd27,
			ppt.rd28,
			ppt.rd29,
			ppt.rd30
		FROM
			scm_purchase_product_tbl ppt
		WHERE
			ppt.purchaseId = #{purchaseId}
		ORDER BY ppt.productEntry desc
	</select>
	
	<!-- 修改结账单物料开票数量 -->
	<update id="updateProductDrewCount">
		update 	scm_check_product_tbl set drewCount = #{drewCount}
		where checkNo = #{checkNo} and productEntry = #{productEntry}	  
	</update>
	
</mapper>
