<?xml version="1.0" encoding="UTF-8"?>
<!DOCTYPE mapper
  PUBLIC "-//mybatis.org//DTD Mapper 3.0//EN"
    "http://mybatis.org/dtd/mybatis-3-mapper.dtd">
<mapper namespace="standardStatement">
    
    <!-- 新增companyId作为条件  modify by yfen 20160615 -->
    <select id="findLastOne" resultType="hashmap">
    	SELECT
    		st.id,
			st.qcAmout,
			st.qmAmount
		FROM scm_statement_tbl st
		
		WHERE st.userId = #{userId}
		      <if test="companyId != null">
		      and st.companyId = #{companyId}
		      </if>
		ORDER BY st.statementTime DESC
    </select>
    
	<select id="findAll" resultType="com.ultimate.common.StatementEntity">
	
		<!-- 4：系统管理员 2业务员 1：经销商 3：二级经销商 -->
		
		SELECT
			st.id,
			qcAmout,
			qmAmount,
			st.statementNo,
			st.statementName,
			st.statementType,
			DATE_FORMAT(st.statementTime, '%Y-%m-%d %H:%i:%S') statementTime,
			payAmount,
			paidAmount,
			st.payMethod,
			st.rd1,
			st.rd2,
			st.rd3,
			st.rd4,
			st.rd5,
			st.rd6,
			st.rd7,
			st.rd8,
			st.rd9,
			st.rd10,
			st.rd11,
			st.rd12,
			st.rd13,
			st.rd14,
			st.rd15,
			st.rd16,
			at.userName,
			st.customerId,
			st.companyId,
			CASE WHEN st.deliveryNo is not null and st.deliveryNo != '' then 1
			WHEN st.orderNo is not null and st.orderNo != '' then 1
			ELSE 0
			END count
		FROM scm_statement_tbl st
		
		LEFT JOIN scm_account_tbl at 
		ON at.id = st.userId 
		
		LEFT JOIN scm_company_tbl ct
		ON st.companyId = ct.companyId
		<!-- 取消查询关联发票的数量，改为查询发货单和订单
		LEFT JOIN (	
			SELECT
				COUNT(statementId) as count, statementId
			FROM scm_statement_invoice_tbl 
			GROUP BY statementId
		) vo 
		ON vo.statementId = st.id
		 -->
		WHERE 1 = 1
		<if test="CONDITION != null">
			and ${CONDITION}
		</if>
		<if test="userIds != null">
			and st.userId IN 
			<foreach item="item" index="index" collection="userIds" open="(" separator="," close=")">
				 #{item}
			</foreach>
		</if>
		ORDER BY st.statementTime desc
	</select>
	<!-- 查询对账单关联的发货单号和订单号 -->
	<select id="relateInfo" resultType="com.ultimate.common.StatementEntity" >
		SELECT
			deliveryNo,
			orderNo
		FROM
			scm_statement_tbl
		WHERE
			id = #{statementId}
		<if test="userIds != null">
			and userId IN 
			<foreach item="item" index="index" collection="userIds" open="(" separator="," close=")">
				 #{item}
			</foreach>
		</if>
	</select>
	
	<select id="getAllCount" resultType="int">
		SELECT
			COUNT(st.id)
		FROM scm_statement_tbl st
		
		LEFT JOIN scm_account_tbl at 
		ON at.id = st.userId 
		
		LEFT JOIN scm_company_tbl ct
		ON st.companyId = ct.companyId
		<!--
		LEFT JOIN (	
			SELECT
				COUNT(statementId) as count, statementId
			FROM scm_statement_invoice_tbl 
			GROUP BY statementId
		) vo 
		ON vo.statementId = st.id
		-->
		WHERE 1 = 1
		<if test="CONDITION != null">
			and ${CONDITION}
		</if>
		<if test="userIds != null">
			and st.userId IN 
			<foreach item="item" index="index" collection="userIds" open="(" separator="," close=")">
				 #{item}
			</foreach>
		</if>
	</select>

	<select id="findPaymentMode" resultType="hashmap">
		SELECT 
			pm.id val, 
			pm.paymentName text
		FROM scm_payment_mode_tbl pm
		WHERE 1 = 1 
		<if test="flag != null">
			and pm.flag = #{flag}
		</if>
		ORDER BY pm.sort
	</select>
	
	<select id="findUserRelateByCustomerId" resultType="hashmap">
		
		SELECT 
			at.id userId,
			at.customerId,
			at.userName 
		FROM	
			scm_account_tbl at
		WHERE	
			at.customerId = #{customerId}
		
		<!-- 
		SELECT 
			ur.userId,
			ur.customerId,
			ur.userName 
		FROM scm_user_relate_tbl ur
		WHERE 
			ur.customerId = #{customerId}
		 -->
		 
	</select>

	<select id="findUelateByCustomerid" resultType="hashmap">
		SELECT 
			a.customerid, a.userName
		FROM scm_user_relate_tbl a  
		LEFT JOIN scm_user_relate_tbl b 
		ON a.belongto=b.userid
		WHERE b.customerid = #{customId} OR a.customerid = #{customId}
	</select>

	<select id="findCountByStatementNo" resultType="int">
		SELECT
			COUNT(st.id)
		FROM scm_statement_tbl st
		WHERE st.statementNo = #{statementNo}
	</select>

	<insert id="doCreate" parameterType="hashmap" >
		<selectKey resultType="java.lang.Integer" order="AFTER" keyProperty="id" >
			select LAST_INSERT_ID() as id
		</selectKey>
		INSERT INTO scm_statement_tbl (
			statementNo
			<if test="qcAmout != null and qcAmout != ''">
				,qcAmout
			</if>
			<if test="qmAmount != null and qmAmount != ''">
				,qmAmount
			</if>
			<if test="statementName != null and statementName != ''">
				,statementName
			</if>
			<if test="statementType != null and statementType != ''">
				,statementType
			</if>
			<if test="statementTime != null and statementTime != ''">
				,statementTime
			</if>
			<if test="payAmount != null and payAmount != ''">
				,payAmount
			</if>
			<if test="paidAmount != null and paidAmount != ''">
				,paidAmount
			</if>
			<if test="payMethod != null and payMethod != ''">
				,payMethod
			</if>
			<if test="customerId != null and customerId != ''">
				,customerId
			</if>
			<if test="companyId != null and companyId != ''">
				,companyId
			</if>
			<if test="orderNo != null and orderNo != ''">
				,orderNo
			</if>
			<if test="deliveryNo != null and deliveryNo != ''">
				,deliveryNo 
			</if>
			<if test="paymentOrderNo != null and paymentOrderNo != ''">
				,paymentOrderNo 
			</if>
			<if test="otherNo != null and otherNo != ''">
				,otherNo 
			</if>	
			<if test="note != null and note != ''">
				,note
			</if>
			<if test="createTime != null and createTime != ''">
				,createTime 
			</if>
			<if test="statementStatus != null and statementStatus != ''">
				,statementStatus 
			</if>
			<if test="modifierId != null and modifierId != ''">
				,modifierId 
			</if>	
			<if test="rd1 != null">
				,rd1
			</if>
			<if test="rd2 != null">
				,rd2
			</if>
			<if test="rd3 != null">
				,rd3
			</if>
			<if test="rd4 != null">
				,rd4
			</if>
			<if test="rd5 != null">
				,rd5
			</if>		
			<if test="rd6 != null">
				,rd6
			</if>
			<if test="rd7 != null">
				,rd7
			</if>
			<if test="rd8 != null">
				,rd8
			</if>
			<if test="rd9 != null">
				,rd9
			</if>
			<if test="rd10 != null">
				,rd10
			</if>
			<if test="rd11 != null">
				,rd11
			</if>
			<if test="rd12 != null">
				,rd12
			</if>
			<if test="rd13 != null">
				,rd13
			</if>
			<if test="rd14 != null">
				,rd14
			</if>
			<if test="rd15 != null">
				,rd15
			</if>
			<if test="rd16 != null">
				,rd16
			</if>
			<if test="userId != null">
				,userId
			</if>
		)VALUES (
			#{statementNo}
			<if test="qcAmout != null and qcAmout != ''">
				,#{qcAmout}
			</if>
			<if test="qmAmount != null and qmAmount != ''">
				,#{qmAmount}
			</if>
			<if test="statementName != null and statementName != ''">
				,#{statementName}
			</if>
			<if test="statementType != null and statementType != ''">
				,#{statementType}
			</if>
			<if test="statementTime != null and statementTime != ''">
				,STR_TO_DATE(#{statementTime}, '%Y-%m-%d %H:%i:%S')
			</if>
			<if test="payAmount != null and payAmount != ''">
				,#{payAmount}
			</if>
			<if test="paidAmount != null and paidAmount != ''">
				,#{paidAmount}
			</if>
			<if test="payMethod != null and payMethod != ''">
				,#{payMethod}
			</if>
			<if test="customerId != null and customerId != ''">
				,#{customerId}
			</if>
			<if test="companyId != null and companyId != ''">
				,#{companyId}
			</if>
			<if test="orderNo != null and orderNo != ''">
				, #{orderNo}
			</if>
			<if test="deliveryNo != null and deliveryNo != ''">
				,#{deliveryNo}
			</if>
			<if test="paymentOrderNo != null and paymentOrderNo != ''">
				,#{paymentOrderNo}
			</if>
			<if test="otherNo != null and otherNo != ''">
				,#{otherNo}
			</if>
			<if test="note != null and note != ''">
				,#{note}
			</if>
			<if test="createTime != null and createTime != ''">
				,#{createTime} 
			</if>
			<if test="statementStatus != null and statementStatus != ''">
				,#{statementStatus}
			</if>
			<if test="modifierId != null and modifierId != ''">
				,#{modifierId}
			</if>
			<if test="rd1 != null">
				,#{rd1}
			</if>
			<if test="rd2 != null">
				,#{rd2}
			</if>
			<if test="rd3 != null">
				,#{rd3}
			</if>
			<if test="rd4 != null">
				,#{rd4}
			</if>
			<if test="rd5 != null">
				,#{rd5}
			</if>
			<if test="rd6 != null">
				,#{rd6}
			</if>
			<if test="rd7 != null">
				,#{rd7}
			</if>
			<if test="rd8 != null">
				,#{rd8}
			</if>
			<if test="rd9 != null">
				,#{rd9}
			</if>
			<if test="rd10 != null">
				,#{rd10}
			</if>
			<if test="rd11 != null">
				,#{rd11}
			</if>
			<if test="rd12 != null">
				,#{rd12}
			</if>
			<if test="rd13 != null">
				,#{rd13}
			</if>
			<if test="rd14 != null">
				,#{rd14}
			</if>
			<if test="rd15 != null">
				,#{rd15}
			</if>
			<if test="rd16 != null">
				,#{rd16}
			</if>
			<if test="userId != null">
				,#{userId}
			</if>
		)
  	</insert>
  	
  	<update id="doUpdate" parameterType="hashmap">
		UPDATE scm_statement_tbl st
		<set>
			<if test="qcAmout != null and qcAmout !=''">
				st.qcAmout = #{qcAmout},
			</if>
			<if test="statementTime != null and statementTime !=''">
				st.statementTime = STR_TO_DATE(#{statementTime}, '%Y-%m-%d %H:%i:%S'),
			</if>
			<if test="statementType != null">
				st.statementType = #{statementType},
			</if>
			<if test="qmAmount != null and qmAmount !=''">
				st.qmAmount = #{qmAmount},
			</if>
			<if test="payAmount != null and payAmount !=''">
				st.payAmount = #{payAmount},
			</if>
			<if test="paidAmount != null and paidAmount !=''">
				st.paidAmount = #{paidAmount},
			</if>
			<if test="statementName != null">
				st.statementName = #{statementName},
			</if>
			<if test="payMethod != null and payMethod !=''">
				st.payMethod = #{payMethod},
			</if>
			<if test="customerId != null">
				st.customerId = #{customerId},
			</if>
			<if test="companyId != null">
				st.companyId =#{companyId},
			</if>
			<if test="erp_salesmanId != null">
				st.erp_salesmanId = #{erp_salesmanId},
			</if>		
			<if test="orderNo != null">
				st.orderNo = #{orderNo},
			</if>
			<if test="deliveryNo != null">
				st.deliveryNo = #{deliveryNo},
			</if>
			<if test="paymentOrderNo != null">
				st.paymentOrderNo = #{paymentOrderNo},
			</if>
			<if test="otherNo != null">
				st.otherNo = #{otherNo},
			</if>
			<if test="note != null">
				st.note = #{note},
			</if>
			<if test="createTime != null and createTime !=''">
				st.createTime = #{createTime},
			</if>
			<if test="statementStatus != null">
				st.statementStatus = #{statementStatus},
			</if>
			<if test="modifierId != null and modifierId !=''">
				st.modifierId = #{modifierId},
			</if>
			<if test="rd1 != null">
				st.rd1 = #{rd1},
			</if>
			<if test="rd2 != null">
				st.rd2 = #{rd2},
			</if>
			<if test="rd3 != null">
				st.rd3 = #{rd3},
			</if>
			<if test="rd4 != null">
				st.rd4 = #{rd4},
			</if>
			<if test="rd5 != null">
				st.rd5 = #{rd5},
			</if>
			<if test="rd6 != null">
				st.rd6 = #{rd6},
			</if>
			<if test="rd7 != null">
				st.rd7 = #{rd7},
			</if>
			<if test="rd8 != null">
				st.rd8 = #{rd8},
			</if>
			<if test="rd9 != null">
				st.rd9 = #{rd9},
			</if>
			<if test="rd10 != null">
				st.rd10 = #{rd10},
			</if>
			<if test="rd11 != null">
				st.rd11 = #{rd11},
			</if>
			<if test="rd12 != null">
				st.rd12 = #{rd12},
			</if>
			<if test="rd13 != null">
				st.rd13 = #{rd13},
			</if>
			<if test="rd14 != null">
				st.rd14 = #{rd14},
			</if>
			<if test="rd15 != null">
				st.rd15 = #{rd15},
			</if>
			<if test="rd16 != null">
				st.rd16 = #{rd16},
			</if>
			<if test="userId != null">
				st.userId = #{userId},
			</if>
		</set>
		WHERE st.statementNo = #{statementNo}
	</update>

	<!-- 查询订单,发货单信息   add by yfen 2015-06-01  begin-->
	<select id="selectOrderInfo" resultType="com.ultimate.common.StatementEntity">
		select o.id,o.orderNo,o.orderAmount from scm_order_tbl o 
			where  o.orderType = "00"
			   and o.orderStatus = #{status}
			   and o.userId = #{userId}
			 <if test="companyId != null and companyId !=''">
			   and o.companyId = #{companyId}
			 </if>
	</select>
	
	<select id="selectDeliveryInfo" resultType="com.ultimate.common.StatementEntity">
		select d.id, d.deliveryNo,IFNULL(d.amount,0) as amount,d.deliveryTime from scm_delivery_tbl d 
			where d.userId=#{userId}
	</select>
	<!-- 根据发货单id查询发货单产品信息 -->
	<select id="selectDeliveryProById" resultType="hashmap">
		SELECT dp.deliveryId,dp.price,dp.productId,dp.arragedQty 
	  FROM scm_delivery_product_tbl dp 
        WHERE dp.deliveryId=#{id} 
	</select>
	
	<!-- 发票信息 -->
	<select id="selectInvoiceInfo" resultType="com.ultimate.common.StatementEntity">
		select iv.id,iv.invoiceNo,iv.customerId,
			   DATE_FORMAT(iv.invoiceDate,'%Y-%m-%d %T') invoiceDate,
			   iv.payerName,iv.totalAmount 
		  from scm_invoice_tbl iv 
		 where iv.userId=#{userId}
	</select>
	<!-- 查询订单,发货单信息   add by yfen 2015-06-01  end-->

	<!-- 根据客户编号，分公司编号查询相应客户的期初，期末余额  add by yfen 20160615-->
	<select id="selectAmountBycustomerId" resultType="hashmap">
		select s.id,s.qcAmout,s.qmAmount,s.statementNo,s.customerId,s.companyId 
	  from scm_statement_tbl s 
	    where 1=1
	       <if test="userId != null">and s.userId = #{userId}</if>
	       <if test="companyId != null">and s.companyId = #{companyId}</if>
	       order by s.statementTime desc
	</select>
	
	<!-- 根据对账单编号查询对应的发票信息   add by yfen 20150819 -->
	<select id="searchRelateInvoice" resultType="com.ultimate.common.StatementEntity">
		SELECT inv.id,inv.invoiceId,
			   DATE_FORMAT(inv.invoiceDate,'%Y-%m-%d %T') invoiceDate,
			   inv.payerName,
			   inv.totalAmount,
			   inv.rd1,
				inv.rd2,
				inv.rd3,
				inv.rd4,
				inv.rd5,
				inv.rd6,
				inv.rd7,
				inv.rd8,
				inv.rd9,
				inv.rd10,
				inv.rd11,
				inv.rd12,
				inv.rd13,
				inv.rd14,
				inv.rd15,
				inv.rd16
			FROM scm_invoice_tbl inv LEFT JOIN 
			     scm_statement_invoice_tbl sta_in 
			  ON inv.id = sta_in.invoiceId
			WHERE inv.userId = #{userId} 
			  and sta_in.statementId = #{statementId}
	</select>
	<select id="getStatementExportInfo" resultType="com.ultimate.common.StatementExportEntity">
		SELECT
			st.id,
			qcAmout,
			qmAmount,
			st.statementNo,
			st.statementName,
			st.statementType,
			DATE_FORMAT(st.statementTime, '%Y-%m-%d %H:%i:%S') statementTime,
			payAmount,
			paidAmount,
			st.payMethod,
			st.deliveryNo,
			st.orderNo,
			st.paymentOrderNo,
			st.otherNo,
			st.statementStatus,
			st.createTime,
			st.rd1,
			st.rd2,
			st.rd3,
			st.rd4,
			st.rd5,
			st.rd6,
			st.rd7,
			st.rd8,
			st.rd9,
			st.rd10,
			st.rd11,
			st.rd12,
			st.rd13,
			st.rd14,
			st.rd15,
			st.rd16,
			at.userName,
			st.customerId,
			st.companyId
		FROM scm_statement_tbl st
		
		LEFT JOIN scm_account_tbl at 
		ON at.id = st.userId 
		
		LEFT JOIN scm_company_tbl ct
		ON st.companyId = ct.companyId
		WHERE 1 = 1
		<if test="CONDITION != null">
			and ${CONDITION}
		</if>
		<if test="userIds != null">
			and st.userId IN 
			<foreach item="item" index="index" collection="userIds" open="(" separator="," close=")">
				 #{item}
			</foreach>
		</if>
		ORDER BY st.statementTime desc
	</select>
	
	<select  id="getQmKyMoney" resultType="hashmap">
			SELECT
				qmAmount
			FROM
				scm_statement_tbl
			WHERE
			id = (
				SELECT
						MAX(sst.id)
				FROM
						scm_statement_tbl sst
				WHERE
					sst.userId=#{userId}
				  )
	</select>
	<!-- 查询最后一条记录-->
	<select id="findLastOneData" resultType="hashmap">
    	SELECT
    		st.id,
			st.qcAmout,
			st.qmAmount
		FROM scm_statement_tbl st
		
		WHERE st.customerId = #{customerId}
		      and st.companyId = #{companyId}
		ORDER BY st.statementTime DESC
    </select>
</mapper>