<?xml version="1.0" encoding="UTF-8"?>
<!DOCTYPE mapper PUBLIC "-//mybatis.org//DTD Mapper 3.0//EN"
	"http://mybatis.org/dtd/mybatis-3-mapper.dtd">
<mapper namespace="standardDetailBasedDeliveryCart">
	<sql id="detailBasedSelectSql">
		t.id,
		t.productId,
		t.entryId,
		t.hashCode,
		t.createTime,
		t.poorderId,
		t.orderNo,
		t.orderEntry,
		t.detailStatus,
		t.productName,
		t.productType,
		t.productSize,
		t.productAddress,
		t.batch,
		t.standardLen,
		t.count,
		t.arrangedQty,
		t.needCount,
		(IFNULL(count,0) - IFNULL(needCount,0)) AS arrangedCount,
		t.weight,
		t.countUnit,
		t.weightUnit,
		t.cost,
		t.price,
		t.realPrice,
		t.note,
		t.toDate,
		t.companyId,
		t.taxRate,
		t.taxAmount,
		t.authorId,
		t.salesmanId,
		t.userId,
		t.customerId,
		t.modifierId,
		t.wareHouse,
		t.lastUpdateTime,
		t.rd1,
		t.rd2,
		t.rd3,
		t.rd4,
		t.rd5,
		t.rd6,
		t.rd7,
		t.rd8,
		t.rd9,
		t.rd10,
		t.rd11,
		t.rd12,
		t.rd13,
		t.rd14,
		t.rd15,
		t.rd16,
		t.rd17,
		t.rd18,
		t.rd19,
		t.rd20,
		t.rd21,
		t.rd22,
		t.rd23,
		t.rd24,
		t.rd25,
		t.rd26,
		t.rd27,
		t.rd28,
		t.rd29,
		t.rd30,
		t.rsv1,
		t.rsv2,
		t.rsv3
	</sql>

	<!-- 获取对应用户的唯一要素的值 -->
	<select id="getUnionValues" parameterType="hashmap" resultType="string">
		SELECT
			${key}
		FROM
			scm_detailbased_deliverycart_tbl
		WHERE
			userId = #{userId}
	</select>
	
	<!-- 获取对应用户的排他要素数据 -->
	<select id="getExcludeValues" parameterType="hashmap" resultType="string">
		SELECT
			${key}
		FROM
			scm_detailbased_deliverycart_tbl
		WHERE
			userId = #{userId}
	</select>
	
	<!-- 获取订单号录入号数据 -->
	<select id="getOrderNoEntrys" parameterType="hashmap" resultType="string">
		SELECT
			CONCAT(orderNo, orderEntry)
		FROM
			scm_detailbased_deliverycart_tbl
		WHERE
			userId = #{userId}
	</select>
	
	<!-- 校验对应id的发料车数据是否超发 -->
	<select id="verifyCartDataByIds" parameterType="hashmap"
		resultType="com.ultimate.common.DetailBasedDeliveryCartEntity">
		SELECT
			<include refid="detailBasedSelectSql"/>
		FROM
			scm_detailbased_deliverycart_tbl AS t
		WHERE
			id IN
			<foreach collection="ids" item="id" open="(" close=")" separator=",">
				#{id}
			</foreach>
		AND
			needCount &lt; IFNULL(arrangedQty, 0)
	</select>
	
	<!-- 校验对应id的发料车数据是否超发 -->
	<select id="verifyCartDataById" parameterType="hashmap"
		resultType="com.ultimate.common.DetailBasedDeliveryCartEntity">
		SELECT
			<include refid="detailBasedSelectSql"/>
		FROM
			scm_detailbased_deliverycart_tbl AS t
		WHERE
			id = #{id}
		AND
			needCount &lt; IFNULL(arrangedQty, 0)
	</select>
	
	<!-- 校验对应用户的发料车数据是否超发 -->
	<select id="verifyAllCartData" parameterType="hashmap"
		resultType="com.ultimate.common.DetailBasedDeliveryCartEntity">
		SELECT
			<include refid="detailBasedSelectSql"/>
		FROM
			scm_detailbased_deliverycart_tbl AS t
		WHERE
			userId = #{userId}
		AND
			needCount &lt; IFNULL(arrangedQty, 0)
	</select>
	
	<!-- 获取对应id的发料车数据 -->
	<select id="getCartDataById" parameterType="hashmap"
		resultType="com.ultimate.common.DetailBasedDeliveryCartEntity">
		SELECT
			<include refid="detailBasedSelectSql"/>
		FROM
			scm_detailbased_deliverycart_tbl AS t
		WHERE
			id = #{id}
	</select>
	
	<!-- 获取对应id的发料车数据 -->
	<select id="getCartDataByIds" parameterType="hashmap"
		resultType="com.ultimate.common.DetailBasedDeliveryCartEntity">
		SELECT
			<include refid="detailBasedSelectSql"/>
		FROM
			scm_detailbased_deliverycart_tbl AS t
		WHERE
			id IN 
			<foreach collection="ids" item="id" open="(" close=")" separator=",">
				#{id}
			</foreach>
	</select>
	
	<!-- 依据发料车id更新发料车数据 -->
	<update id="updateCartData" parameterType="hashmap">
		UPDATE scm_detailbased_deliverycart_tbl
		SET ${key} = #{value} , lastUpdateTime = SYSDATE()
		WHERE id = #{cartId}
	</update>
	
	<!-- 获得对应用户的所有发料车数据 -->
	<select id="getAllCartData" parameterType="hashmap" 
		resultType="com.ultimate.common.DetailBasedDeliveryCartEntity">
		SELECT
			<include refid="detailBasedSelectSql"/>
		FROM
			scm_detailbased_deliverycart_tbl AS t
		WHERE
			userId = #{userId}
		ORDER BY 
			t.id
	</select>
	
	<!-- 获得对应用户的所有发料车数据 -->
	<select id="getAllCartDataToMap" parameterType="hashmap" 
		resultType="hashmap">
		SELECT
			<include refid="detailBasedSelectSql"/>
		FROM
			scm_detailbased_deliverycart_tbl AS t
		WHERE
			userId = #{userId}
			<if test="cartIdList != null and cartIdList.size > 0">
				AND t.id IN
				<foreach collection="cartIdList" item="cartId" 
					open="(" close=")" separator=",">
					#{cartId}
				</foreach>
			</if>
	</select>

	<!-- 批量添加发料车数据 -->
	<insert id="batchAddToCart" parameterType="java.util.List">
		<foreach collection="list" item="item" separator=";" close=";">
			INSERT INTO scm_detailbased_deliverycart_tbl (
				hashCode
				<if test="item.productId != null and item.productId != ''">,productId</if>
				<if test="item.entryId != null and item.entryId != ''">,entryId</if>
				,poorderId
				,orderEntry
				,orderNo
				<if test="item.productName != null and item.productName != ''">,productName</if>
				<if test="item.productType != null and item.productType != ''">,productType</if>
				<if test="item.productSize != null and item.productSize != ''">,productSize</if>
				<if test="item.productAddress != null and item.productAddress != ''">,productAddress</if>
				<if test="item.standardLen != null and item.standardLen != ''">,standardLen</if>
				,count
				<if test="item.weight != null">,weight</if>
				<if test="item.countUnit != null and item.countUnit != ''">,countUnit</if>
				<if test="item.weightUnit != null and item.weightUnit != ''">,weightUnit</if>
				<if test="item.arrangedQty != null and item.arrangedQty!= ''">,arrangedQty</if>
				<if test="item.cost != null">,cost</if>
				<if test="item.price != null">,price</if>
				<if test="item.batch != null and item.batch != ''">,batch</if>
				<if test="item.realPrice != null">,realPrice</if>
				<if test="item.note != null and item.note != ''">,note</if>
				<if test="item.taxRate != null">,taxRate</if>
				<if test="item.taxAmount != null">,taxAmount</if>
				,userId
				<if test="item.customerId != null and item.customerId != ''">,customerId</if>
				<if test="item.companyId != null and item.companyId != ''">,companyId</if>
				<if test="item.wareHouse != null and item.wareHouse != ''">,wareHouse</if>
				,needCount
				<if test="item.authorId != null and item.authorId != ''">,authorId</if>
				<if test="item.salesmanId != null and item.salesmanId != ''">,salesmanId</if>
				<if test="item.toDate != null and item.toDate != ''">,toDate</if>
				,lastUpdateTime
				,createTime
				<if test="item.rd1 != null and item.rd1 != ''">,rd1</if>
				<if test="item.rd2 != null and item.rd2 != ''">,rd2</if>
				<if test="item.rd3 != null and item.rd3 != ''">,rd3</if>
				<if test="item.rd4 != null and item.rd4 != ''">,rd4</if>
				<if test="item.rd5 != null and item.rd5 != ''">,rd5</if>
				<if test="item.rd6 != null and item.rd6 != ''">,rd6</if>
				<if test="item.rd7 != null and item.rd7 != ''">,rd7</if>
				<if test="item.rd8 != null and item.rd8 != ''">,rd8</if>
				<if test="item.rd9 != null and item.rd9 != ''">,rd9</if>
				<if test="item.rd10 != null and item.rd10 != ''">,rd10</if>
				<if test="item.rd11 != null and item.rd11 != ''">,rd11</if>
				<if test="item.rd12 != null and item.rd12 != ''">,rd12</if>
				<if test="item.rd13 != null and item.rd13 != ''">,rd13</if>
				<if test="item.rd14 != null and item.rd14 != ''">,rd14</if>
				<if test="item.rd15 != null and item.rd15 != ''">,rd15</if>
				<if test="item.rd16 != null and item.rd16 != ''">,rd16</if>
				<if test="item.rd17 != null and item.rd17 != ''">,rd17</if>
				<if test="item.rd18 != null and item.rd18 != ''">,rd18</if>
				<if test="item.rd19 != null and item.rd19 != ''">,rd19</if>
				<if test="item.rd20 != null and item.rd20 != ''">,rd20</if>
				<if test="item.rd21 != null and item.rd21 != ''">,rd21</if>
				<if test="item.rd22 != null and item.rd22 != ''">,rd22</if>
				<if test="item.rd23 != null and item.rd23 != ''">,rd23</if>
				<if test="item.rd24 != null and item.rd24 != ''">,rd24</if>
				<if test="item.rd25 != null and item.rd25 != ''">,rd25</if>
				<if test="item.rd26 != null and item.rd26 != ''">,rd26</if>
				<if test="item.rd27 != null and item.rd27 != ''">,rd27</if>
				<if test="item.rd28 != null and item.rd28 != ''">,rd28</if>
				<if test="item.rd29 != null and item.rd29 != ''">,rd29</if>
				<if test="item.rd30 != null and item.rd30 != ''">,rd30</if>
				)
			VALUES
				(
				#{item.hashCode}
				<if test="item.productId != null and item.productId != ''">,#{item.productId}</if>
				<if test="item.entryId != null and item.entryId != ''">,#{item.entryId}</if>
				,#{item.poorderId}
				,#{item.orderEntry}
				,#{item.orderNo}
				<if test="item.productName != null and item.productName != ''">,#{item.productName}</if>
				<if test="item.productType != null and item.productType != ''">,#{item.productType}</if>
				<if test="item.productSize != null and item.productSize != ''">,#{item.productSize}</if>
				<if test="item.productAddress != null and item.productAddress != ''">,#{item.productAddress}</if>
				<if test="item.standardLen != null and item.standardLen != ''">,#{item.standardLen}</if>
				,#{item.count}
				<if test="item.weight != null">,#{item.weight}</if>
				<if test="item.countUnit != null and item.countUnit != ''">,#{item.countUnit}</if>
				<if test="item.weightUnit != null and item.weightUnit != ''">,#{item.weightUnit}</if>
				<if test="item.arrangedQty != null and item.arrangedQty != ''">,#{item.arrangedQty}</if>
				<if test="item.cost != null">,#{item.cost}</if>
				<if test="item.price != null">,#{item.price}</if>
				<if test="item.batch != null and item.batch != ''">,#{item.batch}</if>
				<if test="item.realPrice != null">,#{item.realPrice}</if>
				<if test="item.note != null and item.note != ''">,#{item.note}</if>
				<if test="item.taxRate != null">,#{item.taxRate}</if>
				<if test="item.taxAmount != null">,#{item.taxAmount}</if>
				,#{item.userId}
				<if test="item.customerId != null and item.customerId != ''">,#{item.customerId}</if>
				<if test="item.companyId != null and item.companyId != ''">,#{item.companyId}</if>
				<if test="item.wareHouse != null and item.wareHouse != ''">,#{item.wareHouse}</if>
				,#{item.needCount}
				<if test="item.authorId != null and item.authorId != ''">,#{item.authorId}</if>
				<if test="item.salesmanId != null and item.salesmanId != ''">,#{item.salesmanId}</if>
				<if test="item.toDate != null and item.toDate != ''">,#{item.toDate}</if>
				,SYSDATE()
				,SYSDATE()
				<if test="item.rd1 != null and item.rd1 != ''">,#{item.rd1}</if>
				<if test="item.rd2 != null and item.rd2 != ''">,#{item.rd2}</if>
				<if test="item.rd3 != null and item.rd3 != ''">,#{item.rd3}</if>
				<if test="item.rd4 != null and item.rd4 != ''">,#{item.rd4}</if>
				<if test="item.rd5 != null and item.rd5 != ''">,#{item.rd5}</if>
				<if test="item.rd6 != null and item.rd6 != ''">,#{item.rd6}</if>
				<if test="item.rd7 != null and item.rd7 != ''">,#{item.rd7}</if>
				<if test="item.rd8 != null and item.rd8 != ''">,#{item.rd8}</if>
				<if test="item.rd9 != null and item.rd9 != ''">,#{item.rd9}</if>
				<if test="item.rd10 != null and item.rd10 != ''">,#{item.rd10}</if>
				<if test="item.rd11 != null and item.rd11 != ''">,#{item.rd11}</if>
				<if test="item.rd12 != null and item.rd12 != ''">,#{item.rd12}</if>
				<if test="item.rd13 != null and item.rd13 != ''">,#{item.rd13}</if>
				<if test="item.rd14 != null and item.rd14 != ''">,#{item.rd14}</if>
				<if test="item.rd15 != null and item.rd15 != ''">,#{item.rd15}</if>
				<if test="item.rd16 != null and item.rd16 != ''">,#{item.rd16}</if>
				<if test="item.rd17 != null and item.rd17 != ''">,#{item.rd17}</if>
				<if test="item.rd18 != null and item.rd18 != ''">,#{item.rd18}</if>
				<if test="item.rd19 != null and item.rd19 != ''">,#{item.rd19}</if>
				<if test="item.rd20 != null and item.rd20 != ''">,#{item.rd20}</if>
				<if test="item.rd21 != null and item.rd21 != ''">,#{item.rd21}</if>
				<if test="item.rd22 != null and item.rd22 != ''">,#{item.rd22}</if>
				<if test="item.rd23 != null and item.rd23 != ''">,#{item.rd23}</if>
				<if test="item.rd24 != null and item.rd24 != ''">,#{item.rd24}</if>
				<if test="item.rd25 != null and item.rd25 != ''">,#{item.rd25}</if>
				<if test="item.rd26 != null and item.rd26 != ''">,#{item.rd26}</if>
				<if test="item.rd27 != null and item.rd27 != ''">,#{item.rd27}</if>
				<if test="item.rd28 != null and item.rd28 != ''">,#{item.rd28}</if>
				<if test="item.rd29 != null and item.rd29 != ''">,#{item.rd29}</if>
				<if test="item.rd30 != null and item.rd30 != ''">,#{item.rd30}</if>
				)
		</foreach>
	</insert>
	
	<delete id="deleteCartDataById" parameterType="hashmap">
		DELETE
		FROM
			scm_detailbased_deliverycart_tbl
		WHERE
			id = #{id}
	</delete>
	
	<delete id="deleteCartDataByIds" parameterType="hashmap">
		DELETE
		FROM
			scm_detailbased_deliverycart_tbl
		WHERE
			id IN
			<foreach collection="ids" open="(" close=")" separator="," item="id">
				#{id}
			</foreach>
	</delete>
	
	<delete id="deleteCartDataByUserId" parameterType="hashmap">
		DELETE
		FROM
			scm_detailbased_deliverycart_tbl
		WHERE
			userId = #{userId}
	</delete>
	
</mapper>