<?xml version="1.0" encoding="UTF-8" ?>
<!DOCTYPE mapper PUBLIC "-//mybatis.org//DTD Mapper 3.0//EN" "http://mybatis.org/dtd/mybatis-3-mapper.dtd">

<mapper namespace="standardUserRelate">
	<!-- 获取业务员分管的经销商 -->
	<select id="getDealerBySalesId"  resultType="hashmap">
		SELECT
			ur.userId,
			ur.customerId,
			ur.userName,
			ur.belongTo,
			ur.rd1,
			ur.rd2
		FROM
			scm_user_relate_tbl ur
		WHERE
		  1=1 
		<if test="belongTo != null">
		  and	ur.belongTo = #{belongTo}
		</if>
		<if test="customerId != null">
		  and	ur.customerId = #{customerId}
		</if>
		<if test="dealerNo != null and dealerNo !=''">and CONCAT(ur.customerId,ur.userName) like concat('%',#{dealerNo},'%')</if>
		<if test="dealerName != null and dealerName !=''">and CONCAT(ur.customerId,ur.userName) like concat('%',#{dealerName},'%')</if>	
	</select>
	<insert id="insertCustomerRelate" parameterType="com.icbc.client.Customer" >
		INSERT INTO scm_user_relate_tbl (
			userId,
			customerId,
			belongTo,
			belongCustomerId,
			type,
			rd1,
			rd2
		)
		VALUES (
			#{userId},
			#{customerId},
			#{belongTo},
			#{belongCustomerId},
			#{type},
			#{rd1},
			#{rd2}
		)
	</insert>
	
	<!-- 清空用户关系表 -->
	<delete id = "deleteUserRelateInfo">
		delete from scm_user_relate_tbl where userId = #{userId}
	</delete>

	<update id="updateCustomerRelate" parameterType="com.icbc.client.Customer">
		update scm_user_relate_tbl set
			userId = (select id from scm_account_tbl where customerId=#{CustomerId} group by customerId)
			<if test="CustomerName != null and CustomerName!=''">
			,userName=#{CustomerName}
		</if>
		<if test="ParentId != null and ParentId!=''">
			,belongTo=(select id from scm_account_tbl where customerId=#{ParentId} group by customerId)
			,belongCustomerId=#{ParentId}
		</if>
		<if test="Province != null and Province!=''">
			,customerProvince=#{Province}
		</if>
		<if test="Area != null and Area!=''">
			,customerArea=#{Area}
		</if>
		<if test="Rd1 != null and Rd1!=''">
			,rd1=#{Rd1}
		</if>
		<if test="Rd2 != null and Rd2!=''">
			,rd2=#{Rd2}
		</if>
		where customerId = #{CustomerId}
	</update>
	
	<!-- 查询经销商所归属的客户信息  从user_relate和accont表查询   add by yfen 20150610-->	
	<select id="getUserRelateBybelongToId" resultType="hashMap">
		select a.id as userId,a.customerId,a.userName from scm_account_tbl a, scm_user_relate_tbl b
		  where a.id = b.userId and b.type = #{type}
		  <if test="belongTo != null "> and belongTo = #{belongTo}</if>		  
		  <if test="customerId != null">and	a.customerId = #{customerId}</if>
		   <if test="searchKey != null and searchKey !=''">and CONCAT(a.customerId,a.userName) like concat('%',#{searchKey},'%')</if>
	</select>
	<select id="getUserRelateBybelongToIdCount" resultType="long">
		select count(a.id) from scm_account_tbl a, scm_user_relate_tbl b
		  where a.id = b.userId and b.type = #{type}
		  <if test="belongTo != null "> and belongTo = #{belongTo}</if>		  
		  <if test="customerId != null">and	a.customerId = #{customerId}</if>
		   <if test="searchKey != null and searchKey !=''">and CONCAT(a.customerId,a.userName) like concat('%',#{searchKey},'%')</if>
	</select>
	
	<!-- 根据userid获取业务员id,用于短信模块   add by  wangc  2015-11-13-->
	<select id="getUserRelateByUserId" resultType="hashMap">
		select * from scm_user_relate_tbl where userId=#{userId} and type=2
	</select>
	
		<!-- 根据customerId获取关系信息,  add by  niuxw  2018-3-14-->
	<select id="getUserRelateByCustomerId" resultType="hashMap">
		select * from scm_user_relate_tbl where customerId=#{customerId} and type=12
	</select>
	
	
	
	
	<!-- 上游功能使用： -->
	<select id="getCustomerInfo" resultType="hashmap">
		SELECT
			sat.id,
			sat.customerId,
			sat.userName,
			sat.mobile,
			sat.telephone,
			sat.email,
			sat.companyId
		FROM
			scm_account_tbl sat
		LEFT JOIN scm_user_role_tbl urt ON urt.customerId = sat.customerId
		WHERE 
			1=1
		AND sat.customerId != #{customerId}
		<if test="roleId != null and roleId !='' ">
			AND urt.roleId = #{roleId}
		</if>
			
	</select>
	
	<!-- 用户对应关系 关系部分	 -->
	<select id ="getLocalUserList" resultType = "hashmap">
		SELECT
			sat.id,
			sat.customerId,
			sat.userName,
			sat.mobile
		FROM
			scm_account_tbl sat
		LEFT JOIN scm_userrole_tbl sut
		ON sat.unionId = sut.unionId
		WHERE
			1 = 1
			<if test="type != null and type !='' ">			
			 	and sut.roleId = #{type}
			</if>
			<if test="userId != null and userId !='' ">			
			 	and sat.id = #{userId}
			</if>
			<if test = "searchKey != null">
				and (sat.customerId like concat('%',#{searchKey},'%') 
				or sat.userName like concat('%',#{searchKey},'%') 
				) 
			</if>
	</select>
	
	<!-- 获取用户绑定关系 -->
	<select id = "getUserRelation" resultType = "hashmap">
		select r.userId,r.belongTo,r.type,a.userName,a.customerId 
		from scm_user_relate_tbl r,scm_account_tbl a
		where  a.id = r.userId
		<if test = "userId != null and userId != ''">
			and userId = #{userId}
		</if>
		<if test = "belongTo != null and belongTo != ''">
			and belongTo = #{belongTo}
		</if>
		<if test = "type != null and type != ''">
			and type = #{type}
		</if>
	</select>
	
	<select id = "getUserByRoleId" resultType = "Integer">
		SELECT unionId FROM scm_userrole_tbl 
		WHERE roleId = #{roleId} 
	</select>
	
	
	<select id = "getUnbindList" resultType = "hashmap">
		select u.id,u.customerId,u.userName,u.mobile
			from scm_account_tbl u
			where u.unionId is not null and u.unionId <![CDATA[<>]]> '' 
			<!-- <if test="unionIds!=null">
				and unionId in 
				<foreach  collection="unionIds" item="item" index="index"  open="(" close=")" separator=",">
					#{item} 
				</foreach> 
			</if> -->
			<if test = "searchKey != null">
				and (u.customerId like concat('%',#{searchKey},'%') 
				or u.userName like concat('%',#{searchKey},'%') 
				) 
			</if>
			<if test = "belongTo != null and belongTo != ''">
			 and u.id not in 
			 (select userId as id from scm_user_relate_tbl where belongTo = #{belongTo} )
			</if>
			
	</select>
	
	<delete id = "deleteUserRelation">
		delete from scm_user_relate_tbl
		where userId = #{userId} and belongTo = #{belongTo} and type = #{type}
	</delete>
	
	
	
	<insert id = "insertUserRelation">
		insert into scm_user_relate_tbl (userId,customerId,belongTo,belongCustomerId,type)
		values(#{userId},#{customerId},#{belongTo},#{belongTocustomerId},#{type})
	</insert>
	
	<!-- 获取用户绑定的分公司信息 -->
	<select id="getUserCompanyList" resultType="hashmap">
			select u.userId,u.customerId,c.companyId,c.companyName,u.balance
			from scm_user_company_tbl u LEFT JOIN scm_company_tbl c 
			on u.companyId = c.companyId
			where c.enable ="1"
			<if test = "userId != null" >
				and u.userId = #{userId}
			</if>
			<if test = "customerId != null">
				and u.customerId =#{customerId}
			</if>
	</select>
	
	<select id = "getCompnayList" resultType="hashmap">
		select companyId,companyName from scm_company_tbl 
		where enable = "1"
		<if test = "userId != null and userId != ''">
			 and companyId not in 
			 (select companyId from scm_user_company_tbl where userId = #{userId})
		</if>
	</select>
	
	
	<delete id ="deleteUserCompany">
		delete from scm_user_company_tbl
		where userid = #{userId} and companyId = #{companyId}
	</delete>
	
	<insert id = "insertLocalCompany">
		insert into scm_user_company_tbl
		(userid,customerId,companyId,balance)
		values(
			#{userId},#{customerId},#{companyId},0)
	</insert>
	
	
	<select id="getAllRoles" parameterType="hashmap" resultType="com.espresso.commons.RoleEntity">
		SELECT * FROM scm_role_tbl where 
		 isBuildIn=0
		<if test="excludeKey!=null and excludeKey!= ''">
			and businessKey <![CDATA[<>]]> #{excludeKey}
		</if>
		<if test="includeKey!=null and includeKey!= ''">
			and businessKey = #{includeKey}
		</if>
		<if test="enable!=null and enable!= ''">
			and enable = #{enable}
		</if>
	</select>
	
</mapper>