<?xml version="1.0" encoding="UTF-8" ?>
<!DOCTYPE mapper PUBLIC "-//mybatis.org//DTD Mapper 3.0//EN" "http://mybatis.org/dtd/mybatis-3-mapper.dtd">
<mapper namespace="standardAddress">

<!-- 
	用户地址信息
	 -->
	<select id="getUserAddressList" resultType="hashmap">
		select a.id as addrId,
			   a.name as firstName,
			   a.address,
			   a.company,
			   a.zipCode,
			   a.telephone,
			   a.mobile,
			   a.email,
			   <!-- a.provinceId as provId,
			   b.areaName as provName,
			   a.cityId as cityId,
			   c.areaName as cityName,
			   a.cityAreaId as cityAreaId,
			   d.areaName as cityAreaName,-->
			   a.isCurrent,
			   a.isBillingCurrent as isBillCurrent 
		   from scm_address_tbl a
		<!--  left join sys_area_tbl b on a.provinceId=b.areaId
		left join sys_area_tbl c on a.cityId=c.areaId
		left join sys_area_tbl d on a.cityAreaId=d.areaId--> 
		  where a.userId=#{userId} and a.status=2
	</select>
	
	<!-- 软删除用户的地址 -->
	<update id = "deleteAddress">
		update scm_address_tbl
		<set>
			status = "1"
		</set>
		where id = #{address.id}
		<if test = "address.userId != null and address.userId != ''">
			and userId = #{address.userId}
		</if>
	</update>
	
	
	
	<!-- 把用户的默认地址删除(软删除) -->
	<update id ="setDefaultAddress">
		update scm_address_tbl
		<set>
			lastUpdateTime = sysdate(),
			<if test ="billing != null">isBillingCurrent = #{billing}</if>
			<if test = "current != null">isCurrent = #{current}</if>			
		</set>
		where userId = #{userId}
		<if test = "id != null" >
			and id = #{id}
		</if>
	</update>
	
	
	<!-- 新增用户的地址 -->
	<insert id = "insertAddress">
		insert into scm_address_tbl
		(status,name,userid,isBillingCurrent,isCurrent,address,cityid,cityAreaId,provinceId
		<if test = "address.company != null and address.company !=''">,company</if>
		<if test = "address.mobile != null and address.mobile !=''">,mobile</if>
		<if test = "address.telephone != null and address.telephone !=''">,telephone</if>
		<if test = "address.zipCode != null and address.zipCode !=''">,zipCode</if>
		,createTime,lastUpdateTime
		)
		values(
		"2",#{address.name},#{address.userId},#{address.isBillingCurrent},#{address.iscurrent},
		#{address.address},#{address.cityId},#{address.cityAreaId},#{address.provinceId}
		<if test = "address.company != null and address.company !=''">,#{address.company}</if>
		<if test = "address.mobile != null and address.mobile !=''">,#{address.mobile}</if>
		<if test = "address.telephone != null and address.telephone !=''">,#{address.telephone}</if>
		<if test = "address.zipCode != null and address.zipCode !=''">,#{address.zipCode}</if>
		,sysdate(),sysdate()
		)
	</insert>
	
	<!-- 更新用户的地址 -->
	<update id ="updateAddress">
		update scm_address_tbl
		<set>
			status = "2",
			name = #{address.name},
			isBillingCurrent = #{address.isBillingCurrent},
			isCurrent = #{address.iscurrent},
			address = #{address.address},
			cityid = #{address.cityId},
			cityAreaId = #{address.cityAreaId}, 
			provinceId = #{address.provinceId},
			lastUpdateTime = sysdate(),
			<if test = "address.company != null and address.company !=''">company = #{address.company}</if>
			<if test =	"address.mobile != null and address.mobile !=''">mobile = #{address.mobile}</if>
			<if test = "address.telephone != null and address.telephone !=''">telephone = #{address.telephone}</if>
			<if test = "address.zipCode != null and address.zipCode !=''">zipCode = #{address.zipCode}</if>
		</set>
		where userId = #{address.userId} and id = #{address.id}
	</update>
	
	<select id="findAddress" resultType="hashmap">
	SELECT
	b.areaName AS provName,
	c.areaName AS cityName,
	d.areaName AS cityAreaName
    FROM  sys_area_tbl b ,
 		sys_area_tbl c ,
 		sys_area_tbl d 
	where b.areaId=#{provId}
	and c.areaId=#{cityId}  
	and d.areaId=#{areaId}
	
	</select>
	
	<select id="getAreaList" resultType="hashmap">
		select 
		at.areaId,at.areaName,at.hasChild,at.parentId ,at.sortNo
		from sys_area_tbl at  
		where delTag = 0  
		<if test="areaName!=null and areaName!=''">
			and at.areaName like concat('%',#{areaName},'%')  
		</if>
		<if test="areaId!=null and areaId!=''">
			and at.areaId=#{areaId} 
		</if>
		<if test="parentId!=null and parentId!=''">
			and at.parentId=#{parentId} 
		</if>
		<if test="hasChild!=null and hasChild!=''">
			and at.hasChild=#{hasChild} 
		</if>
	</select>
</mapper>