<?xml version="1.0" encoding="UTF-8" ?>
<!DOCTYPE mapper PUBLIC "-//mybatis.org//DTD Mapper 3.0//EN" "http://mybatis.org/dtd/mybatis-3-mapper.dtd">

<mapper namespace="standardInstock">
	<!-- 获得发货单列表信息 -->
	<select id="getinstockList_new" resultType="com.ultimate.common.InstockEntity">
	    select ins.* from (select  ins.deliveryNo,ins.orderId, ins.id, ins.customerId,ins.userId, ac.username, 
		        date_Format(ins.deliverytime,'%Y-%m-%d %H:%i:%S ') as deliveryTime, 
		        date_Format(ins.createTime,'%Y-%m-%d %H:%i:%S ') as createTime, 
		        ins.carNum, ins.contactor, ins.mobile, ins.note,
		        ins.shippingMethod,
				ins.modifierId,
				date_Format(ins.lastUpdateTime,'%Y-%m-%d %H:%i:%S ') as lastUpdateTime,				
		        case WHEN (
						SELECT
							count(t.id)
						FROM
							scm_service_lock t
						WHERE
							t.method = 'InstockService.doCreateInstock' and t.id =ins.id 
              and t.lockTime  &gt;= now()-INTERVAL 24 hour
					)>0
					 THEN
						'4'
          WHEN (
						SELECT
							count(t.id)
						FROM
							scm_service_lock t
						WHERE
							t.method = 'InstockService.doCreateInstock' and t.id =ins.id 
              and t.lockTime  &lt; now()-INTERVAL 24 hour
					)>0
					 THEN
						'5'
					ELSE
						ins.deliveryStatus
			    end as deliveryStatus,
		        ins.amount,
		        ins.authorId,
		        ins.salesmanId,
		        ins.companyId,
		        ins.deliverySource,
		        ins.erp_orderStatus,
		        ins.rd1,
		        ins.rd2,
		        ins.rd3,
		        ins.rd4,
		        ins.rd5,
		        ins.rd6,
		        ins.rd7,
		        ins.rd8,
		        ins.rd9,
		        ins.rd10,
		        ins.rd11,
		        ins.rd12,
		        ins.rd13,
		        ins.rd14,
		        ins.rd15,
		        ins.rd16,
		        ins.hrsv1,
				ins.hrsv2,
				ins.hrsv3,
		        co.companyName,dic.dictName
		From scm_instock_tbl as ins
		left join scm_account_tbl as ac on ins.userId=ac.id 
		left join scm_company_tbl as co on ins.companyId=co.companyId
	    left join sys_dictionary_tbl as dic on ins.shippingMethod = dic.dictId     
		 <where> 1=1
			 <if test="userIds != null">
			    and ins.userId IN 
				<foreach item="item" index="index" collection="userIds" open="(" separator="," close=")">
				 	#{item}
				</foreach>
			</if>
			<if test="CONDITION != null">
				and ${CONDITION}
			</if>
		</where>
		) ins
		<where> 1=1
		  <if test="cond != null">
				 ${cond}
			</if>
		</where>
		    order by ins.deliverytime desc 
	</select>
	
	<!-- 获得发货单的产品列表信息 -->
	<select id="getinstockProduct_new" resultType="com.ultimate.common.InstockProductEntity">
		select ins.* from (select   
			ip.id,
			ip.productId,
			ip.productName,
			ip.productSize,
			ip.price,
			ip.count,
			ip.countUnit,
			ip.deliveryId,
			ip.rd1,ip.rd2,ip.rd3,ip.rd4,ip.rd5,ip.rd6,ip.rd7,ip.rd8,ip.rd9,ip.rd10,
			ip.rd11,ip.rd12,ip.rd13,ip.rd14,ip.rd15,ip.rd16,ip.rd17,ip.rd18,ip.rd19,ip.rd20,
			ip.rd21,ip.rd22,ip.rd23,ip.rd24,ip.rd25,ip.rd26,ip.rd27,ip.rd28,ip.rd29,ip.rd30,
			ins.deliveryNo,
			ins.userId,
			 case WHEN (
						SELECT
							count(t.id)
						FROM
							scm_service_lock t
						WHERE
							t.method = 'InstockService.doCreateInstock' and t.id =ins.id 
              and t.lockTime  &gt;= now()-INTERVAL 24 hour
					)>0
					 THEN
						'4'
          WHEN (
						SELECT
							count(t.id)
						FROM
							scm_service_lock t
						WHERE
							t.method = 'InstockService.doCreateInstock' and t.id =ins.id 
              and t.lockTime  &lt;  now()-INTERVAL 24 hour
					)>0
					 THEN
						'5'
					ELSE
						ins.deliveryStatus
			    end as deliveryStatus,
			ins.rd1 AS F1, ins.rd2 AS F2, ins.rd3 AS F3, ins.rd4 AS F4, ins.rd5 AS F5, 
			ins.rd6 AS F6, ins.rd7 AS F7, ins.rd8 AS F8, ins.rd9 AS F9, ins.rd10 AS F10, 
			ins.rd11 AS F11, ins.rd12 AS F12, ins.rd13 AS F13, ins.rd14 AS F14, 
			ins.rd15 AS F15, ins.rd16 AS F16,
			IFNULL(ip.arrangedQty, 0) AS arrangedQty,
			IFNULL(ip.affirmQty, 0) AS affirmQty,
			IFNULL(pp.arrangedCount, 0) AS outQty,
			co.companyName,
			ac.userName,
			date_Format(
				ins.deliverytime,
				'%Y-%m-%d %H:%i:%S '
			) AS deliverytime,
			date_Format(
				ins.createTime,
				'%Y-%m-%d %H:%i:%S '
			) AS createTime,
			dic.dictName,
			ins.amount,
			ins.carNum,
			ins.contactor,
			ins.mobile,
			ins.authorId,
			ins.salesmanId,
			ins.customerId,
	        ins.companyId,
	        ins.deliverySource,
	        ins.note as hnote,
	        ins.shippingMethod,
	        ip.note,
	        ip.wareHouse,
	         case WHEN (
						SELECT
							count(t.id)
						FROM
							scm_service_lock t
						WHERE
							t.method = 'InstockService.doCreateInstock' and t.id =ins.id 
							and t.lockTime  &gt;= now()-INTERVAL 24 hour
					)>0
					 THEN
						'4'
			
          WHEN (
						SELECT
							count(t.id)
						FROM
							scm_service_lock t
						WHERE
							t.method = 'InstockService.doCreateInstock' and t.id =ins.id 
              and t.lockTime  &lt; now()-INTERVAL 24 hour
					)>0
					 THEN
						'5'
					ELSE		
						ip.detailStatus
			    end as detailStatus,
	        ip.productEntry,
	        ip.productType,
	        ip.productAddress,
	        ip.standardLen,
	        ip.weight,
	        ip.weightUnit,
	        ip.commitQty,
	        ip.cost,
        	DATE_FORMAT(
				ip.toDate,
				'%Y-%m-%d'
			) toDate,
	        ip.taxRate,
	        ip.taxAmount,
			ip.orderNo,
			ip.batch,
			ip.erp_detail_orderStatus,
			ins.erp_orderStatus
	    From scm_instock_product_tbl ip
           left join scm_instock_tbl as ins on ip.deliveryId=ins.id
           left join scm_poorder_product_tbl as pp on pp.productId = ip.productId and pp.hashCode = ip.hashCode
           and pp.poorderId= ip.orderId and pp.orderEntry = ip.purOrderEntry
		   left join scm_account_tbl as ac on ins.userId=ac.id 
		   left join scm_company_tbl as co on ins.companyId=co.companyId
		   left join sys_dictionary_tbl as dic on ins.shippingMethod = dic.dictId     
		<where> 1=1
		    <if test="userIds != null">
			    and ins.userId IN 
				<foreach item="item" index="index" collection="userIds" open="(" separator="," close=")">
				 	#{item}
				</foreach>
			</if>
			<if test="deliveryId != null">
				 and ins.id=#{deliveryId}
			</if>
			<if test="CONDITION != null">
				and ${CONDITION}
			</if>
		</where>) ins
		   <where> 1=1
		  <if test="cond != null">
				 ${cond}
			</if>
		</where>
		
			  order by ins.deliverytime desc 
	</select>
	
	

	
	<!-- 根据发货单号id 查询订单号-->
	<select id="getOrderNoBydeliveryId"  resultType="hashmap">
		select ip.orderNo,ip.orderId
		from scm_instock_product_tbl ip
		join scm_instock_tbl ins
		on ins.id=ip.deliveryId 
		where ins.id=#{id}
		group by ip.orderNo
	</select>

	
	<!-- 查询待发货订单的产品数据 -->
	<select id="getOrderProductById" resultType="hashmap">
		SELECT
		    op.id,
			op.productId,
			op.poorderId,
			op.orderNo,
			op.orderEntry,
			op.productName,
			op.productType,
			op.productSize,
			op.productAddress,
			op.batch,
			op.standardLen,
			op.count,
			IFNULL(op.arrangedCount,0) arrangedCount,
			IFNULL((op.count-IFNULL(op.arrangedCount,0)),0) as surplusCount,
			op.weight,
			op.countUnit,
			op.weightUnit,
			op.cost,
			op.price,
			op.realPrice,		
			op.note,
			op.rd1,op.rd2,op.rd3,op.rd4,op.rd5,op.rd6,op.rd7,op.rd8,op.rd9,op.rd10,
			op.rd11,op.rd12,op.rd13,op.rd14,op.rd15,op.rd16,op.rd17,op.rd18,op.rd19,op.rd20,
			op.rd21,op.rd22,op.rd23,op.rd24,op.rd25,op.rd26,op.rd27,op.rd28,op.rd29,op.rd30							
		FROM
			scm_poorder_product_tbl op
		WHERE 1=1
		    <if test="orderId!=null">
		     and op.poorderId=#{orderId}
		    </if>
			<if test="order_product_Id!=null">
			  and op.id IN 
			 <foreach item="item" index="index" collection="order_product_Id" open="(" separator="," close=")">
			 	#{item}
			 </foreach>
			</if>
			<if test="productId!=null">
			  and op.productId IN 
			 <foreach item="item" index="index" collection="productId" open="(" separator="," close=")">
			 	#{item}
			 </foreach>
			</if>
			<if test="orderIds!=null">
			  and op.poorderId IN 
			 <foreach item="item" index="index" collection="orderIds" open="(" separator="," close=")">
			 	#{item}
			 </foreach>
			</if>
	</select>
	
	<!-- 根据发料车id,查询待发货订单的产品数据 -->
	<select id="getProductByCart" resultType="hashmap">
		SELECT
		    dm.id,
			dm.productId,
			dm.entryId,
			dm.poorderId,
		    dm.orderNo,
		    dm.hashCode,
			dm.detailStatus,
			dm.orderEntry,
			dm.productName,
			dm.productType,
			dm.productSize,
			dm.productAddress,
			dm.batch,
			dm.standardLen,
			dm.count,
			IFNULL(op.inwayQty,0) as inwayQty,
			IFNULL(op.commitQty,0) as commitQty,
			IFNULL(op.arrangedCount,0) as arrangedCount,
			IFNULL(op.weight,0) as weight,
			dm.countUnit,
			dm.weightUnit,
			dm.cost,
		    dm.price,
			dm.realPrice,
			dm.toDate,
			dm.taxRate,
            dm.taxAmount,
			dm.note,
			dm.rd1,dm.rd2,dm.rd3,dm.rd4,dm.rd5,dm.rd6,dm.rd7,dm.rd8,dm.rd9,dm.rd10,
			dm.rd11,dm.rd12,dm.rd13,dm.rd14,dm.rd15,dm.rd16,dm.rd17,dm.rd18,dm.rd19,dm.rd20,
			dm.rd21,dm.rd22,dm.rd23,dm.rd24,dm.rd25,dm.rd26,dm.rd27,dm.rd28,dm.rd29,dm.rd30
		FROM  scm_deliverycart_tbl as dm			
         LEFT JOIN scm_poorder_product_tbl op 
         on dm.poorderId = op.poorderId
         <!-- and dm.entryId = op.entryId  -->
         and dm.productId = op.productId
         and dm.orderEntry = op.orderEntry
         where 1=1			
			<if test="hashCode!=null">
			  and dm.hashCode IN 
			 <foreach item="item" index="index" collection="hashCode" open="(" separator="," close=")">
			 	#{item}
			 </foreach>
			</if>
		ORDER BY dm.toDate
	</select>
	
	<!-- 查询输入的发货数量 -->
	<select id="getModify"  resultType="hashmap">
	  select dc.id,dc.arrangedQty,dc.weight
      from scm_deliverycart_tbl dc 
		where 1=1
			<if test="cartId!=null">
			  and dc.id IN 
			 <foreach item="item" index="index" collection="cartId" open="(" separator="," close=")">
			 	#{item}
			 </foreach> 
			</if>
	</select>
	
	<!--查询发货方式  -->
	<select id="getdictId"  resultType="String">
		select dictId from sys_dictionary_tbl where dictName = #{shippingMethod} 
		<if test="typeCode!=null">
		AND typeCode = #{typeCode}
		</if>
		limit 0,1
	</select>
	<!-- 查询分公司名称 -->
	<select id="getCompanyId"  resultType="String">
		select companyId from scm_company_tbl where companyName = #{companyName} limit 0,1
	</select>
	
	<!--生成发货单信息 -->
	<insert id="insertDeliveryInfo">
		<selectKey resultType="java.lang.Integer" order="AFTER" keyProperty="id" >
			select LAST_INSERT_ID() as id
		</selectKey>
	insert into scm_instock_tbl(deliveryNo,
								orderId,
								deliveryTime,
								createTime,
								shippingMethod,
								deliveryStatus,
								amount,
								carNum,
								contactor,
								mobile,
								authorId,
								salesmanId,
								userId,
								customerId,
								companyId,
								lastUpdateTime,
								deliverySource,
							    note,
							    erp_orderStatus,
							    modifierId,
								rd1,rd2,rd3,rd4,rd5,rd6,rd7,rd8,rd9,rd10,rd11,rd12,rd13,rd14,rd15,rd16)
						  value(#{deliveryId},
								#{orderId},
								#{deliveryTime},
								now(),
								#{shippingMethod},
								#{deliveryStatus},
								#{amount},
								#{carNum},
								#{contactor},
								#{mobile},
								#{authorId},
								#{salesmanId},
								#{userId},
								#{customerId},
								#{companyId},
								now(),
								#{deliverySource},								
								#{note},
								#{erp_orderStatus},
								#{modifierId},
								#{rd1},#{rd2},#{rd3},#{rd4},#{rd5},
								#{rd6},#{rd7},#{rd8},#{rd9},#{rd10},
								#{rd11},#{rd12},#{rd13},#{rd14},#{rd15},#{rd16})	 
								</insert>
	
	<!-- 生成发货单产品数据 -->
	<insert id="insertDeliveryProdInfo" >	
	   insert into scm_instock_product_tbl(productId,
											deliveryId,
											hashCode,
											entryId,
											orderId,
											orderNo,
											purOrderEntry,
											productEntry,											
											productName,
										  	productType,
										  	productSize,
										  	productAddress,
										  	batch,
										  	standardLen,
										  	count,
										  	weight,
										  	countUnit,
										  	weightUnit,
										  	arrangedQty,
										  	commitQty,
										  	cost,
										  	price,
										  	note,
										  	toDate,
										  	taxRate,
										  	taxAmount,		
										  	wareHouse,
										  	detailStatus,
										  	erp_detail_orderStatus,						
										  	rd1,
										  	rd2,
										  	rd3,
										  	rd4,
										  	rd5,
										  	rd6,
										  	rd7,
										  	rd8,
										  	rd9,
										  	rd10,
										  	rd11,
										  	rd12,
										  	rd13,
										  	rd14,
										  	rd15,
										  	rd16,
										  	rd17,
										  	rd18,
										  	rd19,
										  	rd20,
										  	rd21,
										  	rd22,
										  	rd23,
										  	rd24,
										  	rd25,
										  	rd26,
										  	rd27,
										  	rd28,
										  	rd29,
										  	rd30)
								       values(#{productId},
											  #{deliveryId},
											  #{hashCode},
											  #{entryId},
											  #{poorderId},
											  #{orderNo},
											  #{orderEntry},
											  #{productEntry},
											  #{productName},
											  #{productType},
											  #{productSize},
											  #{productAddress},
											  #{batch},
											  #{standardLen},
											  #{count},
											  #{weight},
											  #{countUnit},
											  #{weightUnit},
											  #{arrangedQty},
											  #{commitQty},
											  #{cost},
											  #{price},
											  #{note},
											  #{toDate},
								           	  #{taxRate},
								           	  #{taxAmount},
								           	  #{wareHouse},
								           	  #{detailStatus},
								           	  #{erp_detail_orderStatus},
											  #{rd1},
											  #{rd2},
											  #{rd3},
											  #{rd4},
											  #{rd5},
											  #{rd6},
											  #{rd7},
											  #{rd8},
											  #{rd9},
											  #{rd10},
											  #{rd11},
											  #{rd12},
											  #{rd13},
											  #{rd14},
											  #{rd15},
											  #{rd16},
											  #{rd17},
											  #{rd18},
											  #{rd19},
											  #{rd20},
											  #{rd21},
											  #{rd22},
									          #{rd23},
									          #{rd24},
									          #{rd25},
									          #{rd26},
									          #{rd27},
									          #{rd28},
									          #{rd29},
									          #{rd30}										               
			 			     )
	   </insert>
	<!-- 批量生成发货单产品数据 -->
	<insert id="batchInsertDeliveryProdInfo" parameterType="list">
		<foreach collection="list" item="product" separator=";">
	   INSERT INTO scm_instock_product_tbl (
			deliveryId
			,hashCode
			,orderId
			,orderNo
			,purOrderEntry
			<if test="product.productId != null and product.productId != ''">,productId</if>
			<if test="product.entryId != null and product.entryId != ''">,entryId</if>
			<if test="product.productEntry != null and product.productEntry != ''">,productEntry</if>
			<if test="product.productName != null and product.productName != ''">,productName</if>
			<if test="product.productType != null and product.productType != ''">,productType</if>
			<if test="product.productSize != null and product.productSize != ''">,productSize</if>
			<if test="product.productAddress != null and product.productAddress != ''">,productAddress</if>
			<if test="product.batch != null and product.batch != ''">,batch</if>
			<if test="product.standardLen != null and product.standardLen != ''">,standardLen</if>
			,count
			<if test="product.weight != null">,weight</if>
			<if test="product.countUnit != null and product.countUnit != ''">,countUnit</if>
			<if test="product.weightUnit != null and product.weightUnit != ''">,weightUnit</if>
			<if test="product.arrangedQty != null">,arrangedQty</if>
			<if test="product.commitQty != null">,commitQty</if>
			<if test="product.cost != null">,cost</if>
			<if test="product.price != null">,price</if>
			<if test="product.note != null and product.note != ''">,note</if>
			<if test="product.toDate != null and product.toDate != ''">,toDate</if>
			<if test="product.taxRate != null">,taxRate</if>
			<if test="product.taxAmount != null">,taxAmount</if>
			<if test="product.wareHouse != null and product.wareHouse != ''">,wareHouse</if>
			<if test="product.detailStatus != null and product.detailStatus != ''">,detailStatus</if>
			<if test="product.erp_detail_orderStatus != null and product.erp_detail_orderStatus != ''">,erp_detail_orderStatus</if>
			<if test="product.rd1 != null and product.rd1 != ''">,rd1</if>
			<if test="product.rd2 != null and product.rd2 != ''">,rd2</if>
			<if test="product.rd3 != null and product.rd3 != ''">,rd3</if>
			<if test="product.rd4 != null and product.rd4 != ''">,rd4</if>
			<if test="product.rd5 != null and product.rd5 != ''">,rd5</if>
			<if test="product.rd6 != null and product.rd6 != ''">,rd6</if>
			<if test="product.rd7 != null and product.rd7 != ''">,rd7</if>
			<if test="product.rd8 != null and product.rd8 != ''">,rd8</if>
			<if test="product.rd9 != null and product.rd9 != ''">,rd9</if>
			<if test="product.rd10 != null and product.rd10 != ''">,rd10</if>
			<if test="product.rd11 != null and product.rd11 != ''">,rd11</if>
			<if test="product.rd12 != null and product.rd12 != ''">,rd12</if>
			<if test="product.rd13 != null and product.rd13 != ''">,rd13</if>
			<if test="product.rd14 != null and product.rd14 != ''">,rd14</if>
			<if test="product.rd15 != null and product.rd15 != ''">,rd15</if>
			<if test="product.rd16 != null and product.rd16 != ''">,rd16</if>
			<if test="product.rd17 != null and product.rd17 != ''">,rd17</if>
			<if test="product.rd18 != null and product.rd18 != ''">,rd18</if>
			<if test="product.rd19 != null and product.rd19 != ''">,rd19</if>
			<if test="product.rd20 != null and product.rd20 != ''">,rd20</if>
			<if test="product.rd21 != null and product.rd21 != ''">,rd21</if>
			<if test="product.rd22 != null and product.rd22 != ''">,rd22</if>
			<if test="product.rd23 != null and product.rd23 != ''">,rd23</if>
			<if test="product.rd24 != null and product.rd24 != ''">,rd24</if>
			<if test="product.rd25 != null and product.rd25 != ''">,rd25</if>
			<if test="product.rd26 != null and product.rd26 != ''">,rd26</if>
			<if test="product.rd27 != null and product.rd27 != ''">,rd27</if>
			<if test="product.rd28 != null and product.rd28 != ''">,rd28</if>
			<if test="product.rd29 != null and product.rd29 != ''">,rd29</if>
			<if test="product.rd30 != null and product.rd30 != ''">,rd30</if>
		)
		VALUES
			(
				#{product.deliveryId}
				,#{product.hashCode}
				,#{product.orderId}
				,#{product.orderNo}
				,#{product.purOrderEntry}
				<if test="product.productId != null and product.productId != ''">,#{product.productId}</if>
				<if test="product.entryId != null and product.entryId != ''">,#{product.entryId}</if>
				<if test="product.productEntry != null and product.productEntry != ''">,#{product.productEntry}</if>
				<if test="product.productName != null and product.productName != ''">,#{product.productName}</if>
				<if test="product.productType != null and product.productType != ''">,#{product.productType}</if>
				<if test="product.productSize != null and product.productSize != ''">,#{product.productSize}</if>
				<if test="product.productAddress != null and product.productAddress != ''">,#{product.productAddress}</if>
				<if test="product.batch != null and product.batch != ''">,#{product.batch}</if>
				<if test="product.standardLen != null and product.standardLen != ''">,#{product.standardLen}</if>
				,#{product.count}
				<if test="product.weight != null">,#{product.weight}</if>
				<if test="product.countUnit != null and product.countUnit != ''">,#{product.countUnit}</if>
				<if test="product.weightUnit != null and product.weightUnit != ''">,#{product.weightUnit}</if>
				<if test="product.arrangedQty != null">,#{product.arrangedQty}</if>
				<if test="product.commitQty != null">,#{product.commitQty}</if>
				<if test="product.cost != null">,#{product.cost}</if>
				<if test="product.price != null">,#{product.price}</if>
				<if test="product.note != null and product.note != ''">,#{product.note}</if>
				<if test="product.toDate != null and product.toDate != ''">,#{product.toDate}</if>
				<if test="product.taxRate != null">,#{product.taxRate}</if>
				<if test="product.taxAmount != null">,#{product.taxAmount}</if>
				<if test="product.wareHouse != null and product.wareHouse != ''">,#{product.wareHouse}</if>
				<if test="product.detailStatus != null and product.detailStatus != ''">,#{product.detailStatus}</if>
				<if test="product.erp_detail_orderStatus != null and product.erp_detail_orderStatus != ''">,#{product.erp_detail_orderStatus}</if>
				<if test="product.rd1 != null and product.rd1 != ''">,#{product.rd1}</if>
				<if test="product.rd2 != null and product.rd2 != ''">,#{product.rd2}</if>
				<if test="product.rd3 != null and product.rd3 != ''">,#{product.rd3}</if>
				<if test="product.rd4 != null and product.rd4 != ''">,#{product.rd4}</if>
				<if test="product.rd5 != null and product.rd5 != ''">,#{product.rd5}</if>
				<if test="product.rd6 != null and product.rd6 != ''">,#{product.rd6}</if>
				<if test="product.rd7 != null and product.rd7 != ''">,#{product.rd7}</if>
				<if test="product.rd8 != null and product.rd8 != ''">,#{product.rd8}</if>
				<if test="product.rd9 != null and product.rd9 != ''">,#{product.rd9}</if>
				<if test="product.rd10 != null and product.rd10 != ''">,#{product.rd10}</if>
				<if test="product.rd11 != null and product.rd11 != ''">,#{product.rd11}</if>
				<if test="product.rd12 != null and product.rd12 != ''">,#{product.rd12}</if>
				<if test="product.rd13 != null and product.rd13 != ''">,#{product.rd13}</if>
				<if test="product.rd14 != null and product.rd14 != ''">,#{product.rd14}</if>
				<if test="product.rd15 != null and product.rd15 != ''">,#{product.rd15}</if>
				<if test="product.rd16 != null and product.rd16 != ''">,#{product.rd16}</if>
				<if test="product.rd17 != null and product.rd17 != ''">,#{product.rd17}</if>
				<if test="product.rd18 != null and product.rd18 != ''">,#{product.rd18}</if>
				<if test="product.rd19 != null and product.rd19 != ''">,#{product.rd19}</if>
				<if test="product.rd20 != null and product.rd20 != ''">,#{product.rd20}</if>
				<if test="product.rd21 != null and product.rd21 != ''">,#{product.rd21}</if>
				<if test="product.rd22 != null and product.rd22 != ''">,#{product.rd22}</if>
				<if test="product.rd23 != null and product.rd23 != ''">,#{product.rd23}</if>
				<if test="product.rd24 != null and product.rd24 != ''">,#{product.rd24}</if>
				<if test="product.rd25 != null and product.rd25 != ''">,#{product.rd25}</if>
				<if test="product.rd26 != null and product.rd26 != ''">,#{product.rd26}</if>
				<if test="product.rd27 != null and product.rd27 != ''">,#{product.rd27}</if>
				<if test="product.rd28 != null and product.rd28 != ''">,#{product.rd28}</if>
				<if test="product.rd29 != null and product.rd29 != ''">,#{product.rd29}</if>
				<if test="product.rd30 != null and product.rd30 != ''">,#{product.rd30}</if>
			)
			</foreach>
	   </insert>
	<!-- 更新订单产品表的arrangedCount -->
	<update id="updateOrderProductInfo">
		UPDATE scm_poorder_product_tbl
	    <!--SET arrangedCount=( case ISNULL(arrangedCount) when true then #{arrangedQty} else arrangedCount+#{arrangedQty}  end) -->
	    set arrangedCount = #{arrangedCount}
	    where  poorderId = #{poorderId}
	    and productId=#{productId} and orderEntry=#{purOrderEntry}
	</update>
	
	<!-- 明细，根据hashcode，更新订单产品表的arrangedCount -->
	<update id="updateArrangedCount">
		UPDATE scm_poorder_product_tbl
	    <!-- SET arrangedCount=( case ISNULL(arrangedCount) when true then #{arrangedQty} else arrangedCount+#{arrangedQty}  end),
	        inwayQty=( case ISNULL(inwayQty) when true then #{arrangedQty} else inwayQty+#{arrangedQty}  end)  -->
	    set arrangedCount = arrangedCount + #{arrangedQty},
	    	inwayQty = #{inwayQty}   
	    where  poorderId = #{poorderId}
	    <!-- <if test="entryId != null">
	      and entryId=#{entryId}
	    </if> -->
	    <if test="hashCode != null">
	      and hashCode=#{hashCode}
	    </if>
	     and orderEntry=#{purOrderEntry}
	</update>
	
	<!-- 更新采购订单明细的发货状态 -->
	<update id="updateProductDeliveryStatus">
		UPDATE scm_poorder_product_tbl
	    set deliveryStatus = #{productDeliveryStatus}
	    where  poorderId = #{OrderId}
	      and hashCode=#{hashCode}
	      and orderEntry=#{purOrderEntry}
	</update>
	
	<!-- 更新采购订单明细的发货状态 -->
	<update id="updateOrderDetailDeliveryStatus" parameterType="hashmap">
		UPDATE scm_poorder_product_tbl
		SET deliveryStatus = #{deliveryStatus}
		, arrangedCount = #{arrangedCount}
		WHERE
			orderNo = #{orderNo}
		AND orderEntry = #{orderEntry}
		AND hashCode = #{hashCode}
	</update>
	
	<!-- 批量更新采购订单明细的发货状态 -->
	<update id="batchUpdateOrderDetailDeliveryStatus" parameterType="list">
		<foreach collection="list" item="detail" separator=";">
		UPDATE 
			scm_poorder_product_tbl
		SET 
			deliveryStatus = #{detail.deliveryStatus}
			, arrangedCount = #{detail.arrangedCount}
			, inwayQty = #{detail.inwayQty}
		WHERE
			orderNo = #{detail.orderNo}
		AND
			orderEntry = #{detail.orderEntry}
		AND
			hashCode = #{detail.hashCode}
		</foreach>
	</update>
	
	<!-- 通过采购物料明细的发货状态来确定采购订单的发货状态。 -->
	<!-- 当明细中有一条数据的发货状态小于2，即未发货或者部分发货，则采购订单为部分发货 -->
	<select id="getPoorderDeliveryStatus"  resultType="hashmap">
		SELECT
			if(count(1)=0,'2','1') as poorderDeliveryStatus
		FROM
			scm_poorder_product_tbl
		LEFT JOIN scm_poorder_tbl ON scm_poorder_product_tbl.poorderId = scm_poorder_tbl.id
		WHERE
			scm_poorder_product_tbl.poorderId =  #{OrderId}
		AND scm_poorder_product_tbl.deliveryStatus <![CDATA[<]]> 2
	</select>
	
	<!-- 通过订单id查询对应的未完成发货的订单明细 -->
	<select id="getUndoneOrderIdsByOrderIds" resultType="string" parameterType="list">
		SELECT
			scm_poorder_tbl.id AS poorderId
		FROM
			scm_poorder_product_tbl
		LEFT JOIN scm_poorder_tbl 
		ON scm_poorder_product_tbl.poorderId = scm_poorder_tbl.id
		WHERE
			scm_poorder_tbl.id IN 
			<foreach collection="array" item="id" open="(" close=")" separator=",">
				#{id}
			</foreach>
		AND scm_poorder_product_tbl.deliveryStatus <![CDATA[<]]> 2
	</select>
	
	<!-- 生成发货单号 -->
	<select id="getseqDeliveryId"  resultType="hashmap">
		select seq(#{deliveryId},#{deliveryId},#{createDate}) as val
	</select>
	<!--  更新订单状态 -->
	<update id="updateDeliveryStatusTbl">
		update scm_poorder_tbl
		<set>
		 	deliveryStatus = #{deliveryStatus},
		 	lastUpdateTime=sysdate() 
		</set>
		where id =  #{OrderId}
	</update>
	
	<!--  批量更新订单状态 -->
	<update id="batchUpdateDeliveryStatusTbl" parameterType="list">
		<foreach collection="list" item="order" separator=";">
			update scm_poorder_tbl
			<set>
			 	deliveryStatus = #{order.poorderDeliveryStatus},
			 	lastUpdateTime=sysdate() 
			</set>
			where id = #{order.poorderId}
		</foreach>
	</update>
	
	<!-- 查询上次同步成功的时间，cursor位置 -->
	<select id="getInterFaceRecords" resultType="hashmap" >
		select irt.cursor,
		date_format(irt.lastUpdateTime,'%Y-%m-%d %T') as StartTime,
		date_format(now(),'%Y-%m-%d %T')  as EndTime 
		from scm_interface_record_tbl irt
		where interfaceid='S00501'
	</select>
	
	<!-- 查询发货单id -->
	<select id="selectDeliveryId" resultType="String">
	  select id from scm_instock_tbl where deliveryNo = #{deliveryNo} 
	</select>
	
	<!-- 查询发货单id -->
	<select id="selectOrderId" resultType="String">
	  select id from scm_poorder_tbl where orderNo = #{orderNo} 
	</select>
	
	<!-- 更新发货信息 -->
	<update id="synUpdateDelivery" parameterType="hashmap">
		update scm_instock_tbl set 
			lastUpdateTime=sysdate()
			<if test="orderId !=null and orderId !=''">,orderId=#{orderId}</if>
			<if test="deliveryTime !=null and deliveryTime !=''">,deliveryTime=#{deliveryTime}</if>
			<if test="createTime !=null and createTime !=''">,createTime=#{createTime}</if>
			<if test="shippingMethod !=null and shippingMethod !=''">,shippingMethod=#{shippingMethod}</if>
			<if test="deliveryStatus !=null and deliveryStatus !=''">,deliveryStatus=#{deliveryStatus}</if>
			<if test="amount !=null and amount !=''">,amount=#{amount}</if>
			<if test="carNum !=null and carNum !=''">,carNum=#{carNum}</if>
			<if test="contactor !=null and contactor !=''">,contactor=#{contactor}</if>
			<if test="mobile !=null and mobile !=''">,mobile=#{mobile}</if>
			<if test="authorId !=null and authorId !=''">,authorId=#{authorId}</if>
			<if test="salesmanId !=null and salesmanId !=''">,salesmanId=#{salesmanId}</if>
			<if test="userId !=null and userId !=''">,userId=#{userId}</if>
			<if test="customerId !=null and customerId !=''">,customerId=#{customerId}</if>
			<if test="companyId !=null and companyId !=''">,companyId=#{companyId}</if>
			<if test="modifierId !=null and modifierId !=''">,modifierId=#{modifierId}</if>
			<if test="deliverySource !=null and deliverySource !=''">,deliverySource=#{deliverySource}</if>
			<if test="note !=null and note !=''">,note=#{note}</if>
			<if test="rd1 !=null and rd1 !=''">,rd1=#{rd1}</if>
			<if test="rd2 !=null and rd2 !=''">,rd2=#{rd2}</if>
			<if test="rd3 !=null and rd3 !=''">,rd3=#{rd3}</if>
			<if test="rd4 !=null and rd4 !=''">,rd4=#{rd4}</if>
			<if test="rd5 !=null and rd5 !=''">,rd5=#{rd5}</if>
			<if test="rd6 !=null and rd6 !=''">,rd6=#{rd6}</if>
			<if test="rd7 !=null and rd7 !=''">,rd7=#{rd7}</if>
			<if test="rd8 !=null and rd8 !=''">,rd8=#{rd8}</if>
			<if test="rd9 !=null and rd9 !=''">,rd9=#{rd9}</if>
			<if test="rd10 !=null and rd10 !=''">,rd10=#{rd10}</if>
			<if test="rd11 !=null and rd11 !=''">,rd11=#{rd11}</if>
			<if test="rd12 !=null and rd12 !=''">,rd12=#{rd12}</if>
			<if test="rd13 !=null and rd13 !=''">,rd13=#{rd13}</if>
			<if test="rd14 !=null and rd14 !=''">,rd14=#{rd14}</if>
			<if test="rd15 !=null and rd15 !=''">,rd15=#{rd15}</if>
			<if test="rd16 !=null and rd16 !=''">,rd16=#{rd16}</if>
			<if test="hrsv1 !=null">,hrsv1=#{hrsv1}</if>
			<if test="hrsv2 !=null">,hrsv2=#{hrsv2}</if>
			<if test="hrsv3 !=null">,hrsv3=#{hrsv3}</if>
         where id=#{id}
	</update>
	
	<!-- 同步发货单主表 -->
	<insert id="synDelivery">
		<selectKey resultType="java.lang.Integer" order="AFTER" keyProperty="id" >
			select LAST_INSERT_ID() as id
		</selectKey>
		insert into scm_instock_tbl(
			deliveryNo,
			lastUpdateTime
			<if test="orderId !=null and orderId !=''">,orderId</if>
			<if test="deliveryTime !=null and deliveryTime !=''">,deliveryTime</if>
			<if test="createTime !=null and createTime !=''">,createTime</if>
			<if test="shippingMethod !=null and shippingMethod !=''">,shippingMethod</if>
			<if test="deliveryStatus !=null and deliveryStatus !=''">,deliveryStatus</if>
			<if test="amount !=null and amount !=''">,amount</if>
			<if test="carNum !=null and carNum !=''">,carNum</if>
			<if test="contactor !=null and contactor !=''">,contactor</if>
			<if test="mobile !=null and mobile !=''">,mobile</if>
			<if test="authorId !=null and authorId !=''">,authorId</if>
			<if test="salesmanId !=null and salesmanId !=''">,salesmanId</if>
			<if test="userId !=null and userId !=''">,userId</if>
			<if test="customerId !=null and customerId !=''">,customerId</if>
			<if test="companyId !=null and companyId !=''">,companyId</if>
			<if test="modifierId !=null and modifierId !=''">,modifierId</if>
			<if test="deliverySource !=null and deliverySource !=''">,deliverySource</if>
			<if test="note !=null and note !=''">,note</if>
			<if test="rd1 !=null and rd1 !=''">,rd1</if>
			<if test="rd2 !=null and rd2 !=''">,rd2</if>
			<if test="rd3 !=null and rd3 !=''">,rd3</if>
			<if test="rd4 !=null and rd4 !=''">,rd4</if>
			<if test="rd5 !=null and rd5 !=''">,rd5</if>
			<if test="rd6 !=null and rd6 !=''">,rd6</if>
			<if test="rd7 !=null and rd7 !=''">,rd7</if>
			<if test="rd8 !=null and rd8 !=''">,rd8</if>
			<if test="rd9 !=null and rd9 !=''">,rd9</if>
			<if test="rd10 !=null and rd10 !=''">,rd10</if>
			<if test="rd11 !=null and rd11 !=''">,rd11</if>
			<if test="rd12 !=null and rd12 !=''">,rd12</if>
			<if test="rd13 !=null and rd13 !=''">,rd13</if>
			<if test="rd14 !=null and rd14 !=''">,rd14</if>
			<if test="rd15 !=null and rd15 !=''">,rd15</if>
			<if test="rd16 !=null and rd16 !=''">,rd16</if>
			<if test="hrsv1 !=null">,hrsv1</if>
			<if test="hrsv2 !=null">,hrsv2</if>
			<if test="hrsv3 !=null">,hrsv3</if>
									
			)
		values ( 
			#{deliveryNo},
			sysdate()
			<if test="orderId !=null and orderId !=''">,#{orderId}</if>
			<if test="deliveryTime !=null and deliveryTime !=''">,#{deliveryTime}</if>
			<if test="createTime !=null and createTime !=''">,#{createTime}</if>
			<if test="shippingMethod !=null and shippingMethod !=''">,#{shippingMethod}</if>
			<if test="deliveryStatus !=null and deliveryStatus !=''">,#{deliveryStatus}</if>
			<if test="amount !=null and amount !=''">,#{amount}</if>
			<if test="carNum !=null and carNum !=''">,#{carNum}</if>
			<if test="contactor !=null and contactor !=''">,#{contactor}</if>
			<if test="mobile !=null and mobile !=''">,#{mobile}</if>
			<if test="authorId !=null and authorId !=''">,#{authorId}</if>
			<if test="salesmanId !=null and salesmanId !=''">,#{salesmanId}</if>
			<if test="userId !=null and userId !=''">,#{userId}</if>
			<if test="customerId !=null and customerId !=''">,#{customerId}</if>
			<if test="companyId !=null and companyId !=''">,#{companyId}</if>
			<if test="modifierId !=null and modifierId !=''">,#{modifierId}</if>
			<if test="lastUpdateTime !=null and lastUpdateTime !=''">,#{lastUpdateTime}</if>
			<if test="deliverySource !=null and deliverySource !=''">,#{deliverySource}</if>
			<if test="note !=null and note !=''">,#{note}</if>
			<if test="rd1 !=null and rd1 !=''">,#{rd1}</if>
			<if test="rd2 !=null and rd2 !=''">,#{rd2}</if>
			<if test="rd3 !=null and rd3 !=''">,#{rd3}</if>
			<if test="rd4 !=null and rd4 !=''">,#{rd4}</if>
			<if test="rd5 !=null and rd5 !=''">,#{rd5}</if>
			<if test="rd6 !=null and rd6 !=''">,#{rd6}</if>
			<if test="rd7 !=null and rd7 !=''">,#{rd7}</if>
			<if test="rd8 !=null and rd8 !=''">,#{rd8}</if>
			<if test="rd9 !=null and rd9 !=''">,#{rd9}</if>
			<if test="rd10 !=null and rd10 !=''">,#{rd10}</if>
			<if test="rd11 !=null and rd11 !=''">,#{rd11}</if>
			<if test="rd12 !=null and rd12 !=''">,#{rd12}</if>
			<if test="rd13 !=null and rd13 !=''">,#{rd13}</if>
			<if test="rd14 !=null and rd14 !=''">,#{rd14}</if>
			<if test="rd15 !=null and rd15 !=''">,#{rd15}</if>
			<if test="rd16 !=null and rd16 !=''">,#{rd16}</if>
			<if test="hrsv1 !=null">,#{hrsv1}</if>
			<if test="hrsv2 !=null">,#{hrsv2}</if>
			<if test="hrsv3 !=null">,#{hrsv3}</if>
			)
	</insert>

	<!-- 同步发货单与产品表关系 -->
	<insert id="synProduct">
		insert into scm_instock_product_tbl(
			productId
			<if test="hashCode !=null and hashCode !=''">,hashCode</if>
			<if test="wareHouse !=null and wareHouse !=''">,wareHouse</if>
			<if test="entryId !=null and entryId !=''">,entryId</if>
			<if test="deliveryId !=null and deliveryId !=''">,deliveryId</if>
			<if test="detailStatus !=null and detailStatus !=''">,detailStatus</if>
			<if test="orderId !=null and orderId !=''">,orderId</if>
			<if test="orderNo !=null and orderNo !=''">,orderNo</if>
			<if test="otherNo !=null and otherNo !=''">,otherNo</if>
			<if test="purOrderEntry !=null and purOrderEntry !=''">,purOrderEntry</if>
			<if test="productEntry !=null and productEntry !=''">,productEntry</if>
			<if test="productName !=null and productName !=''">,productName</if>
			<if test="productType !=null and productType !=''">,productType</if>
			<if test="productSize !=null and productSize !=''">,productSize</if>
			<if test="productAddress !=null and productAddress !=''">,productAddress</if>
			<if test="batch !=null and batch !=''">,batch</if>
			<if test="standardLen !=null and standardLen !=''">,standardLen</if>
			<if test="count !=null and count !=''">,count</if>
			<if test="weight !=null and weight !=''">,weight</if>
			<if test="countUnit !=null and countUnit !=''">,countUnit</if>
			<if test="weightUnit !=null and weightUnit !=''">,weightUnit</if>
			<if test="arrangedQty !=null and arrangedQty !=''">,arrangedQty</if>
			<if test="affirmQty !=null and affirmQty !=''">,affirmQty</if>
			<if test="commitQty !=null and commitQty !=''">,commitQty</if>
			<if test="cost !=null and cost !=''">,cost</if>
			<if test="price !=null and price !=''">,price</if>
			<if test="note !=null and note !=''">,note</if>
			<if test="toDate !=null and toDate !=''">,toDate</if>
			<if test="taxRate !=null and taxRate !=''">,taxRate</if>
			<if test="taxAmount !=null and taxAmount !=''">,taxAmount</if>
			<if test="rd1 !=null and rd1 !=''">,rd1</if>
			<if test="rd2 !=null and rd2 !=''">,rd2</if>
			<if test="rd3 !=null and rd3 !=''">,rd3</if>
			<if test="rd4 !=null and rd4 !=''">,rd4</if>
			<if test="rd5 !=null and rd5 !=''">,rd5</if>
			<if test="rd6 !=null and rd6 !=''">,rd6</if>
			<if test="rd7 !=null and rd7 !=''">,rd7</if>
			<if test="rd8 !=null and rd8 !=''">,rd8</if>
			<if test="rd9 !=null and rd9 !=''">,rd9</if>
			<if test="rd10 !=null and rd10 !=''">,rd10</if>
			<if test="rd11 !=null and rd11 !=''">,rd11</if>
			<if test="rd12 !=null and rd12 !=''">,rd12</if>
			<if test="rd13 !=null and rd13 !=''">,rd13</if>
			<if test="rd14 !=null and rd14 !=''">,rd14</if>
			<if test="rd15 !=null and rd15 !=''">,rd15</if>
			<if test="rd16 !=null and rd16 !=''">,rd16</if>
			<if test="rd17 !=null and rd17 !=''">,rd17</if>
			<if test="rd18 !=null and rd18 !=''">,rd18</if>
			<if test="rd19 !=null and rd19 !=''">,rd19</if>
			<if test="rd20 !=null and rd20 !=''">,rd20</if>
			<if test="rd21 !=null and rd21 !=''">,rd21</if>
			<if test="rd22 !=null and rd22 !=''">,rd22</if>
			<if test="rd23 !=null and rd23 !=''">,rd23</if>
			<if test="rd24 !=null and rd24 !=''">,rd24</if>
			<if test="rd25 !=null and rd25 !=''">,rd25</if>
			<if test="rd26 !=null and rd26 !=''">,rd26</if>
			<if test="rd27 !=null and rd27 !=''">,rd27</if>
			<if test="rd28 !=null and rd28 !=''">,rd28</if>
			<if test="rd29 !=null and rd29 !=''">,rd29</if>
			<if test="rd30 !=null and rd30 !=''">,rd30</if>
			<if test="erp_detail_orderStatus !=null">,erp_detail_orderStatus</if>
			<if test="rsv1 !=null">,rsv1</if>
			<if test="rsv2 !=null">,rsv2</if>
			<if test="rsv3 !=null">,rsv3</if>					
			)
		values (
			#{productId}
			<if test="hashCode !=null and hashCode !=''">,#{hashCode}</if>
			<if test="wareHouse !=null and wareHouse !=''">,#{wareHouse}</if>
			<if test="entryId !=null and entryId !=''">,#{entryId}</if>
			<if test="deliveryId !=null and deliveryId !=''">,#{deliveryId}</if>
			<if test="detailStatus !=null and detailStatus !=''">,#{detailStatus}</if>
			<if test="orderId !=null and orderId !=''">,#{orderId}</if>
			<if test="orderNo !=null and orderNo !=''">,#{orderNo}</if>
			<if test="otherNo !=null and otherNo !=''">,#{otherNo}</if>
			<if test="purOrderEntry !=null and purOrderEntry !=''">,#{purOrderEntry}</if>
			<if test="productEntry !=null and productEntry !=''">,#{productEntry}</if>
			<if test="productName !=null and productName !=''">,#{productName}</if>
			<if test="productType !=null and productType !=''">,#{productType}</if>
			<if test="productSize !=null and productSize !=''">,#{productSize}</if>
			<if test="productAddress !=null and productAddress !=''">,#{productAddress}</if>
			<if test="batch !=null and batch !=''">,#{batch}</if>
			<if test="standardLen !=null and standardLen !=''">,#{standardLen}</if>
			<if test="count !=null and count !=''">,#{count}</if>
			<if test="weight !=null and weight !=''">,#{weight}</if>
			<if test="countUnit !=null and countUnit !=''">,#{countUnit}</if>
			<if test="weightUnit !=null and weightUnit !=''">,#{weightUnit}</if>
			<if test="arrangedQty !=null and arrangedQty !=''">,#{arrangedQty}</if>
			<if test="affirmQty !=null and affirmQty !=''">,#{affirmQty}</if>
			<if test="commitQty !=null and commitQty !=''">,#{commitQty}</if>
			<if test="cost !=null and cost !=''">,#{cost}</if>
			<if test="price !=null and price !=''">,#{price}</if>
			<if test="note !=null and note !=''">,#{note}</if>
			<if test="toDate !=null and toDate !=''">,#{toDate}</if>
			<if test="taxRate !=null and taxRate !=''">,#{taxRate}</if>
			<if test="taxAmount !=null and taxAmount !=''">,#{taxAmount}</if>
			<if test="rd1 !=null and rd1 !=''">,#{rd1}</if>
			<if test="rd2 !=null and rd2 !=''">,#{rd2}</if>
			<if test="rd3 !=null and rd3 !=''">,#{rd3}</if>
			<if test="rd4 !=null and rd4 !=''">,#{rd4}</if>
			<if test="rd5 !=null and rd5 !=''">,#{rd5}</if>
			<if test="rd6 !=null and rd6 !=''">,#{rd6}</if>
			<if test="rd7 !=null and rd7 !=''">,#{rd7}</if>
			<if test="rd8 !=null and rd8 !=''">,#{rd8}</if>
			<if test="rd9 !=null and rd9 !=''">,#{rd9}</if>
			<if test="rd10 !=null and rd10 !=''">,#{rd10}</if>
			<if test="rd11 !=null and rd11 !=''">,#{rd11}</if>
			<if test="rd12 !=null and rd12 !=''">,#{rd12}</if>
			<if test="rd13 !=null and rd13 !=''">,#{rd13}</if>
			<if test="rd14 !=null and rd14 !=''">,#{rd14}</if>
			<if test="rd15 !=null and rd15 !=''">,#{rd15}</if>
			<if test="rd16 !=null and rd16 !=''">,#{rd16}</if>
			<if test="rd17 !=null and rd17 !=''">,#{rd17}</if>
			<if test="rd18 !=null and rd18 !=''">,#{rd18}</if>
			<if test="rd19 !=null and rd19 !=''">,#{rd19}</if>
			<if test="rd20 !=null and rd20 !=''">,#{rd20}</if>
			<if test="rd21 !=null and rd21 !=''">,#{rd21}</if>
			<if test="rd22 !=null and rd22 !=''">,#{rd22}</if>
			<if test="rd23 !=null and rd23 !=''">,#{rd23}</if>
			<if test="rd24 !=null and rd24 !=''">,#{rd24}</if>
			<if test="rd25 !=null and rd25 !=''">,#{rd25}</if>
			<if test="rd26 !=null and rd26 !=''">,#{rd26}</if>
			<if test="rd27 !=null and rd27 !=''">,#{rd27}</if>
			<if test="rd28 !=null and rd28 !=''">,#{rd28}</if>
			<if test="rd29 !=null and rd29 !=''">,#{rd29}</if>
			<if test="rd30 !=null and rd30 !=''">,#{rd30}</if>
			<if test="erp_detail_orderStatus !=null">,#{erp_detail_orderStatus}</if>
			<if test="rsv1 !=null">,#{rsv1}</if>
			<if test="rsv2 !=null">,#{rsv2}</if>
			<if test="rsv3 !=null">,#{rsv3}</if>
							
			)
	</insert>
	<!-- 删除产品信息 -->
	<delete id="doDelete" >
		DELETE FROM scm_instock_product_tbl WHERE deliveryId = #{id}
   	</delete>  
   	
   	<!-- 根据id查询发货产品表  -->
	<select id="getDeliveryProById" resultType="hashmap">
		SELECT dp.id,dp.productId,dp.deliveryId,dp.orderNo,dp.otherNo,dp.productEntry,dp.productName,
			   dp.productType,dp.productSize,dp.productAddress,dp.batch,dp.standardLen,dp.productAddress,
			   dp.count,dp.weight,dp.countUnit,dp.weightUnit,dp.arrangedQty,dp.affirmQty,
	           dp.commitQty,dp.cost,dp.price,dp.note,dp.toDate,dp.wareHouse,
	           dp.taxAmount,dp.taxRate,dp.rd1,dp.rd2,dp.rd3,dp.rd4,dp.rd5,dp.rd6,dp.rd7,
	           dp.rd8,dp.rd9,dp.rd10,dp.rd11,dp.rd12,dp.rd13,dp.rd14,dp.rd15,dp.rd16,
	           dp.rd17,dp.rd18,dp.rd19,dp.rd20,dp.rd21,dp.rd22,dp.rd23,dp.rd24,dp.rd25,
	           dp.rd26,dp.rd27,dp.rd28,dp.rd29,dp.rd30
			FROM
			   scm_instock_product_tbl dp
			 	where dp.id in 
			 	<foreach item="item" index="index" collection="ids" open="(" separator="," close=")">
			 		#{item}
			    </foreach>
	</select>
	
	<!-- 根据id查询发货表  -->
	<select id="getinstockById" resultType="hashmap">
	   SELECT carNum,contactor,mobile,companyId,createTime
       FROM scm_instock_tbl 
       where id=#{id}
	</select>
	
	
	<!-- 修改发货单 -->
	<update id="doUpdate">
		UPDATE scm_instock_tbl
			<set>
    			<if test="deliveryStatus != null and deliveryStatus != ''">
    			deliveryStatus=#{deliveryStatus}</if>
    		</set>
    	where  id = #{id}
	</update>
	
	<!-- 更新product表中的affirmQty-->
	<update id="updateAffirmQty">
		update scm_instock_product_tbl set
			<if test="affirmQty!=null">affirmQty=#{affirmQty}</if>
		where id=#{id}
	</update>
	
	<!-- 查询待发货订单的产品数据 -->
	<select id="getAllProduct" resultType="hashmap">
		SELECT
		    op.id,
			op.productId,
			op.poorderId,
			op.orderNo,
			op.orderEntry,
			op.productName,
			op.productType,
			op.productSize,
			op.productAddress,
			op.batch,
			op.standardLen,
		    op.count,
            IFNULL( op.inwayQty,0) as inwayQty,
            IFNULL(op.commitQty,0) as commitQty,
			IFNULL(op.weight,0) as weight,
			op.countUnit,
			op.weightUnit,
			op.cost,
			op.price,
			op.realPrice,		
			op.note,
			op.inCart,
		    op.rd1,op.rd2,op.rd3,op.rd4,op.rd5,op.rd6,op.rd7,op.rd8,op.rd9,op.rd10,
			op.rd11,op.rd12,op.rd13,op.rd14,op.rd15,op.rd16,op.rd17,op.rd18,op.rd19,op.rd20,
			op.rd21,op.rd22,op.rd23,op.rd24,op.rd25,op.rd26,op.rd27,op.rd28,op.rd29,op.rd30,
            DATE_FORMAT(ot.createTime,'%Y-%m-%d %T') createTime,
            DATE_FORMAT(op.toDate,'%Y-%m-%d %T') toDate,
            ac.userName,
            co.companyName
		FROM
			scm_poorder_product_tbl op
         LEFT JOIN scm_poorder_tbl as ot on op.poorderId = ot.id
         LEFT JOIN scm_account_tbl as ac on ot.userId=ac.id
         LEFT JOIN scm_company_tbl as co on ot.companyId=co.companyId       
		WHERE    ot.userId=#{userId}
			 and op.detailStatus = 1
			 and ot.orderStatus = "1"
			 and ot.orderType="00"
			 and count > inwayQty+commitQty
		    <if test="productId != null">
				and  op.productId like concat('%',#{productId},'%')
			</if> 
			<if test="productName != null">
				and  op.productName like concat('%',#{productName},'%')
			</if> 
			<if test="toDateBeginTime != null">
				and  date_Format(toDate,'%Y-%m-%d') <![CDATA[>=]]> #{toDateBeginTime}
			</if>	  
			<if test="toDateEndTime != null">
				and  date_Format(toDate,'%Y-%m-%d') <![CDATA[<=]]> #{toDateEndTime}
			</if>
			<if test="supplierName != null">
				and ac.userName like concat('%',#{supplierName},'%')
			</if>	
			<if test="purCompanyName != null">
				and  co.companyName like concat('%',#{purCompanyName},'%')
			</if> 
			<if test="inCart != null">
				and  op.inCart = #{inCart}
			</if> 
		 order by op.toDate 
	</select>
	
	<!-- 导出查询 -->
	<select id="selectExportData" resultType="com.ultimate.common.InstockExportEntity">
		select ins.* from (SELECT   ins.id,
			   ins.deliveryNo,
               ins.orderId,
			   date_format(ins.createTime,'%Y-%m-%d %T') createTime,
			   date_format(ins.deliveryTime,'%Y-%m-%d %T') deliveryTime,
			    case WHEN (
						SELECT
							count(t.id)
						FROM
							scm_service_lock t
						WHERE
							t.method = 'InstockService.doCreateInstock' and t.id =ins.id 
              and t.lockTime  &gt;= now()-INTERVAL 24 hour
					)>0
					 THEN
						'4'
          WHEN (
						SELECT
							count(t.id)
						FROM
							scm_service_lock t
						WHERE
							t.method = 'InstockService.doCreateInstock' and t.id =ins.id 
              and t.lockTime  &lt; now()-INTERVAL 24 hour
					)>0
					 THEN
						'5'
					ELSE
						ins.deliveryStatus
			    end as deliveryStatus,
               ins.shippingMethod,
			   ins.amount,
			   ins.carNum,
			   ins.contactor,
			   ins.mobile,
			   ins.salesmanId,
			   ins.authorId,
			   ins.userId,
			   ins.customerId,
               ins.companyId,
               DATE_FORMAT(ins.lastUpdateTime,'%Y-%m-%d %T') lastUpdateTime,
			   ins.deliverySource,
			   ins.erp_orderStatus,
			   ins.rd1,
			   ins.rd2,
			   ins.rd3,
			   ins.rd4,
			   ins.rd5,
			   ins.rd6,
			   ins.rd7,
			   ins.rd8,
			   ins.rd9,
			   ins.rd10,
			   ins.rd11,
			   ins.rd12,
			   ins.rd13,
			   ins.rd14,
			   ins.rd15,
			   ins.rd16,
			   ins.hrsv1,
			   ins.hrsv2,
			   ins.hrsv3,
			   ins.note,
			   ac.username,
               co.companyName
		FROM scm_instock_tbl as ins 
        LEFT JOIN scm_account_tbl ac on ins.userId=ac.id
        LEFT JOIN scm_company_tbl as co on ins.companyId=co.companyId	          
		 where ins.userId IN
		<foreach item="item" index="index" collection="userIds" open="(" separator="," close=")">
			 	#{item}
		</foreach>
			<if test="CONDITION != null">
				and ${CONDITION}
			</if>) ins
			<where> 1=1
			 <if test="cond != null">
				 ${cond}
			</if>
			</where>
		  order by ins.deliveryTime desc	
	</select>
	
	<!-- 导出查询 -->
	<select id="getProductExportData" resultType="com.ultimate.common.InstockExportEntity">
		select ins.* from (SELECT   ins.id,
			   ins.deliveryNo,
               ins.orderId,
			   date_format(ins.createTime,'%Y-%m-%d %T') createTime,
			   date_format(ins.deliveryTime,'%Y-%m-%d %T') deliveryTime,
			    case WHEN (
						SELECT
							count(t.id)
						FROM
							scm_service_lock t
						WHERE
							t.method = 'InstockService.doCreateInstock' and t.id =ins.id 
              and t.lockTime  &gt;= now()-INTERVAL 24 hour
					)>0
					 THEN
						'4'
          WHEN (
						SELECT
							count(t.id)
						FROM
							scm_service_lock t
						WHERE
							t.method = 'InstockService.doCreateInstock' and t.id =ins.id 
              and t.lockTime  &lt; now()-INTERVAL 24 hour
					)>0
					 THEN
						'5'
					ELSE
						ins.deliveryStatus
			    end as deliveryStatus,
               ins.shippingMethod,
               ins.note as hnote,
			   ins.amount,
			   ins.carNum,
			   ins.contactor,
			   ins.mobile,
			   ins.salesmanId,
			   ins.authorId,
			   ins.userId,
			   ins.customerId,
               ins.companyId,
               DATE_FORMAT(ins.lastUpdateTime,'%Y-%m-%d %T') lastUpdateTime,
			   ins.deliverySource,
			   ins.erp_orderStatus,
			   ins.rd1 as f1,
			   ins.rd2 as f2,
			   ins.rd3 as f3,
			   ins.rd4 as f4,
			   ins.rd5 as f5,
			   ins.rd6 as f6,
			   ins.rd7 as f7,
			   ins.rd8 as f8,
			   ins.rd9 as f9,
			   ins.rd10 as f10,
			   ins.rd11 as f11,
			   ins.rd12 as f12,
			   ins.rd13 as f13,
			   ins.rd14 as f14,
			   ins.rd15 as f15,
			   ins.rd16 as f16,
			   ac.username,
               co.companyName,
			   ip.productId,
			   ip.productEntry,
			   ip.productName,
			   ip.productType,
			   ip.weight,
			   ip.countUnit,
			   ip.weightUnit,
			   ip.cost,
			   ip.orderNo,
			   ip.count,
			   ip.price,
               ip.productSize,
               ip.productAddress,
               ip.batch,
               ip.standardLen,
			   ip.arrangedQty,
			   ip.commitQty,
			   IFNULL(ip.affirmQty,0) affirmQty,
			   DATE_FORMAT(ip.toDate,'%Y-%m-%d') toDate,
			   ip.taxRate,
			   ip.taxAmount,
			   case WHEN (
						SELECT
							count(t.id)
						FROM
							scm_service_lock t
						WHERE
							t.method = 'InstockService.doCreateInstock' and t.id =ins.id 
              and t.lockTime  &gt;= now()-INTERVAL 24 hour
					)>0
					 THEN
						'4'
          WHEN (
						SELECT
							count(t.id)
						FROM
							scm_service_lock t
						WHERE
							t.method = 'InstockService.doCreateInstock' and t.id =ins.id 
              and t.lockTime  &lt; now()-INTERVAL 24 hour
					)>0
					 THEN
						'5'
					ELSE
						 ip.detailStatus
			    end as detailStatus,
			   ip.wareHouse,			   
			   ip.erp_detail_orderStatus,
			   ip.note as Note,
			   ip.rd1,
			   ip.rd2,
			   ip.rd3,
			   ip.rd4,
			   ip.rd5,
			   ip.rd6,
			   ip.rd7,
			   ip.rd8,
			   ip.rd9,
			   ip.rd10,
			   ip.rd11,
			   ip.rd12,
			   ip.rd13,
			   ip.rd14,
			   ip.rd15,			   
			   ip.rd16,
			   ip.rd17,
			   ip.rd18,
			   ip.rd19,
			   ip.rd20,
			   ip.rd21,
			   ip.rd22,
			   ip.rd23,
			   ip.rd24,
			   ip.rd25,
			   ip.rd26,
			   ip.rd27,
			   ip.rd28,
			   ip.rd29,
			   ip.rd30
		FROM scm_instock_product_tbl ip		
		LEFT JOIN scm_instock_tbl as ins  on ins.id = ip.deliveryId 
        LEFT JOIN scm_account_tbl ac on ins.userId=ac.id
        LEFT JOIN scm_company_tbl as co on ins.companyId=co.companyId     
		 where ins.userId IN
		<foreach item="item" index="index" collection="userIds" open="(" separator="," close=")">
			 	#{item}
		</foreach>
			<if test="CONDITION != null">
				and ${CONDITION}
			</if>) ins
			<where> 1=1
			 <if test="cond != null">
				 ${cond}
			</if>
			</where>
		  order by ins.deliveryTime desc	
	</select>
	
	<resultMap id="instockInfo" type="com.icbc.client.Instock">
	  <result column="deliveryId" property="DeliveryId"/>
	  <result column="deliveryTime" property="DeliveryTime"/>
	  <result column="customerId" property="CustomerId"/>
	  <result column="contactor" property="Driver"/>
	  <result column="carNum" property="CarNum"/>
	  <result column="mobile" property="Mobile"/>
	  <result column="companyName" property="CompanyId"/>
	  <result column="dictName" property="ShippingMethod"/>
	  <result column="deliveryStatus" property="DeliveryStatus"/>
	  <result column="rd1" property="Rd1"/>
	  <result column="rd2" property="Rd2"/>
	  <result column="rd3" property="Rd3"/>
	  <result column="rd4" property="Rd4"/>
	  <result column="rd5" property="Rd5"/>
	  <collection property="ProductInfo" ofType="com.icbc.client.InstockProduct">
	    <result column="orderNo" property="OrderNo"/>
	    <result column="productId" property="ProductId"/>
	    <result column="productEntry" property="ProductEntry"/>
	    <result column="productName" property="ProductName"/>
	    <result column="count" property="Count"/>
	    <result column="productSize" property="Specification"/>
	    <result column="batch" property="Batch"/>
	    <result column="arrangedQty" property="ArrangedQty"/>
	    <result column="commitQty" property="commitQty"/>
	    <result column="affirmQty" property="ConfirmedQty"/>
	    <result column="F1" property="F1"/>
	    <result column="F2" property="F2"/>
	    <result column="F3" property="F3"/>
	    <result column="F4" property="F4"/>
	    <result column="F5" property="F5"/>
	    <result column="F6" property="F6"/>
	    <result column="F7" property="F7"/>
	    <result column="F8" property="F8"/>
	    <result column="F9" property="F9"/>
	    <result column="F10" property="F10"/>
	    <result column="F11" property="F11"/>
	    <result column="F12" property="F12"/>
	    <result column="F13" property="F13"/>
	    <result column="F14" property="F14"/>
	    <result column="F15" property="F15"/>
	    <result column="F16" property="F16"/>
	    <result column="F17" property="F17"/>
	    <result column="F18" property="F18"/>
	    <result column="F19" property="F19"/>
	    <result column="F20" property="F20"/>
	    <result column="F21" property="F21"/>
	    <result column="F22" property="F22"/>
	    <result column="F23" property="F23"/>
	    <result column="F24" property="F24"/>
	    <result column="F25" property="F25"/>
	    <result column="F26" property="F26"/>
	    <result column="F27" property="F27"/>
	    <result column="F28" property="F28"/>
	    <result column="F29" property="F29"/>
	    <result column="F30" property="F30"/>
	  </collection>
	</resultMap>
	
	
	<!-- 获取企业单据状态 -->
	<select id="getErpStatus" resultType="String">
		SELECT 
			DISTINCT scm_instock_tbl.erp_orderStatus
		FROM 
			scm_instock_tbl 
		WHERE 1=1
		<if test="userIds != null and userIds !=''">
			and scm_instock_tbl.userId in
			<foreach item="item" index="index" collection="userIds" open="(" separator="," close=")">
				 #{item}
			</foreach>
		</if>
		ORDER BY scm_instock_tbl.createTime desc
	</select>
	
	<!-- 获取企业单据状态 -->
	<select id="getErpDetailStatus" resultType="String">
		SELECT 
			DISTINCT scm_instock_product_tbl.erp_detail_orderStatus
		FROM 
			scm_instock_product_tbl 
		LEFT JOIN scm_instock_tbl on scm_instock_product_tbl.deliveryId=scm_instock_tbl.id	
		WHERE 1=1
		<if test="userIds != null and userIds !=''">
			and scm_instock_tbl.userId in
			<foreach item="item" index="index" collection="userIds" open="(" separator="," close=")">
				 #{item}
			</foreach>
		</if>
	</select>
	
		<!-- 根据勾选的cartId,查询发货信息数据 -->
	<select id="getDeliveryByCartId" resultType="hashmap">
		SELECT
		    dm.id,
			dm.productId,
			dm.entryId,
			dm.poorderId,
		    dm.orderNo,
		    dm.hashCode,
			dm.detailStatus,
			dm.orderEntry,
			dm.productName,
			dm.productType,
			dm.productSize,
			dm.productAddress,
			dm.batch,
			dm.standardLen,
			IFNULL(dm.weight,0) as weight,
			dm.count,
			dm.arrangedQty,
			dm.countUnit,
			dm.weightUnit,
			dm.cost,
		    dm.price,
			dm.realPrice,
			dm.chooseOrder,
			dm.wareHouse,
			DATE_FORMAT(
				dm.toDate,
				'%Y-%m-%d'
			) toDate,
			dm.taxRate,
            dm.taxAmount,
			dm.note,
			dm.rd1,dm.rd2,dm.rd3,dm.rd4,dm.rd5,dm.rd6,dm.rd7,dm.rd8,dm.rd9,dm.rd10,
			dm.rd11,dm.rd12,dm.rd13,dm.rd14,dm.rd15,dm.rd16,dm.rd17,dm.rd18,dm.rd19,dm.rd20,
			dm.rd21,dm.rd22,dm.rd23,dm.rd24,dm.rd25,dm.rd26,dm.rd27,dm.rd28,dm.rd29,dm.rd30
		FROM  scm_deliverycart_tbl as dm			
         where 1=1			
			<if test="cartId!=null">
			  and dm.id IN 
			 <foreach item="item" index="index" collection="cartId" open="(" separator="," close=")">
			 	#{item}
			 </foreach>
			</if>
		ORDER BY dm.toDate
	</select>
	
	<!-- 根据userId查询出需要发货的产品信息 -->
	<select id="getDeliveryByUserId" resultType="hashmap">
		SELECT
			dm.id,
			dm.productId,
			dm.entryId,
			dm.poorderId,
			dm.orderNo,
			dm.hashCode,
			dm.detailStatus,
			dm.orderEntry,
			dm.productName,
			dm.productType,
			dm.productSize,
			dm.productAddress,
			dm.batch,
			dm.standardLen,
			IFNULL(dm.weight,0) as weight,
			dm.count,
			dm.arrangedQty,
			dm.countUnit,
			dm.weightUnit,
			dm.cost,
			dm.price,
			dm.realPrice,
			dm.chooseOrder,
			dm.wareHouse,
			DATE_FORMAT(
				dm.toDate,
				'%Y-%m-%d'
			) toDate,
			dm.taxRate,
			dm.taxAmount,
			dm.note,
			dm.rd1,dm.rd2,dm.rd3,dm.rd4,dm.rd5,dm.rd6,dm.rd7,dm.rd8,dm.rd9,dm.rd10,
			dm.rd11,dm.rd12,dm.rd13,dm.rd14,dm.rd15,dm.rd16,dm.rd17,dm.rd18,dm.rd19,dm.rd20,
			dm.rd21,dm.rd22,dm.rd23,dm.rd24,dm.rd25,dm.rd26,dm.rd27,dm.rd28,dm.rd29,dm.rd30
		FROM  scm_deliverycart_tbl as dm
		where 1=1
		<if test="userId != null">
			and userId=#{userId}
		</if>
		ORDER BY dm.toDate
	</select>
</mapper>

		