<?xml version="1.0" encoding="UTF-8" ?>
<!DOCTYPE mapper PUBLIC "-//mybatis.org//DTD Mapper 3.0//EN" "http://mybatis.org/dtd/mybatis-3-mapper.dtd">

<mapper namespace="union">

	<!-- 统一认证用户信息处理 -->
	<select id="queryUnionUsers" resultType="hashmap">
		select u.id,u.loginName,u.appid,a.name as
		appname,u.userName,u.customId as customerId
		,u.sellerId,u.enable,u.mobilephone,u.rsv1
		from union_user_tbl as u
		left join union_app_tbl as a
		on u.appId = a.id
		where 1=1
		<if test="appname !=null and appname !=''">
			and a.name = #{appname}
		</if>
		<if test="enable != null and enable != ''">
			and u.enable = #{enable}
		</if>
		<if test="loginName != null and loginName != ''">
			and u.loginName=#{loginName}
		</if>
		<if test="customerId != null and customerId != ''">
			and u.customId=#{customerId}
		</if>
		<if test="password != null and password != ''">
			and u.password=#{password}
		</if>
		<if test="unionId != null and unionId != ''">
			and u.id = #{unionId}
		</if>
	</select>

	<!-- 处理应用相关信息 -->
	<select id="selectAppInfo" resultType="hashmap">
		select
		a.id,a.name,a.gatewayAddress,a.token
		from union_app_tbl as a
		where
		a.delFlag = 0
		and a.name = #{appname}
	</select>

	<update id="updateUser" parameterType="com.espresso.commons.UserEntity">
		UPDATE union_user_tbl
		<set>
			<if test="customId != null and customId !=''">customId=#{customId},</if>
			<if test="loginName != null and loginName != ''">loginName=#{loginName},</if>
			<if test="userName != null and userName != ''">userName=#{userName},</if>
			<if test="telephone != null and telephone != ''">telephone=#{telephone},</if>
			<if test="mobilephone != null and mobilephone != ''">mobilephone=#{mobilephone},</if>
			<if test="email != null and email != ''">email=#{email},</if>
			<if test="address != null and address != ''">address=#{address},</if>
			<if test="rsv1 != null and rsv1 != ''">rsv1=#{rsv1},</if>
			<if test="enable != null and enable != '' or enable == 0">enable=#{enable},</if>
			lastUpdateTime=sysdate()
		</set>
		WHERE id=#{unionId} and appId = #{appId}
	</update>

	<!-- 处理密码相关信息 -->
	<update id = "changePassword">
		update union_user_tbl 
		<set>
			password = #{password}
		</set>
		where  enable = 1 and loginName = #{loginName}
		<if test="appname != null and appname !=''">
				 and appId 
		in (select id from union_app_tbl where name = #{appname} and delFlag != '1')
		</if>
	</update>
	
	<select id="getAllRoles" parameterType="hashmap" resultType="com.espresso.commons.RoleEntity">
		SELECT * FROM scm_role_tbl where 
		 isBuildIn=0
		
		<if test="enable!=null and enable!= ''">
			and enable = #{enable}
		</if>
	</select>

</mapper>